density_threshold,distance_threshold,umap_n_components,NMI,embedding
0.3078288816616772,0.25202509416807173,4,0.5783964876525372,BERT
0.37748050454881177,0.31967195089757666,8,0.6351435761993912,BERT
0.8117996298915602,0.031894571755047826,16,0.35355126206133375,BERT
0.5126869393694061,0.11336127117836121,4,0.4226092195184713,BERT
0.08993847282090521,0.4771722196913381,2,0.6618185421184307,BERT
0.18061803448853025,0.29380553583745384,8,0.6253217973370918,BERT
0.859631729753544,0.1282468330716059,8,0.43488449604433177,BERT
0.19743997750126369,0.263961233474247,4,0.5850399434379425,BERT
0.05285646079045485,0.20441039962770363,2,0.6148743990663171,BERT
0.47539075453950047,0.21549146993786894,2,0.6198190610362443,BERT
0.011773197183469197,0.7013850955474135,2,0.6904790735043977,BERT
0.014345381985211226,0.6825532774083761,2,0.6753259719967771,BERT
0.025212513492184396,0.8076126577160266,2,0.689707999404867,BERT
0.03793710934413652,0.903656723604169,2,0.703876729730202,BERT
0.1852902059209519,0.9744793336908335,16,0.7345732906835561,BERT
0.22415060694240926,0.979238609097904,16,0.7345732906835561,BERT
0.22771336949357504,0.9930419562918907,16,0.7345732906835561,BERT
0.32328926691583976,0.9961463529015145,16,0.7345732906835561,BERT
0.15842148951609242,0.8415183045739305,16,0.7161584633736016,BERT
0.443819842467513,0.7009017648094318,16,0.7018922189299657,BERT
0.2585115963647184,0.9091985747858625,16,0.7345732906835561,BERT
0.2333682236996123,0.9854501109898905,16,0.7345732906835561,BERT
0.1570871495484515,0.9556644992833645,16,0.7345732906835561,BERT
0.1292869231665591,0.8361449336883214,16,0.7161584633736016,BERT
0.28166593563807374,0.9899039751867468,16,0.7345732906835561,BERT
0.3652865653517486,0.9004223039099338,16,0.7161584633736016,BERT
0.23361736166957325,0.7712797776718334,16,0.7018922189299657,BERT
0.11293848220235764,0.9054710151555239,16,0.7345732906835561,BERT
0.117925411203574,0.7648251779943402,16,0.7018922189299657,BERT
0.2978303550803795,0.5757918880894336,4,0.669835249587888,BERT
0.22032260455606276,0.8535149667967943,16,0.7161584633736016,BERT
0.33221923328177816,0.9856875580670478,16,0.7345732906835561,BERT
0.3045947029655723,0.9390345713299149,16,0.7345732906835561,BERT
0.4001694021941419,0.9918767924696298,8,0.7343676312328651,BERT
0.3461356134423813,0.8736706483119449,16,0.7161584633736016,BERT
0.5356991149443736,0.9379152305961266,4,0.7162731365295935,BERT
0.19498266938904726,0.9967103637508719,16,0.7345732906835561,BERT
0.2682540228838501,0.9405828787614009,8,0.715773851905764,BERT
0.40298243518867705,0.8676362284364767,16,0.7161584633736016,BERT
0.08102282796331992,0.7817392251652249,4,0.7076517398072624,BERT
0.16718089545946427,0.9372984353479575,8,0.715773851905764,BERT
0.25901414134031553,0.8956062890424409,16,0.7161584633736016,BERT
0.20856730706052914,0.8928944213074465,16,0.7161584633736016,BERT
0.31427464534609395,0.952948464196524,16,0.7345732906835561,BERT
0.25178627028517947,0.8286527210114364,16,0.7226428537738897,BERT
0.08724362115195708,0.9952427921586028,16,0.7345732906835561,BERT
0.19242855313148852,0.3716272109401071,16,0.6583519344593161,BERT
0.1453915909309631,0.9198011974584896,16,0.7345732906835561,BERT
0.2791093731542807,0.867603843962336,4,0.7162731365295935,BERT
0.35532789398849024,0.8011030619077496,16,0.7018922189299657,BERT
0.06142875007103969,0.9573348507875984,2,0.7216357051140819,BERT
0.22807159039385355,0.9939573148304235,16,0.7345732906835561,BERT
0.185048267652011,0.9498195087680733,16,0.7345732906835561,BERT
0.24007314323668277,0.9094427167921941,16,0.7345732906835561,BERT
0.1297784649961503,0.969939362520364,16,0.7345732906835561,BERT
0.30285762078787404,0.9206076062295941,16,0.7345732906835561,BERT
0.15945612029201667,0.8328270030524518,8,0.715773851905764,BERT
0.21838822799561725,0.8760497391576734,16,0.7161584633736016,BERT
0.256139620395941,0.9608096005075765,2,0.7216357051140819,BERT
0.10562165714941174,0.7494571622165933,16,0.7018922189299657,BERT
0.3306399618084215,0.9159129076169531,16,0.7345732906835561,BERT
0.17555256940006625,0.9550481822492198,16,0.7345732906835561,BERT
0.14511142834152768,0.996975400365562,16,0.7345732906835561,BERT
0.27974904709917314,0.9657015664829898,16,0.7345732906835561,BERT
0.22387381145861598,0.8827379751523436,16,0.7161584633736016,BERT
0.1910184853978676,0.8418810041376455,16,0.7161584633736016,BERT
0.059064394619006144,0.9234882332799884,16,0.7345732906835561,BERT
0.13452963886175956,0.971802802469759,4,0.7355079866899495,BERT
0.12597817310266032,0.9725922457786349,4,0.7355079866899495,BERT
0.11257845321462621,0.9997594566169784,4,0.7355079866899495,BERT
0.10815745623502532,0.999065394090335,4,0.7355079866899495,BERT
0.035838320532153245,0.9999075154921424,4,0.7355079866899495,BERT
0.03093650171931582,0.9700177010650064,4,0.7355079866899495,BERT
0.020687544298613005,0.971173987856297,4,0.7355079866899495,BERT
0.012755756298973964,0.9697459526718462,4,0.7355079866899495,BERT
0.025375500675489507,0.9666850558360464,4,0.7355079866899495,BERT
0.012323160757777743,0.9287845338506386,4,0.7162731365295935,BERT
0.04379289196914349,0.8905200300777026,4,0.7162731365295935,BERT
0.07471954220975267,0.9701780171396915,4,0.7355079866899495,BERT
0.0357287410822402,0.9354115951813361,4,0.7162731365295935,BERT
0.10058863094657276,0.8644499722773606,4,0.7162731365295935,BERT
0.010743540602628686,0.9658953912104719,4,0.7355079866899495,BERT
0.043056196600057606,0.977209980001611,4,0.7355079866899495,BERT
0.06292570046252662,0.9304538594555615,4,0.7162731365295935,BERT
0.08758894820074295,0.9018990533133144,4,0.7162731365295935,BERT
0.03389593581931357,0.9743201769548232,4,0.7355079866899495,BERT
0.11525440379536471,0.9964307137712813,4,0.7355079866899495,BERT
0.06571337291400794,0.9431077287736996,4,0.7162731365295935,BERT
0.03050373170558456,0.8893745966673964,4,0.7162731365295935,BERT
0.09199988216928698,0.9624067579157607,4,0.7355079866899495,BERT
0.12096537965614862,0.9992835453825668,4,0.7355079866899495,BERT
0.07755838831456147,0.9755614227231857,4,0.7355079866899495,BERT
0.06417640966829061,0.9489876838279196,4,0.7162731365295935,BERT
0.013040481826351435,0.9173465455721466,4,0.7162731365295935,BERT
0.082555679185181,0.9774400215657886,4,0.7355079866899495,BERT
0.0451210799292402,0.943052568132321,4,0.7162731365295935,BERT
0.13589542522121634,0.8586386457615925,4,0.7162731365295935,BERT
0.10448922865041521,0.9030715116096687,4,0.7162731365295935,BERT
0.05052479284166664,0.9719563981985222,4,0.7355079866899495,BERT
0.02732318276583852,0.9295143079387421,4,0.7162731365295935,BERT
0.07241576905911869,0.953104881040023,4,0.7162731365295935,BERT
0.019077319527761285,0.9713595154229302,4,0.7355079866899495,BERT
0.012835305227904492,0.9979232652663844,4,0.7355079866899495,BERT
0.09996242666392108,0.9596384149913347,4,0.7355079866899495,BERT
0.05007723621501279,0.9112029782221692,4,0.7162731365295935,BERT
0.13355236433196194,0.9804313995900888,4,0.7355079866899495,BERT
0.0780015200161512,0.9402794931282312,4,0.7162731365295935,BERT
0.010108986700828593,0.8774620856928959,4,0.7162731365295935,BERT
0.15695059015335777,0.9761493130091353,4,0.7355079866899495,BERT
0.11635737806896479,0.9999325018492135,8,0.7343676312328651,BERT
0.035514169034928884,0.9523022817574281,2,0.7216357051140819,BERT
0.0465359022205179,0.9791946193675397,4,0.7355079866899495,BERT
0.06592160306716137,0.9242550481962278,4,0.7162731365295935,BERT
0.08733219773034372,0.9663874032043133,4,0.7355079866899495,BERT
0.03600700745160419,0.9000545297433472,4,0.7162731365295935,BERT
0.05651557592899918,0.9362521075536856,4,0.7162731365295935,BERT
0.033346594402873034,0.999967946777236,4,0.7355079866899495,BERT
0.11781619980900415,0.9785231526793295,4,0.7355079866899495,BERT
0.1032707650371673,0.9515033003291372,4,0.7162731365295935,BERT
0.141785491707054,0.9185167580448858,4,0.7162731365295935,BERT
0.06799035308680422,0.9623942326309397,4,0.7355079866899495,BERT
0.03171885017745327,0.9790984215671289,4,0.7355079866899495,BERT
0.010674542794416701,0.9792360736477898,4,0.7355079866899495,BERT
0.04242751201992839,0.9375973223922504,4,0.7162731365295935,BERT
0.08492741761163375,0.8940557514061809,4,0.7162731365295935,BERT
0.055351335770153914,0.9625489381881283,4,0.7355079866899495,BERT
0.027060950101145734,0.9139527426322013,4,0.7162731365295935,BERT
0.09666109551200128,0.9993234994688852,4,0.7355079866899495,BERT
0.16835670982717083,0.9484936105293716,2,0.7216357051140819,BERT
0.07262423945700569,0.8793224864299501,8,0.715773851905764,BERT
0.12527753039761858,0.9774685092939799,4,0.7355079866899495,BERT
0.10712651660614537,0.9830566416462817,4,0.7355079866899495,BERT
0.01013250602949876,0.9993736624503756,4,0.7355079866899495,BERT
0.05049472944051101,0.960030951727348,4,0.7355079866899495,BERT
0.14963648394960377,0.9290027161764608,4,0.7162731365295935,BERT
0.08164463554547718,0.9425804537250029,4,0.7162731365295935,BERT
0.030998796616978193,0.9678096697677168,4,0.7355079866899495,BERT
0.12128139239057598,0.9864123625459571,4,0.7355079866899495,BERT
0.05135869149223335,0.6175892428050753,4,0.6837835697746268,BERT
0.09517781689563837,0.9149668379972272,4,0.7162731365295935,BERT
0.17600780987136264,0.9999996970195668,4,0.7355079866899495,BERT
0.07076515954839133,0.9560504494098997,4,0.7355079866899495,BERT
0.09195906199983181,0.9636085983517185,4,0.7355079866899495,BERT
0.029368756661342074,0.9391245196377894,4,0.7162731365295935,BERT
0.13867766547676655,0.9764241808377209,4,0.7355079866899495,BERT
0.057858313852254414,0.8509254058337816,4,0.7162731365295935,BERT
0.10569972960919732,0.9599937017653054,4,0.7355079866899495,BERT
0.01086118966373506,0.9275530056718025,4,0.7162731365295935,BERT
0.20451179958190333,0.9022083691018772,4,0.7162731365295935,BERT
0.07879019960289743,0.983510405969996,2,0.7216357051140819,BERT
0.04202199067559467,0.9479388157656318,8,0.715773851905764,BERT
0.13525111816716975,0.9968665207569315,4,0.7355079866899495,BERT
0.11278765784754383,0.9987030527232287,4,0.7355079866899495,BERT
0.1573207759624175,0.9703062049410323,4,0.7355079866899495,BERT
0.12286828057656372,0.9819348123936416,4,0.7355079866899495,BERT
0.06349462578489108,0.9494774023818017,4,0.7162731365295935,BERT
0.030576840621961872,0.9286038261150703,4,0.7162731365295935,BERT
0.09035156954729692,0.9642463172804527,4,0.7355079866899495,BERT
0.0459036519980434,0.8167513423713922,4,0.7162731365295935,BERT
0.07445248022862577,0.999756813750746,4,0.7355079866899495,BERT
0.18260247011127753,0.9800711336670881,4,0.7355079866899495,BERT
0.1179914729299268,0.9636604746761722,4,0.7355079866899495,BERT
0.0736047843895944,0.9408943713599276,4,0.7162731365295935,BERT
0.024730635615106387,0.9820697193783999,4,0.7355079866899495,BERT
0.053651588011829496,0.9679508231910199,4,0.7355079866899495,BERT
0.09016321853023655,0.9999066737672887,4,0.7355079866899495,BERT
0.10665753833138275,0.919853896727169,4,0.7162731365295935,BERT
0.15764848821848249,0.7483967338265133,4,0.6919388893796989,BERT
0.04021206928626095,0.4472532918629723,4,0.6534530946067059,BERT
0.011765630653304118,0.9490453813697713,4,0.7162731365295935,BERT
0.06375838271017889,0.9771561045319593,4,0.7355079866899495,BERT
0.08346253112341828,0.9818387559882286,4,0.7355079866899495,BERT
0.13063936858011813,0.9613789382683592,4,0.7355079866899495,BERT
0.09326540205577105,0.9407918543037276,4,0.7162731365295935,BERT
0.04660059659292705,0.980488708116412,4,0.7355079866899495,BERT
0.025571077237881032,0.9063025134247811,4,0.7162731365295935,BERT
0.06413492631481951,0.9599197947097835,4,0.7355079866899495,BERT
0.14353757539638712,0.9342835955195322,2,0.7216357051140819,BERT
0.10557873614480709,0.9992042012982834,4,0.7355079866899495,BERT
0.08067009291123962,0.9738589479208744,8,0.7343676312328651,BERT
0.02999442757506022,0.885305226403488,4,0.7162731365295935,BERT
0.050615337000584085,0.968224363544984,4,0.7355079866899495,BERT
0.010377673823523594,0.9517614784912294,4,0.7162731365295935,BERT
0.055270851218136866,0.978941591840762,4,0.7355079866899495,BERT
0.5148078934880302,0.9224876466683456,4,0.7162731365295935,BERT
0.12401090385349293,0.9994983027038404,4,0.7355079866899495,BERT
0.07901904777731691,0.9525157333108728,4,0.7162731365295935,BERT
0.5945194954839836,0.9782312773330613,4,0.7355079866899495,BERT
0.03513969108058385,0.9339619097837379,4,0.7162731365295935,BERT
0.06663341208061321,0.963424129761879,4,0.7355079866899495,BERT
0.10403301521206805,0.6573628599295072,4,0.6837835697746268,BERT
0.02614572182947833,0.9826220458858647,4,0.7355079866899495,BERT
0.04026271674062058,0.9659105634768437,4,0.7355079866899495,BERT
0.02563621978081384,0.9849920305093298,4,0.7355079866899495,BERT
0.04897728736555085,0.9995028890744073,4,0.7355079866899495,BERT
0.06695108168702305,0.5568553920656981,4,0.669835249587888,BERT
0.014839249986940056,0.9467620449671568,4,0.7162731365295935,BERT
0.08732244203068666,0.9728978219170871,4,0.7355079866899495,BERT
0.010215857475222315,0.16975873736083208,4,0.48600032858534215,BERT
0.116070263223462,0.9165885130329281,4,0.7162731365295935,BERT
0.41083808739710725,0.9756355539051099,2,0.690050389293125,word2vec
0.12605081543138533,0.2607799929018791,8,0.53165386081011,word2vec
0.3545695661093376,0.5490414271303199,4,0.6755443660912425,word2vec
0.3689268336390042,0.4855487230494113,16,0.6512569416039218,word2vec
0.37994723524935525,0.633510533168235,2,0.644277379545006,word2vec
0.026899889581395747,0.7904552128056787,4,0.6779553413880038,word2vec
0.40804052408995595,0.9191193196100922,4,0.6890530244439779,word2vec
0.2413721180269809,0.2412451933247757,4,0.5356380227216825,word2vec
0.1350110429655549,0.2168982618462295,2,0.5852538399206922,word2vec
0.7324275051512201,0.8674380759268258,4,0.6890530244439779,word2vec
0.6375408088557715,0.9983058600041295,2,0.690050389293125,word2vec
0.5978529144044508,0.9995017010906343,2,0.690050389293125,word2vec
0.9569352851776494,0.9908166123519069,2,0.690050389293125,word2vec
0.6774384826164926,0.7788933957235579,2,0.6475745180136799,word2vec
0.5187782112948396,0.7481575066269333,16,0.6805809775304273,word2vec
0.5306808614706123,0.8794534183625651,8,0.6935205603909853,word2vec
0.4963993033294885,0.856070570693118,8,0.6935205603909853,word2vec
0.5181279150876688,0.8186897857647598,8,0.6935205603909853,word2vec
0.7484628157583932,0.6808586422114945,8,0.6792188154207426,word2vec
0.5548874238512554,0.8744765777473418,8,0.6935205603909853,word2vec
0.4703993001510246,0.6734234303981885,8,0.6617881064412666,word2vec
0.5207271538997049,0.8377497660667942,8,0.6935205603909853,word2vec
0.4856053666806476,0.8828020087294003,8,0.6935205603909853,word2vec
0.6059261848697123,0.7553094943085396,8,0.6935205603909853,word2vec
0.302257694584599,0.8989619409391555,8,0.6935205603909853,word2vec
0.5506885152131812,0.8091281354411097,8,0.6935205603909853,word2vec
0.4419209964149927,0.9161759416596147,8,0.6935205603909853,word2vec
0.48273779642947745,0.7129952305728263,16,0.6805809775304273,word2vec
0.3138665592272951,0.8330879455660032,8,0.6935205603909853,word2vec
0.45114820531887306,0.9488184419175387,8,0.6935205603909853,word2vec
0.6792058552831391,0.5982732198053857,8,0.6617881064412666,word2vec
0.5719530811560161,0.8427803917212218,8,0.6935205603909853,word2vec
0.539097737169364,0.9291970151408635,8,0.6935205603909853,word2vec
0.44869682292625074,0.7427868441442284,8,0.6935205603909853,word2vec
0.5612072648641908,0.835965197125599,8,0.6935205603909853,word2vec
0.39752377968668323,0.45693629778998024,16,0.6502331244655937,word2vec
0.514551691244768,0.9518063215372428,8,0.6935205603909853,word2vec
0.411393969779999,0.801799385010284,8,0.6935205603909853,word2vec
0.3452088456158835,0.8893657748551566,8,0.6935205603909853,word2vec
0.6070903882671094,0.7013604317546284,4,0.6779553413880038,word2vec
0.40893471763703554,0.9428581096355255,16,0.7100740258029306,word2vec
0.3913871556495715,0.9454076488787921,16,0.7100740258029306,word2vec
0.3616004540323024,0.964644331343246,16,0.7100740258029306,word2vec
0.26679290535072797,0.9549890275863009,16,0.7100740258029306,word2vec
0.2632876345143271,0.9557798623438806,16,0.7100740258029306,word2vec
0.20897135235645561,0.9666209834081791,16,0.7100740258029306,word2vec
0.24143533072920895,0.9332145706918984,16,0.7100740258029306,word2vec
0.3395793034971119,0.9889713563833442,16,0.7100740258029306,word2vec
0.2850985951163463,0.954733015228532,16,0.7100740258029306,word2vec
0.37893159680422756,0.9295840710162255,16,0.7100740258029306,word2vec
0.16695293616543716,0.9868534634048375,16,0.7100740258029306,word2vec
0.2543481923215429,0.9978580233944081,16,0.7100740258029306,word2vec
0.21567420569382023,0.9582023816954274,16,0.7100740258029306,word2vec
0.20351506635700578,0.9140675142577935,16,0.7100740258029306,word2vec
0.2724751910001829,0.9633752540294006,16,0.7100740258029306,word2vec
0.33700020766806726,0.8997811010258899,16,0.7100740258029306,word2vec
0.3006603431404609,0.8685891988454747,16,0.7100740258029306,word2vec
0.09436865239299502,0.9647591326154727,16,0.7100740258029306,word2vec
0.3714212065359861,0.7948775458342302,16,0.6938322961266367,word2vec
0.2640363590189239,0.8635440064094702,16,0.7100740258029306,word2vec
0.4069210266683858,0.9230333631295755,16,0.7100740258029306,word2vec
0.22575894975359562,0.9250494932867492,16,0.7100740258029306,word2vec
0.24601423980281248,0.9924667502604282,16,0.7100740258029306,word2vec
0.17922424849059884,0.8912481630336568,16,0.7100740258029306,word2vec
0.29815475020764803,0.9496025666306205,4,0.6890530244439779,word2vec
0.3341157510176137,0.8555467433067364,2,0.6774234304121551,word2vec
0.25289948276202406,0.9054187969654439,16,0.7100740258029306,word2vec
0.3204983235361131,0.9659480201807178,16,0.7100740258029306,word2vec
0.2866802023051204,0.9984052356332906,16,0.7100740258029306,word2vec
0.3615853982000044,0.8275028511669673,16,0.7100740258029306,word2vec
0.2232417707968768,0.9327860954939912,2,0.690050389293125,word2vec
0.35386647519339703,0.9633146566098874,16,0.7100740258029306,word2vec
0.315661446709177,0.9786230254328785,16,0.7100740258029306,word2vec
0.3887493218426748,0.9022885247616536,16,0.7100740258029306,word2vec
0.33618037287678804,0.9997288105331944,16,0.7100740258029306,word2vec
0.41753376930766967,0.8823014774112617,16,0.7100740258029306,word2vec
0.2733307878952087,0.9434151017461742,4,0.6890530244439779,word2vec
0.4332597608613096,0.8528758353874815,16,0.7100740258029306,word2vec
0.3654993624037868,0.9376693539939792,16,0.7100740258029306,word2vec
0.3859216324353776,0.9747954420622732,16,0.7100740258029306,word2vec
0.46813909155293654,0.7790450798379989,16,0.6793895667821948,word2vec
0.2892463997304278,0.941340069418722,16,0.7100740258029306,word2vec
0.27515150819839396,0.9091712160241451,16,0.7100740258029306,word2vec
0.23682535530544008,0.9726899167042179,16,0.7100740258029306,word2vec
0.19668472297117318,0.9194928661683374,16,0.7100740258029306,word2vec
0.31610622086138307,0.880422370786304,16,0.7100740258029306,word2vec
0.24071512161785066,0.9504136409108055,2,0.690050389293125,word2vec
0.34785630310688914,0.9744839077226917,16,0.7100740258029306,word2vec
0.15276465933155758,0.8145229119709061,16,0.7100740258029306,word2vec
0.1971540366782766,0.8703245027565932,4,0.6890530244439779,word2vec
0.2873448871646217,0.9020870410561143,16,0.7100740258029306,word2vec
0.3791314919954828,0.9333790777138276,16,0.7100740258029306,word2vec
0.42471575642256293,0.928200555053758,16,0.7100740258029306,word2vec
0.3228131364663658,0.9796994930851348,16,0.7100740258029306,word2vec
0.2585901582392153,0.953073048135677,16,0.7100740258029306,word2vec
0.39949455842969883,0.8442259201262661,16,0.7100740258029306,word2vec
0.3632798217360338,0.998153112805661,16,0.7100740258029306,word2vec
0.33615571873495415,0.8948955713963842,16,0.7100740258029306,word2vec
0.22164592307386924,0.9188489642081819,16,0.7100740258029306,word2vec
0.3015559582672642,0.9611928859045733,16,0.7100740258029306,word2vec
0.4514269873792383,0.8715329893950932,16,0.7100740258029306,word2vec
0.17431993495441386,0.9748391433179702,16,0.7100740258029306,word2vec
0.2504369744195061,0.9458249760443265,16,0.7100740258029306,word2vec
0.3732802690513,0.9846596713172668,16,0.7100740258029306,word2vec
0.27854007664923747,0.9193192082485615,16,0.7100740258029306,word2vec
0.30872137797400667,0.9859673179674314,16,0.7100740258029306,word2vec
0.26590011248711726,0.9379981050018875,2,0.690050389293125,word2vec
0.40506000171446477,0.8891877670712016,16,0.7100740258029306,word2vec
0.23349520574751292,0.9638602050922802,4,0.7109136262414715,word2vec
0.2065968267160948,0.9603774883220316,4,0.6890530244439779,word2vec
0.33702830952215057,0.9068875403089273,4,0.6890530244439779,word2vec
0.2942920314527073,0.998961563392969,4,0.7323242345351377,word2vec
0.23734915302778764,0.999956346286613,4,0.7323242345351377,word2vec
0.2423970055015517,0.9982886520396017,4,0.7323242345351377,word2vec
0.23744942779829317,0.9938639073131882,4,0.7323242345351377,word2vec
0.23367866713429075,0.9978746001069079,4,0.7323242345351377,word2vec
0.22522630553393605,0.9986777206380368,4,0.7323242345351377,word2vec
0.23336228849239624,0.99527105807217,4,0.7323242345351377,word2vec
0.2267225761605295,0.9968502281822744,4,0.7323242345351377,word2vec
0.23153150450127138,0.9959025682744719,4,0.7323242345351377,word2vec
0.1816881628598957,0.9947518381494677,4,0.7323242345351377,word2vec
0.18390039166404537,0.9951102973498495,4,0.7323242345351377,word2vec
0.1400693464967765,0.9905746887683274,4,0.7323242345351377,word2vec
0.1350911498895545,0.9983048292790836,4,0.7323242345351377,word2vec
0.12642136128946854,0.9961051879251095,4,0.7323242345351377,word2vec
0.15282771034915343,0.9958786244586177,4,0.7323242345351377,word2vec
0.1868391045835036,0.9809438623713163,4,0.7323242345351377,word2vec
0.10563566136108585,0.982282441505106,4,0.7323242345351377,word2vec
0.1632648123608209,0.9962310003188706,4,0.7323242345351377,word2vec
0.1907405530270862,0.9970878995563016,4,0.7323242345351377,word2vec
0.2114740281499084,0.9753280802663513,4,0.7323242345351377,word2vec
0.13592408449200527,0.9999851406974578,4,0.7323242345351377,word2vec
0.1291818274104421,0.9732678932939094,4,0.7323242345351377,word2vec
0.18398349696975763,0.9973291508440925,4,0.7323242345351377,word2vec
0.21729968964652124,0.9515511389463034,4,0.6890530244439779,word2vec
0.11045725149241882,0.9722800696573695,4,0.7109136262414715,word2vec
0.14429440076720793,0.9987495938122156,4,0.7323242345351377,word2vec
0.1766171299788665,0.9377801158981244,4,0.6890530244439779,word2vec
0.08338200589803668,0.9581345087501163,4,0.6890530244439779,word2vec
0.22982268267740327,0.9772444975124728,4,0.7323242345351377,word2vec
0.16919433972790185,0.9297577043736657,4,0.6890530244439779,word2vec
0.1521206162848547,0.9994214623811623,4,0.7323242345351377,word2vec
0.2064015013024294,0.9782693645578593,4,0.7323242345351377,word2vec
0.15731520110851607,0.955593773499648,4,0.6890530244439779,word2vec
0.12600521846521223,0.9831162010931511,4,0.7323242345351377,word2vec
0.19151615796823865,0.9993791731038214,4,0.7323242345351377,word2vec
0.23786056221295676,0.9614865399500712,4,0.6890530244439779,word2vec
0.07586881853791289,0.9434818571348252,4,0.6890530244439779,word2vec
0.16611926840005298,0.9768731380949428,4,0.7323242345351377,word2vec
0.21032849816609825,0.9160122253418647,4,0.6890530244439779,word2vec
0.24418616593408196,0.9449187098134311,4,0.6890530244439779,word2vec
0.18978545790964785,0.9819524393363391,4,0.7323242345351377,word2vec
0.1394896859516646,0.9994862039928494,4,0.7323242345351377,word2vec
0.1814340260612721,0.9693614187398674,4,0.7109136262414715,word2vec
0.21714774877643767,0.9794440925815294,4,0.7323242345351377,word2vec
0.259866695769403,0.9606812585117575,4,0.6890530244439779,word2vec
0.2297763409990191,0.9316013141122239,4,0.6890530244439779,word2vec
0.19280703304407945,0.998626085009628,4,0.7323242345351377,word2vec
0.14761900357322108,0.9770816274726968,4,0.7323242345351377,word2vec
0.1618344819094509,0.9452399351611709,4,0.6890530244439779,word2vec
0.1207368126558009,0.962776876399974,4,0.6890530244439779,word2vec
0.0995245364625235,0.9791769789112489,4,0.7323242345351377,word2vec
0.10630802325503777,0.9818893729299569,4,0.7323242345351377,word2vec
0.08116495728490505,0.9844137153360654,4,0.7323242345351377,word2vec
0.11969358159204171,0.9989588389681217,4,0.7323242345351377,word2vec
0.20069183244311167,0.6679707751929915,4,0.6779553413880038,word2vec
0.2480934070650592,0.5391813787299721,4,0.6755443660912425,word2vec
0.1407189008612178,0.9215427385628655,4,0.6890530244439779,word2vec
0.06607607706278759,0.9568274891159482,4,0.6890530244439779,word2vec
0.1751753223115184,0.7569140811850797,4,0.6779553413880038,word2vec
0.21676288558973475,0.9639946510907759,4,0.7109136262414715,word2vec
0.15781828006238724,0.997413684012791,4,0.7323242345351377,word2vec
0.17389475917014502,0.9824473050598154,4,0.7323242345351377,word2vec
0.056340086561712105,0.984548762165525,4,0.7323242345351377,word2vec
0.10939812310960531,0.9979457996765886,4,0.7323242345351377,word2vec
0.232583701281451,0.9526902063413883,4,0.6890530244439779,word2vec
0.15937214043161446,0.9385974208601876,4,0.6890530244439779,word2vec
0.19299053325675342,0.9643530416686364,4,0.7109136262414715,word2vec
0.12434826747757716,0.37866770296877295,4,0.6338706114255335,word2vec
0.26934977704272683,0.9984911999777399,4,0.7323242345351377,word2vec
0.1443316875009143,0.9756122095723702,4,0.7323242345351377,word2vec
0.21139737058911362,0.9993770056776675,4,0.7323242345351377,word2vec
0.1860932310558065,0.9774389480642761,4,0.7323242345351377,word2vec
0.24955599129899725,0.949502963144479,4,0.6890530244439779,word2vec
0.1960476545984466,0.9830671405059664,4,0.7323242345351377,word2vec
0.22743006157853235,0.6164551599511188,4,0.6779553413880038,word2vec
0.16881202679061708,0.9992078035512009,4,0.7323242345351377,word2vec
0.2838486721071872,0.9646217692925604,2,0.690050389293125,word2vec
0.13466259611306544,0.92942118866391,4,0.6890530244439779,word2vec
0.2039785511849791,0.9701607848496969,4,0.7109136262414715,word2vec
0.22702863376836668,0.9471162523071074,4,0.6890530244439779,word2vec
0.2086588881746758,0.9802392635154092,4,0.7323242345351377,word2vec
0.18131100027327263,0.9826437543249765,4,0.7323242345351377,word2vec
0.2565865939237761,0.9988366994454747,4,0.7323242345351377,word2vec
0.2402821362406298,0.9675775818973679,4,0.7109136262414715,word2vec
0.09531581751622853,0.961155776761007,4,0.6890530244439779,word2vec
0.15965506629730863,0.9982382522268388,4,0.7323242345351377,word2vec
0.2201635545785291,0.9790601456382405,4,0.7323242345351377,word2vec
0.19163603616328095,0.10346191186352394,4,0.40759353953809646,word2vec
0.14139666414468377,0.9425825048783072,4,0.6890530244439779,word2vec
0.42667670716853723,0.846107499040312,2,0.6374008563695176,tfidf
0.2041995260946838,0.014076313585486012,16,0.34692907484048535,tfidf
0.14009985420130625,0.8991812183909246,8,0.6356060253038844,tfidf
0.6594865636039738,0.6488342453940845,4,0.6070176393969154,tfidf
0.4584810275926895,0.8394995486628498,2,0.6372532858673479,tfidf
0.9742029243229567,0.2833818564672309,8,0.5149107367422009,tfidf
0.05798743241067942,0.5760725358903802,4,0.60867883813088,tfidf
0.7687121852450203,0.6841299945801159,16,0.6016116444815788,tfidf
0.7770745135627534,0.44360440155180586,2,0.5947940824170916,tfidf
0.5415765121626961,0.8574355249292105,4,0.6264659906854692,tfidf
0.4205060558778666,0.9945055955963191,2,0.6374008563695176,tfidf
0.3485591101477456,0.9992964220734087,2,0.6374008563695176,tfidf
0.32074730855368805,0.9761597299082188,2,0.6374008563695176,tfidf
0.39885041300911805,0.8029924826664525,2,0.6316832542571593,tfidf
0.26898565135549435,0.7753040598843134,2,0.6316832542571593,tfidf
0.5107903789310544,0.979456463507526,2,0.6374008563695176,tfidf
0.01728512514648811,0.7364628116071923,2,0.6316832542571593,tfidf
0.39632212862207405,0.8760193920805918,8,0.6356060253038844,tfidf
0.18928633764047154,0.7107675724755769,16,0.6016116444815788,tfidf
0.2761781822442606,0.9093606087000107,2,0.6374008563695176,tfidf
0.5671486264105227,0.7735308141552654,2,0.6316832542571593,tfidf
0.3612489713596201,0.9884943863256408,2,0.6374008563695176,tfidf
0.4200611908756405,0.9971713634887522,2,0.6374008563695176,tfidf
0.33630979532466865,0.9003425058194208,2,0.6374008563695176,tfidf
0.4459101317113068,0.9229418606119435,2,0.6374008563695176,tfidf
0.28222201375952655,0.8199574651186126,2,0.6372532858673479,tfidf
0.475964238350459,0.9963189440840297,8,0.6368682182249927,tfidf
0.3585696422536632,0.8095989347154174,4,0.625903384319123,tfidf
0.5856152150061329,0.9290855592922548,16,0.6431698210143828,tfidf
0.5879090895315192,0.9140072135973389,16,0.6431698210143828,tfidf
0.6024384036561186,0.7300873936337847,16,0.6016116444815788,tfidf
0.4873261094396444,0.915797454516081,16,0.6431698210143828,tfidf
0.5103439961614865,0.9048163482268744,16,0.638772086498842,tfidf
0.5093887952315913,0.8969747947882991,16,0.6380010547567471,tfidf
0.6326286435662728,0.8470289431794418,16,0.6367416258395459,tfidf
0.5660603908077947,0.9302758688680594,16,0.6431698210143828,tfidf
0.6805893564560915,0.9367078594114495,16,0.6431698210143828,tfidf
0.5777000034660967,0.8454820345694031,16,0.6367416258395459,tfidf
0.6761026932521439,0.6480975300971337,16,0.6016116444815788,tfidf
0.4705127916918897,0.9392032643375494,16,0.6431698210143828,tfidf
0.5490022009570253,0.8523308054637955,16,0.6367416258395459,tfidf
0.7165815570389046,0.9371386000789588,16,0.6431698210143828,tfidf
0.6376056616040829,0.9331614286790453,16,0.6431698210143828,tfidf
0.5967942004951924,0.8651380815411898,16,0.6380010547567471,tfidf
0.6975180138046375,0.772024967227271,16,0.6109442353899536,tfidf
0.7558853989339249,0.9465342323883403,16,0.6431698210143828,tfidf
0.6383559813690863,0.8778026839251686,16,0.6380010547567471,tfidf
0.53341054970591,0.8248851166406967,4,0.625903384319123,tfidf
0.8020064408918819,0.9501350866446628,16,0.6431698210143828,tfidf
0.6120100794666012,0.7919164098849345,8,0.6054229640021466,tfidf
0.5693041559650358,0.9511673187481071,16,0.6431698210143828,tfidf
0.46828776399420186,0.8876882635443109,16,0.6380010547567471,tfidf
0.4761495899514428,0.9524988407574005,16,0.6431698210143828,tfidf
0.5323519855485352,0.9120511085922606,16,0.638772086498842,tfidf
0.4906522026570472,0.9622125887181819,16,0.6431698210143828,tfidf
0.4398759551369733,0.8494254910821495,16,0.6367416258395459,tfidf
0.5728724110034418,0.8766921230677422,4,0.6319630974577324,tfidf
0.6627965491455651,0.9235954090357074,16,0.6431698210143828,tfidf
0.5364749149736028,0.9643877939114779,8,0.6368682182249927,tfidf
0.3948882277605211,0.8109684025175525,16,0.6367416258395459,tfidf
0.45294218188189406,0.9997510397618318,16,0.6431698210143828,tfidf
0.7066719843890935,0.9307787017915499,16,0.6431698210143828,tfidf
0.6079520586179337,0.8844400794939389,16,0.6380010547567471,tfidf
0.5566990818422258,0.9667822479752319,16,0.6431698210143828,tfidf
0.4979388446414788,0.9165428048286677,16,0.6431698210143828,tfidf
0.6939412673244637,0.8357333545647109,16,0.6367416258395459,tfidf
0.733642057800449,0.9313281660032965,16,0.6431698210143828,tfidf
0.6505627261783742,0.8893303743615926,4,0.6319630974577324,tfidf
0.7920441244518345,0.96769582532865,16,0.6431698210143828,tfidf
0.5849303522040521,0.7638168657248288,8,0.6054229640021466,tfidf
0.5030795443452097,0.8648907007550283,16,0.6380010547567471,tfidf
0.6288094177016436,0.9299614832414643,16,0.6431698210143828,tfidf
0.6635390312001365,0.9059581332222623,16,0.638772086498842,tfidf
0.6087728534994463,0.9993719486115195,16,0.6431698210143828,tfidf
0.6418140085187017,0.9382649985950767,16,0.6431698210143828,tfidf
0.5305202823257306,0.9750589741399934,16,0.6431698210143828,tfidf
0.5863867920612145,0.8452831206721894,16,0.6367416258395459,tfidf
0.5559125766819798,0.8029223220033301,16,0.6141239968702821,tfidf
0.6225821351752486,0.9031402962924132,16,0.6380010547567471,tfidf
0.7228516230737723,0.8273166658124826,16,0.6367416258395459,tfidf
0.6619514805218152,0.9760772305229141,4,0.6412089454837792,tfidf
0.7529345865220106,0.9418921074219233,16,0.6431698210143828,tfidf
0.6725869942024406,0.943642601437217,16,0.6431698210143828,tfidf
0.829788895352507,0.8695839607993421,16,0.6380010547567471,tfidf
0.6902737743455933,0.9055865590453531,16,0.638772086498842,tfidf
0.7224842733709442,0.9548876270824581,16,0.6431698210143828,tfidf
0.5915621276693683,0.8713603887315422,8,0.6356060253038844,tfidf
0.521824500619553,0.9780288971635056,16,0.6431698210143828,tfidf
0.4799962149240887,0.9250941544195396,16,0.6431698210143828,tfidf
0.5567961031173195,0.8918558065639663,16,0.6380010547567471,tfidf
0.6325005216148099,0.9503185481834394,16,0.6431698210143828,tfidf
0.7958380183023817,0.9798782058367131,16,0.6431698210143828,tfidf
0.8289447495921989,0.9205885930002643,16,0.6431698210143828,tfidf
0.6835602935901489,0.9481540123963699,16,0.6431698210143828,tfidf
0.754723489103718,0.8893217307870555,16,0.6380010547567471,tfidf
0.5142968819043608,0.8553273694964563,16,0.6367416258395459,tfidf
0.645445686605568,0.995649383191872,16,0.6431698210143828,tfidf
0.6104184858172652,0.9554912207234596,16,0.6431698210143828,tfidf
0.5683765355532953,0.9175173701856626,4,0.6319630974577324,tfidf
0.7071691170716212,0.8316637964279543,16,0.6367416258395459,tfidf
0.46012372568929744,0.8701929452850726,2,0.6374008563695176,tfidf
0.5746431566881336,0.9448831431063258,16,0.6431698210143828,tfidf
0.5350904475339255,0.9739019300018429,16,0.6431698210143828,tfidf
0.4903880999066868,0.9069398401483462,16,0.638772086498842,tfidf
0.6023156889333214,0.9327690588196081,16,0.6431698210143828,tfidf
0.5468223375106084,0.9632698327391223,8,0.6368682182249927,tfidf
0.434559565776515,0.988855585356574,16,0.6431698210143828,tfidf
0.6491888302017793,0.8940950958028385,16,0.6380010547567471,tfidf
0.6200068141266076,0.923589668670015,16,0.6431698210143828,tfidf
0.5883089637609804,0.8552282720659338,16,0.6367416258395459,tfidf
0.5708535755771057,0.9581296284033364,16,0.6431698210143828,tfidf
0.46568194393666257,0.9399754853295869,16,0.6431698210143828,tfidf
0.5063656358274892,0.9078459225032091,16,0.638772086498842,tfidf
0.41957073699920966,0.9998842293164194,16,0.6431698210143828,tfidf
0.4874784525485156,0.8849809833820125,16,0.6380010547567471,tfidf
0.541612969190759,0.9580240668570456,16,0.6431698210143828,tfidf
0.47447803258335036,0.9358915316701624,16,0.6431698210143828,tfidf
0.5222451191256399,0.9808152910758674,16,0.6431698210143828,tfidf
0.6720145396518769,0.9152384009816238,16,0.6431698210143828,tfidf
0.5946748366780695,0.8857873701436207,4,0.6319630974577324,tfidf
0.5560042449220737,0.9642033334318322,16,0.6431698210143828,tfidf
0.45675839013377717,0.9438395600561702,16,0.6431698210143828,tfidf
0.49430723713583957,0.9744580859982834,16,0.6431698210143828,tfidf
0.41750190734301157,0.9308980216770808,16,0.6431698210143828,tfidf
0.5221616660773828,0.9030094956016387,16,0.6380010547567471,tfidf
0.48419484891123277,0.9592001282851114,16,0.6431698210143828,tfidf
0.44575270264582867,0.8743407286344032,8,0.6356060253038844,tfidf
0.6265064189614697,0.9174911390137733,2,0.6374008563695176,tfidf
0.5621373820710776,0.9842124472845538,16,0.6431698210143828,tfidf
0.5008758516361358,0.9528892382105605,16,0.6431698210143828,tfidf
0.7123139678393839,0.8402317900352401,16,0.6367416258395459,tfidf
0.6876834224441063,0.9312731470652937,16,0.6431698210143828,tfidf
0.6557588105791596,0.8994325786013316,16,0.6380010547567471,tfidf
0.7248539195630072,0.9217661519844227,16,0.6431698210143828,tfidf
0.7464029262705599,0.9715026421146657,16,0.6431698210143828,tfidf
0.6711714777780569,0.8644931601007523,16,0.6380010547567471,tfidf
0.7764518780143137,0.9448109075752111,16,0.6431698210143828,tfidf
0.6123049494757897,0.9989839697324508,16,0.6431698210143828,tfidf
0.6355358321197023,0.5515221172143605,16,0.6017329664900287,tfidf
0.7007361584756995,0.8930723940192522,16,0.6380010547567471,tfidf
0.546684030248259,0.9238411227947618,16,0.6431698210143828,tfidf
0.4479745008555112,0.9628814401132241,16,0.6431698210143828,tfidf
0.47202677673275256,0.9985548288202674,16,0.6431698210143828,tfidf
0.38679387120540076,0.945468508482907,16,0.6431698210143828,tfidf
0.5149456938398915,0.980847954716398,16,0.6431698210143828,tfidf
0.5896507025567772,0.9130526503794048,4,0.6319630974577324,tfidf
0.5738968111700057,0.6798052279092383,16,0.6016116444815788,tfidf
0.7424069421607149,0.9635774650291824,16,0.6431698210143828,tfidf
0.650526613992445,0.8838987926285338,16,0.6380010547567471,tfidf
0.4384187123596818,0.9385849505998105,8,0.6356060253038844,tfidf
0.5352811011390283,0.9809704980136777,16,0.6431698210143828,tfidf
0.7159558918902351,0.9293637608188414,16,0.6431698210143828,tfidf
0.6871353413850015,0.9073729928072859,16,0.638772086498842,tfidf
0.6662497152301776,0.9497654742130799,16,0.6431698210143828,tfidf
0.45854717131347017,0.9659230231418676,16,0.6431698210143828,tfidf
0.7607356653516978,0.9286461990839492,2,0.6374008563695176,tfidf
0.6999207241016654,0.8178506366802654,16,0.6367416258395459,tfidf
0.4876762244201994,0.8677409558998384,16,0.6380010547567471,tfidf
0.6155280459055671,0.4567725781953749,16,0.5889448122712121,tfidf
0.7944996321292798,0.9046325477358662,16,0.638772086498842,tfidf
0.7232700247202415,0.947579393225758,16,0.6431698210143828,tfidf
0.5676737122884222,0.9803428187212363,16,0.6431698210143828,tfidf
0.5951572599128554,0.9622937582534576,16,0.6431698210143828,tfidf
0.509464706069271,0.9253458493796042,16,0.6431698210143828,tfidf
0.5476869937266994,0.9995983385882713,16,0.6431698210143828,tfidf
0.7365064750076968,0.9433652392582483,16,0.6431698210143828,tfidf
0.4725614132669636,0.8906163449621513,16,0.6380010547567471,tfidf
0.6250662273266522,0.9684452799422064,16,0.6431698210143828,tfidf
0.5288024681900788,0.9167065308159561,16,0.6431698210143828,tfidf
0.5792716907179202,0.7943481356890918,16,0.6109442353899536,tfidf
0.6437081973162115,0.9497564789405178,4,0.6412089454837792,tfidf
0.4931425812347805,0.9142084754189678,16,0.6431698210143828,tfidf
0.5041259986697636,0.9779479328689427,16,0.6431698210143828,tfidf
0.4292425780475905,0.9307936202408391,16,0.6431698210143828,tfidf
0.45902639057540817,0.8803238506391493,16,0.6380010547567471,tfidf
0.5446071259230255,0.9036218984702735,16,0.6380010547567471,tfidf
0.5578782255310507,0.8541222294368243,16,0.6367416258395459,tfidf
0.5160258700081813,0.9553178289720606,16,0.6431698210143828,tfidf
0.7674220253727979,0.9347652625448998,16,0.6431698210143828,tfidf
0.5994459603210559,0.7646843232558553,8,0.6054229640021466,tfidf
0.46954839357900846,0.9821408222744273,16,0.6431698210143828,tfidf
0.6845035618880215,0.9310933390044863,16,0.6431698210143828,tfidf
0.7049049169768278,0.3039724136429334,16,0.5377692295084777,tfidf
0.733085990900711,0.9548739385543978,16,0.6431698210143828,tfidf
0.6647174297909528,0.8988402104786591,16,0.6380010547567471,tfidf
0.7703821510221553,0.9180371290921479,2,0.6374008563695176,tfidf
0.8291590536280363,0.9626248066273215,16,0.6431698210143828,tfidf
0.4924588835917814,0.9382526929084651,16,0.6431698210143828,tfidf
0.7490793076784409,0.881286080216226,16,0.6380010547567471,tfidf
0.7961140488749631,0.9879386069068643,16,0.6431698210143828,tfidf
0.5249883878342754,0.9185756497492414,16,0.6431698210143828,tfidf
0.7902329267108567,0.9655545926817043,16,0.6431698210143828,tfidf
0.8149540910767814,0.9439291940116135,16,0.6431698210143828,tfidf
0.7347525999946678,0.7451245076632945,16,0.6041274021709679,tfidf
0.761012852871213,0.9748907853607227,16,0.6431698210143828,tfidf
0.7112920850484868,0.9383282944873419,16,0.6431698210143828,tfidf
0.4453506447892841,0.9025425792810656,16,0.6380010547567471,tfidf
0.41008127672539785,0.9611868816316227,16,0.6431698210143828,tfidf
0.5795053927379565,0.921377427425686,16,0.6431698210143828,tfidf
0.8496040537584739,0.9871771634801191,16,0.6431698210143828,tfidf
0.925576677456808,0.25735520079765284,16,0.5638138401060043,fasttext
0.8327980368605014,0.030803206490785197,8,0.3561624174620946,fasttext
0.23047764584032274,0.15896269070957497,16,0.4577620279727882,fasttext
0.23257279444003434,0.7959950137280807,2,0.6772947366476486,fasttext
0.3738984752762201,0.5307071495168532,2,0.6772947366476486,fasttext
0.8778417343205719,0.6023936518417243,4,0.6666865260978723,fasttext
0.8389919322295858,0.5009758774028469,4,0.6666865260978723,fasttext
0.946289825803681,0.6431458212587029,4,0.6666865260978723,fasttext
0.22585555434964383,0.6735581358514723,8,0.6904609609851295,fasttext
0.2081507667935623,0.21135775236370255,2,0.6017400280441554,fasttext
0.031771416871445135,0.93838399561275,8,0.7104167354429042,fasttext
0.056161747086332314,0.9720155891502318,8,0.7104167354429042,fasttext
0.029031544141082007,0.9735946884374651,8,0.7104167354429042,fasttext
0.04593351482763769,0.9860210159401473,8,0.7104167354429042,fasttext
0.014838211416246805,0.8586905275026725,8,0.7104167354429042,fasttext
0.6040308720660235,0.8414706693355392,8,0.7104167354429042,fasttext
0.11743409219195625,0.9782195158162396,8,0.7104167354429042,fasttext
0.44300258428414807,0.8001409485294859,8,0.6904609609851295,fasttext
0.1376760259797602,0.9144138167934358,8,0.7104167354429042,fasttext
0.34021472502804606,0.7427246770898387,16,0.6927498748707719,fasttext
0.11665380594862004,0.8966146371939778,8,0.7104167354429042,fasttext
0.018363420549326825,0.9776938796661295,8,0.7104167354429042,fasttext
0.011558033784225707,0.995674050025624,8,0.7104167354429042,fasttext
0.11370207536877924,0.8961009115624968,8,0.7104167354429042,fasttext
0.09577337539701211,0.772712791186947,8,0.6904609609851295,fasttext
0.18125255120460732,0.90088703379619,8,0.7104167354429042,fasttext
0.28325327197251354,0.7227122730063558,2,0.6772947366476486,fasttext
0.07329455196908706,0.8277862077001282,4,0.6811111559783991,fasttext
0.16052837354232874,0.9283666479003047,16,0.6927498748707719,fasttext
0.07880121550932127,0.9988026673016923,16,0.7132293152049555,fasttext
0.2723466167878807,0.8612076911560034,16,0.6927498748707719,fasttext
0.07306211706378574,0.9528619112229915,16,0.7132293152049555,fasttext
0.08072380697264242,0.9357664997001521,16,0.6927498748707719,fasttext
0.16733213492292281,0.8514621413289364,16,0.6927498748707719,fasttext
0.07488071180138411,0.9229277100549241,16,0.6927498748707719,fasttext
0.18104595775729787,0.7996658129971216,16,0.6927498748707719,fasttext
0.06973264742655093,0.999155937196191,16,0.7132293152049555,fasttext
0.12608059456565057,0.9984403718080487,16,0.7132293152049555,fasttext
0.2727401077209036,0.9943313178716583,16,0.7132293152049555,fasttext
0.15530211558234058,0.8705898634532192,16,0.6927498748707719,fasttext
0.2059698030003026,0.39139900928883875,16,0.6625928825442892,fasttext
0.24451586992270752,0.9939301620815345,16,0.7132293152049555,fasttext
0.12264528604949701,0.9495242312538258,16,0.7132293152049555,fasttext
0.08463728352584088,0.8957815009106367,16,0.6927498748707719,fasttext
0.20273856107394347,0.9953617089434305,16,0.7132293152049555,fasttext
0.14191014544902747,0.9420584402951674,16,0.7132293152049555,fasttext
0.05869996885837521,0.8291982886158807,16,0.6927498748707719,fasttext
0.2724930868538119,0.9495510861851475,2,0.6772947366476486,fasttext
0.23687457918223423,0.8796535183664228,4,0.6912084992030452,fasttext
0.058206023973522994,0.9999869737605824,16,0.7132293152049555,fasttext
0.12861907052853117,0.9489413779943299,16,0.7132293152049555,fasttext
0.24775507601587185,0.9984807994105666,16,0.7132293152049555,fasttext
0.3122745033455,0.9481626783598642,16,0.7132293152049555,fasttext
0.21276859939488985,0.9126471831050943,16,0.6927498748707719,fasttext
0.3878811950770858,0.9600661703692148,16,0.7132293152049555,fasttext
0.18092869768585507,0.886264316994584,16,0.6927498748707719,fasttext
0.04607794074353882,0.9763521142189671,2,0.6928145966825828,fasttext
0.1173079056336804,0.831439409285637,4,0.6811111559783991,fasttext
0.09111746870468926,0.9161088872226615,16,0.6927498748707719,fasttext
0.022079238495946674,0.9988758211209388,16,0.7132293152049555,fasttext
0.24400053843663055,0.8705597603440465,16,0.6927498748707719,fasttext
0.12804179276636904,0.9606369500710074,16,0.7132293152049555,fasttext
0.10204306348130225,0.9633883786477824,16,0.7132293152049555,fasttext
0.05260689585484846,0.9283093614783174,16,0.6927498748707719,fasttext
0.1550614037182561,0.9635173920620975,16,0.7132293152049555,fasttext
0.014204698699109536,0.912782499315547,16,0.6927498748707719,fasttext
0.1398614197844182,0.9693999900703913,16,0.7132293152049555,fasttext
0.09901138429848921,0.8872072473326529,2,0.6772947366476486,fasttext
0.20292481392008582,0.9311492684890342,4,0.7150898154372763,fasttext
0.18577295118984138,0.8470494208844597,4,0.6811111559783991,fasttext
0.2005793708408548,0.8036647174482452,4,0.6811111559783991,fasttext
0.15973559266382548,0.9309072198946764,4,0.7150898154372763,fasttext
0.2268404929092429,0.9996159014780505,4,0.726679140172162,fasttext
0.1562791065738739,0.9358790945978883,4,0.7150898154372763,fasttext
0.15265997236377063,0.9228849708799998,4,0.6912084992030452,fasttext
0.07313054059386641,0.8665428395133165,4,0.6912084992030452,fasttext
0.0401816427324293,0.9058994029290993,4,0.6912084992030452,fasttext
0.17570035912560733,0.9276580351231453,4,0.7150898154372763,fasttext
0.22125692706842948,0.7600079045734431,4,0.6811111559783991,fasttext
0.17075314173864659,0.9265320800578121,4,0.7150898154372763,fasttext
0.18143316157261197,0.813002511419078,4,0.6811111559783991,fasttext
0.1613637593110372,0.9371816475147977,4,0.7150898154372763,fasttext
0.17841650915328658,0.9357287620310601,4,0.7150898154372763,fasttext
0.16057885454826923,0.8597986505615705,4,0.6912084992030452,fasttext
0.21120528065840605,0.9304154764808782,4,0.7150898154372763,fasttext
0.219844817034582,0.9330840719747071,4,0.7150898154372763,fasttext
0.187752360768885,0.9023349185697852,4,0.6912084992030452,fasttext
0.2544523999429015,0.8431742669083663,4,0.6811111559783991,fasttext
0.2194142786540807,0.8887887238319585,4,0.6912084992030452,fasttext
0.29708086982598314,0.9279187428461444,4,0.7150898154372763,fasttext
0.17417423847863808,0.7835032812438387,4,0.6811111559783991,fasttext
0.22752598642164448,0.9326731835487488,4,0.7150898154372763,fasttext
0.19741578233504462,0.9714798302006654,4,0.726679140172162,fasttext
0.2009440465903618,0.976418284398403,4,0.726679140172162,fasttext
0.1425679259334818,0.9719636153550268,4,0.726679140172162,fasttext
0.15217828307141285,0.9738752170560505,4,0.726679140172162,fasttext
0.11378897557245693,0.9760976599332105,4,0.726679140172162,fasttext
0.11063528130481672,0.9763344614960413,4,0.726679140172162,fasttext
0.11173971019186503,0.9771258505424852,4,0.726679140172162,fasttext
0.10814096333094085,0.9711550405405451,4,0.726679140172162,fasttext
0.10544360815617437,0.9770166087888671,4,0.726679140172162,fasttext
0.10690515098847908,0.9733693948673983,4,0.726679140172162,fasttext
0.11952259974030781,0.9786247748667912,4,0.726679140172162,fasttext
0.13736569229020476,0.9709664079799701,4,0.726679140172162,fasttext
0.10591400832384044,0.9765246458537409,4,0.726679140172162,fasttext
0.10422795610461995,0.9610003096956902,4,0.726679140172162,fasttext
0.08372347689017345,0.9779012356526995,4,0.726679140172162,fasttext
0.056787991359331304,0.9804298765740792,4,0.726679140172162,fasttext
0.13976957853548266,0.9562438254001229,4,0.726679140172162,fasttext
0.09460602202008092,0.9842800824860187,4,0.726679140172162,fasttext
0.03855553048867795,0.8976037040274389,4,0.6912084992030452,fasttext
0.11916016162940683,0.9624936557402781,4,0.726679140172162,fasttext
0.11644313162374662,0.9817330226331578,4,0.726679140172162,fasttext
0.13903617041687827,0.9522394784677302,4,0.726679140172162,fasttext
0.0676329625640775,0.9990012509415119,4,0.726679140172162,fasttext
0.09420529288637099,0.9817361126265025,4,0.726679140172162,fasttext
0.1297212213118466,0.9046583461243034,4,0.6912084992030452,fasttext
0.032952457112039105,0.9490036997234874,2,0.6772947366476486,fasttext
0.10926381728792672,0.8814367709945152,4,0.6912084992030452,fasttext
0.08183535624856975,0.9692320796645459,4,0.726679140172162,fasttext
0.12205526180686435,0.998643230323895,4,0.726679140172162,fasttext
0.14051473816073512,0.9713495257640784,4,0.726679140172162,fasttext
0.19496190221120974,0.9550549995961893,4,0.726679140172162,fasttext
0.14302710201836413,0.9781644269333775,4,0.726679140172162,fasttext
0.06277115723379767,0.9121992022456398,4,0.6912084992030452,fasttext
0.14755049555820118,0.9506409720504712,4,0.726679140172162,fasttext
0.1069689977956423,0.9731313754589449,4,0.726679140172162,fasttext
0.08881520796818129,0.9085752599328868,4,0.6912084992030452,fasttext
0.1250049267603584,0.9513347059776873,8,0.7104167354429042,fasttext
0.1983607478122936,0.9870001001420895,4,0.726679140172162,fasttext
0.16572055194898724,0.8757242161587652,4,0.6912084992030452,fasttext
0.10080469912133183,0.9689922620494256,4,0.726679140172162,fasttext
0.1077267473312359,0.9822064807092287,4,0.726679140172162,fasttext
0.07197445216308071,0.9431933182284065,4,0.7150898154372763,fasttext
0.12975265140121972,0.9662835671258568,4,0.726679140172162,fasttext
0.04768319679572845,0.9945669127964979,4,0.726679140172162,fasttext
0.15424306863977882,0.908363137978305,2,0.6772947366476486,fasttext
0.1905216514259958,0.7096646510990613,4,0.6811111559783991,fasttext
0.015070417239721634,0.9463303486889126,4,0.726679140172162,fasttext
0.09360968695337354,0.9986352260573208,4,0.726679140172162,fasttext
0.16671144149663658,0.9674080834497029,4,0.726679140172162,fasttext
0.11134039910969087,0.9576566619378675,4,0.726679140172162,fasttext
0.13987616210354636,0.9764061655295417,4,0.726679140172162,fasttext
0.07976150638209406,0.9210904977528127,4,0.6912084992030452,fasttext
0.11364668958750611,0.593170732982164,4,0.6666865260978723,fasttext
0.0523003057919419,0.9496867913013887,4,0.726679140172162,fasttext
0.23926005131607758,0.9977204568377528,4,0.726679140172162,fasttext
0.09331749509414658,0.9663812913503562,4,0.726679140172162,fasttext
0.14299264855487642,0.9393206902315676,4,0.7150898154372763,fasttext
0.11653026209476847,0.9171976804068956,4,0.6912084992030452,fasttext
0.173856918960281,0.8957531439440057,8,0.7104167354429042,fasttext
0.07450351460695358,0.980976744990177,4,0.726679140172162,fasttext
0.07760367884212141,0.9789319791532491,4,0.726679140172162,fasttext
0.03382307142734162,0.9594147656208362,4,0.726679140172162,fasttext
0.09800761228080355,0.9788981708623711,4,0.726679140172162,fasttext
0.12420205634753426,0.9994219083589886,4,0.726679140172162,fasttext
0.15635297712956128,0.9457952604280272,4,0.726679140172162,fasttext
0.05556326601333324,0.9620666820239243,4,0.726679140172162,fasttext
0.13305686329143726,0.9227624967989903,4,0.6912084992030452,fasttext
0.19237792383147231,0.9776444093394692,2,0.6928145966825828,fasttext
0.09296724860684336,0.9392062308434038,4,0.7150898154372763,fasttext
0.060174255183783,0.999883655058425,4,0.726679140172162,fasttext
0.10586622782428506,0.9797682495657324,4,0.726679140172162,fasttext
0.07902573914425526,0.9624876377006112,4,0.726679140172162,fasttext
0.035462863249102264,0.9800215538309209,4,0.726679140172162,fasttext
0.06223417449497188,0.9450064002923213,4,0.726679140172162,fasttext
0.1475026924988602,0.9618995751560265,4,0.726679140172162,fasttext
0.12560859258955248,0.9186679847891533,4,0.6912084992030452,fasttext
0.20997008857814872,0.9996029191233982,4,0.726679140172162,fasttext
0.10824238022339652,0.8884145865377884,4,0.6912084992030452,fasttext
0.17088584187874867,0.9780932232532809,4,0.726679140172162,fasttext
0.14182148831706026,0.9459998339248153,4,0.726679140172162,fasttext
0.08839143089459543,0.9587233635859305,4,0.726679140172162,fasttext
0.13770652914635628,0.9808665268461559,4,0.726679140172162,fasttext
0.254129816230851,0.932841506706802,4,0.7150898154372763,fasttext
0.5239797562539793,0.9607303233956053,4,0.726679140172162,fasttext
0.15852516724697616,0.9997347332334554,4,0.726679140172162,fasttext
0.11397733551662767,0.44998515252618165,4,0.6666865260978723,fasttext
0.12847825737005958,0.9426803178604986,8,0.7104167354429042,fasttext
0.18650508980308242,0.9795699848945028,4,0.726679140172162,fasttext
0.3311306338705877,0.9100096231856468,4,0.6912084992030452,fasttext
0.09084388261515863,0.9806702427914301,4,0.726679140172162,fasttext
0.10353842366778601,0.959881335123057,4,0.726679140172162,fasttext
0.0735408762382524,0.656756819001385,4,0.6666865260978723,fasttext
0.055459333141128164,0.9801574030759328,4,0.726679140172162,fasttext
0.09410110714810949,0.95692344009282,4,0.726679140172162,fasttext
0.12497971784314947,0.929759969275068,4,0.7150898154372763,fasttext
0.15032800860142104,0.9984299685277516,4,0.726679140172162,fasttext
0.030207032087890606,0.9659408607835925,4,0.726679140172162,fasttext
0.22998601465470353,0.9421799314987436,2,0.6772947366476486,fasttext
0.171836987577505,0.9844442964934914,4,0.726679140172162,fasttext
0.10951115633417957,0.9613413379111911,4,0.726679140172162,fasttext
0.12877637729472763,0.9679147585786899,4,0.726679140172162,fasttext
0.08367259130427733,0.18142439741516847,4,0.48922013343990717,fasttext
0.11397398519400374,0.984224307138725,4,0.726679140172162,fasttext
0.1506141074727911,0.8189633029999158,4,0.6811111559783991,fasttext
0.057759218364948905,0.9414221407034502,4,0.7150898154372763,fasttext
0.09830187005076833,0.9987847032209967,4,0.726679140172162,fasttext
0.13070182932704888,0.9576779979528979,4,0.726679140172162,fasttext
0.07472603326685551,0.7635250085630207,4,0.6811111559783991,fasttext
