min_cluster_size,rho,beta,tsne_n_components,NMI,embedding
80,1.108252268979499,0.2893741073683429,16,0.033419591410026595,BERT
11,1.1336262931443926,0.1694501093476589,4,0.45452091914098525,BERT
125,0.7503036244265988,0.3063111453132642,4,0.0,BERT
49,1.159369470605995,0.5841961162622094,4,0.7050987179627518,BERT
124,0.9141275382521119,0.5909756862508067,2,0.638595797584657,BERT
14,1.4351865473299426,0.5289916569680637,16,0.3352088503534323,BERT
172,1.6221063722675784,0.46663932601815683,16,0.06675776031536935,BERT
173,0.636728820845555,0.18304091663726277,8,0.0,BERT
171,0.3944088542726136,0.4623784180603294,2,0.4133783531044758,BERT
56,1.2054214512068502,0.47575868687788303,16,0.23103715432000319,BERT
66,1.9036277100306305,0.3892106095241516,4,0.582071654703858,BERT
121,0.17559458174421527,0.5682185468235325,2,0.5636982554648132,BERT
109,0.8467322014912502,0.5978986087897734,2,0.7062845738658708,BERT
41,0.7110676864533505,0.5992846677159238,8,0.007280975440874774,BERT
95,0.9312428258985037,0.516119974487572,2,0.6662264577658873,BERT
39,1.3557202289439019,0.4089144395482689,4,0.6769333576690151,BERT
141,0.49287082544276434,0.5395712437680401,2,0.3729747293661922,BERT
95,0.962483904592578,0.5386918448930903,4,0.06930539699144808,BERT
150,0.8618191799962736,0.5929602005451512,8,0.0,BERT
69,0.10785642926058336,0.5108408782766656,2,0.5567920822530179,BERT
30,1.2778100617797936,0.4502970736097547,4,0.657454727131695,BERT
41,1.400723638280135,0.39745037709702435,4,0.6623349843963754,BERT
106,1.0407708700926224,0.5536782875110524,4,0.06588358907377409,BERT
50,1.339363441180716,0.4972415879826025,4,0.67012828595372,BERT
80,1.56485275132536,0.42225855985096833,4,0.6984201000612817,BERT
81,1.5576777252523153,0.5626652274050022,4,0.7217284075867099,BERT
193,1.1712974720579177,0.5645612106948262,2,0.594389423998031,BERT
105,1.0497188005705804,0.5967615872602129,8,0.0,BERT
83,1.7299306333257043,0.5096837203602576,4,0.6442988410094596,BERT
79,1.1495113232810124,0.5645576200790132,16,0.18703781088054652,BERT
63,1.534169738567128,0.4859822408124239,2,0.6916173562205195,BERT
82,1.5355447964771134,0.5439527071085966,4,0.6986937827860901,BERT
107,1.8253407594309363,0.5451221741794475,4,0.6547036376771697,BERT
22,1.9656105504002412,0.5626119166363748,4,0.45414312725237543,BERT
89,1.7177216485494495,0.5207556650651811,4,0.7207298431106547,BERT
135,1.6979051133979755,0.5176205018410497,4,0.736738550662318,BERT
134,1.7227645383633792,0.5105395993959575,4,0.7354308038583086,BERT
141,1.7171355820047234,0.4422431062616009,4,0.7174943339416877,BERT
130,1.813884979705722,0.5007425171195766,4,0.7022996273260321,BERT
119,1.6295307659584426,0.48384968107696164,4,0.7680476158115521,BERT
156,1.4533743753726136,0.3523406992511483,4,0.3937949963412087,BERT
128,1.65831567137154,0.4811966348115878,4,0.7543380170875454,BERT
118,1.6388119944557398,0.47810987140127065,4,0.7533583444428803,BERT
117,1.6818425860674342,0.4753239651384316,4,0.7653471910358463,BERT
117,1.9394878841146972,0.46461810792624264,16,0.3118469147537142,BERT
120,1.6360802337367457,0.4783556428713815,4,0.7233092868893525,BERT
156,1.9909647026545783,0.44846302447128605,4,0.6897903278549066,BERT
114,1.4653625906481669,0.48709326346897985,4,0.7423128076071919,BERT
116,1.4441351442500865,0.4778716691858739,8,0.018829253390328607,BERT
128,1.8310890935205189,0.42885446468866095,4,0.6502513622672215,BERT
114,1.6477659804183773,0.4638060934159058,16,0.3064824579869792,BERT
139,1.4847231504022358,0.49012921823257716,4,0.4130868694525569,BERT
126,1.6243774621580453,0.5285449575933128,4,0.7284967639178778,BERT
149,1.8686070109360415,0.49285788471607334,4,0.6969846405587093,BERT
100,1.749095694466119,0.44119590470583225,4,0.756442928018968,BERT
98,1.8093769114960112,0.43738406025016274,4,0.6477196303013757,BERT
112,1.5961265376430804,0.41767979397936333,4,0.7451033334835646,BERT
91,1.7629869368119764,0.3872572397650142,8,0.3825172573748608,BERT
122,1.8970051210597259,0.4575579206549709,4,0.6913625776554927,BERT
101,1.5917261848247544,0.41309896079650904,4,0.7467067954275471,BERT
102,1.6326565921161107,0.4403608246128939,4,0.7447022245263107,BERT
111,1.5820360864310896,0.4170622158628041,4,0.7463129201259824,BERT
100,1.5114119318391535,0.4133000448290671,4,0.7664901124087191,BERT
101,1.6713786522370302,0.4698745077642966,4,0.7241112604758793,BERT
90,1.7614125454618867,0.40196684732664517,4,0.6922211482772221,BERT
71,1.5001100553384064,0.3789428299203036,4,0.730726566554793,BERT
95,1.5616331055515225,0.42939275313554925,4,0.7403456736831141,BERT
122,1.2716881278591075,0.45314306951716,16,0.039683775255177696,BERT
107,1.6836358615379559,0.40851961672008863,4,0.7346797696952724,BERT
147,1.3966948283208191,0.43317425977148954,8,0.03029168580563948,BERT
73,1.5072873070174075,0.4695042026659405,4,0.7601545558109459,BERT
73,1.4920055429601524,0.4686085069624683,4,0.7725582379249145,BERT
59,1.5133846217842677,0.47809095411963265,4,0.7046896760702337,BERT
74,1.398010717728189,0.501911168551671,4,0.7640761321254004,BERT
68,1.3735771264114776,0.4996382762408467,2,0.7461781117532893,BERT
74,1.429480832895869,0.45370235012058996,4,0.7359625770697265,BERT
86,1.5254707586574783,0.5283026447856527,4,0.7597667389030578,BERT
76,1.5378951972953696,0.5237124397747722,4,0.7652672224027481,BERT
50,1.326857863443229,0.5284816015945387,4,0.7335698302142571,BERT
76,1.5276092235188405,0.5069630368163368,4,0.7399585175605273,BERT
85,1.4225724453799147,0.5354312774343433,16,0.23505553352766137,BERT
58,1.511182367946096,0.5173901488408768,4,0.6927079939325567,BERT
63,1.4804406338598146,0.49837995217283393,4,0.7253989296864763,BERT
88,1.5716644800832145,0.4668292787106855,4,0.7336869838796156,BERT
77,1.3816162642725502,0.5453591208777979,4,0.6632890528078187,BERT
93,1.5971309980792854,0.5826704297596791,4,0.6967897536262804,BERT
86,1.3157073781192794,0.5232549111571064,2,0.7385392297542552,BERT
72,1.7710754035600602,0.503738989050269,4,0.6052443667764082,BERT
55,1.7018900455272508,0.4472387236404898,4,0.5970396691593634,BERT
63,1.4853317094511658,0.4874174464752781,4,0.7233941486647548,BERT
80,1.4154142803298215,0.46726721647710007,4,0.7434143527222637,BERT
95,1.6554868786978358,0.4847186130712985,4,0.7403258003418436,BERT
67,1.5483132367110126,0.5130467318382259,4,0.7501493036627895,BERT
134,1.6625415405839765,0.45888832376992783,4,0.7574173348284264,BERT
134,1.613102808706814,0.4548347590753472,4,0.7435119587272926,BERT
104,1.4553206484442054,0.4718479297818184,8,0.3512507658721455,BERT
85,1.5316504125923878,0.49206358314902887,4,0.7423212981054507,BERT
75,1.6681651008967537,0.446312427148966,4,0.6673832866772842,BERT
98,1.7376212006699936,0.4605820859758757,4,0.7377651318393423,BERT
78,1.607735968894945,0.42830276336628037,4,0.6873801690139433,BERT
47,1.6886563640419314,0.4398896438814025,4,0.5766843633249749,BERT
109,1.5478634343812878,0.479286491815355,4,0.7456962619533611,BERT
128,1.6391453587517726,0.505876308990673,4,0.7519278766088378,BERT
139,1.7818377154370968,0.4948769124964384,4,0.7289073684741204,BERT
125,1.713661141330566,0.47310435224141867,4,0.6612802266357374,BERT
119,1.5848720910890313,0.48345042238564356,4,0.7205798955942694,BERT
70,1.4756672866075713,0.45919479557251414,16,0.2991636995651549,BERT
132,1.6645278272165525,0.5217378985275625,2,0.7484394447824284,BERT
82,1.7387272908412659,0.5316565089003555,4,0.6306171875447847,BERT
8,1.4517469809776782,0.5139778152715228,4,0.41775662985056405,BERT
144,1.856570563030831,0.49672220579511533,8,0.3516531053490335,BERT
116,1.6209776367954827,0.47721126972371036,4,0.721803766586094,BERT
111,1.5165812700338652,0.466994708309134,4,0.7347084256705221,BERT
124,1.5736814975266915,0.4865624066598607,4,0.721282199922672,BERT
98,1.792824021409394,0.4480781211079868,4,0.6961194434075684,BERT
119,1.6470152340245672,0.4349690968794145,4,0.7199537183786309,BERT
155,1.6952886987318971,0.4592213362895308,4,0.6940340674522122,BERT
136,1.555489763431053,0.5015741538518057,4,0.6462264638514977,BERT
130,1.503722422683028,0.422090677407399,4,0.7100495635237708,BERT
90,1.7433063226296595,0.47186913552317206,4,0.703103435985499,BERT
105,1.3739696783530482,0.5103395162060269,4,0.406305091382202,BERT
127,1.606926075495406,0.5081189475033412,4,0.7540452466108968,BERT
115,1.6055790329603181,0.5531776564540376,4,0.7556765795139079,BERT
114,1.6019940797806813,0.5304617749271805,4,0.7531829224147442,BERT
65,1.550843967525169,0.5501503075246985,4,0.6963776286958634,BERT
122,1.6672052881005213,0.5394352372772613,4,0.7350541493120674,BERT
127,1.4538829497605845,0.557453214930324,16,0.20755389960767134,BERT
73,1.5148596922037982,0.5216728991682049,4,0.736035443439605,BERT
109,1.6233751276231319,0.5373542092866198,4,0.7377426475985709,BERT
167,1.4119044363615905,0.4885427715057633,2,0.6951326447943285,BERT
85,1.5832804588898968,0.5063707766081145,4,0.7257332435800825,BERT
118,1.7035465953980686,0.47844664268357895,4,0.7645679261993071,BERT
132,1.702362280801322,0.49304480893415414,4,0.7459832829291143,BERT
138,1.8287663856655336,0.4536201939742718,4,0.6299223404653582,BERT
114,1.7741943164401914,0.4800756200682536,4,0.7510414995071548,BERT
121,1.6687852143799635,0.46655837147081564,4,0.7470580485080617,BERT
144,1.7228267706074403,0.4435284424921587,4,0.7066789313863977,BERT
103,1.492108577087386,0.5144203473704783,4,0.758577106092949,BERT
104,1.4872395135273186,0.5495052651668075,8,0.2506338251343444,BERT
101,1.4240499809053802,0.5260370442821568,4,0.7443896414669239,BERT
93,1.5341125908257367,0.5763519868439245,4,0.7394323146616283,BERT
110,1.6087677579299295,0.516670584728302,4,0.708731578569628,BERT
116,1.5648489240555015,0.4954830842142687,4,0.7194706490645065,BERT
125,1.478503137732551,0.5054405886633274,4,0.7525420801933705,BERT
78,1.6322557713151338,0.4765388266000404,4,0.7007776528654484,BERT
68,1.7508854543492856,0.48539780896252605,4,0.5943711292832957,BERT
106,1.6798558652312554,0.461410955704426,4,0.7702521091699005,BERT
98,1.690398344958096,0.4574874774273421,4,0.7359829489431023,BERT
104,1.3314715402870336,0.43676380005364024,4,0.5323894452699919,BERT
106,1.6527512375049822,0.47243271723017016,4,0.7633561617371968,BERT
95,1.5513971305745964,0.4654451496818509,4,0.7667141551078304,BERT
93,1.5273534197449963,0.46657260568571396,4,0.7684540631855653,BERT
96,1.5278229749639334,0.4642259749719062,4,0.7683713617595445,BERT
88,1.515481207348637,0.46634856743496816,4,0.751075781885762,BERT
94,1.545576544118379,0.46177722753722505,4,0.7375041848602644,BERT
97,1.4750703478814158,0.45042072730667476,4,0.7655518474492337,BERT
97,1.4661439169367614,0.4491736251973177,4,0.7656686358534652,BERT
82,1.4227948268611013,0.4506447392703908,4,0.6902118127926915,BERT
95,1.3735817463441127,0.47384943795912304,4,0.7632906081520888,BERT
107,1.4441616992750095,0.4680154817465655,16,0.20684345285124514,BERT
94,1.3639683909865454,0.4309005856966959,2,0.7846313335867544,BERT
97,1.372817198278061,0.42847289237903896,2,0.7838853248928963,BERT
98,1.3689670956794537,0.434571505105085,2,0.7800959109660214,BERT
97,1.29392392436427,0.4265165138439096,2,0.7823080525417113,BERT
97,1.2573635418178328,0.424218894267977,2,0.7811051986623607,BERT
91,1.3519832745975682,0.43056088726285535,2,0.7755837687176774,BERT
91,1.3036662955287495,0.4210720434521294,2,0.7750011277228038,BERT
98,1.227015390459589,0.4285613250569711,2,0.7741898033710167,BERT
90,1.2581978054189569,0.42377238538087847,2,0.7960068671731316,BERT
91,1.2357859276573802,0.420063858362575,2,0.7828892739448573,BERT
91,1.2480522941578394,0.4113429061245034,2,0.7904286939157452,BERT
91,1.2304811482879385,0.41253344196996394,2,0.7865584764437783,BERT
91,1.261060147744192,0.42251980360507624,2,0.7765939468596043,BERT
91,1.2427989532937749,0.4200612915558099,2,0.7828892739448573,BERT
91,1.253067446819123,0.4247433122216879,2,0.7760361542977608,BERT
90,1.2414422937635847,0.4189947579650513,2,0.7880627482783833,BERT
90,1.2428968227541024,0.422210713281598,2,0.7857754246442549,BERT
88,1.2511073099109686,0.4213251248970225,2,0.7721311618642539,BERT
91,1.208223125251772,0.405988007941142,2,0.7736315388845787,BERT
90,1.227802378475234,0.4041932426405628,2,0.7870398390321605,BERT
87,1.293573179193004,0.3967947784535311,2,0.776120683416494,BERT
90,1.287307152744632,0.414231493696205,2,0.7848590466806925,BERT
91,1.286582237184511,0.39553970860699245,2,0.7802364730244391,BERT
84,1.2838770995093212,0.39775386059404094,2,0.7860332627048505,BERT
84,1.2718101553259158,0.3985547089705652,2,0.807138560246351,BERT
84,1.1700531691188865,0.39523721289244385,2,0.8102180592822118,BERT
84,1.1717376626803355,0.41120579715608085,2,0.8102095522073832,BERT
82,1.1710784873653497,0.4073951259028278,2,0.7766765245442621,BERT
84,1.187462990719649,0.3935728269629542,2,0.8102180592822118,BERT
84,1.1887286010263545,0.39713972119360275,2,0.8115647145333222,BERT
83,1.1266692229482096,0.4125118527888337,2,0.7184354316829242,BERT
86,1.1873010417647294,0.3922040303311827,2,0.7895460335422685,BERT
85,1.196820063538099,0.3893415912362725,2,0.8102180592822117,BERT
85,1.1894999818778835,0.3846008043438785,2,0.7215623904270503,BERT
79,1.1547218028877797,0.39901282415831596,2,0.779519316705514,BERT
86,1.2151887762372062,0.3910518901053184,2,0.7895460335422685,BERT
86,1.2111201455920895,0.3883887157719432,2,0.7895460335422685,BERT
85,1.2040884105182699,0.3775950508505364,2,0.8073098902859528,BERT
84,1.19635614700432,0.3766024613590112,2,0.8073098902859528,BERT
81,1.1987055103613364,0.3748180627575101,2,0.7575671180625306,BERT
163,0.12670490414156324,0.16245369297344445,16,0.003359381015270979,word2vec
167,1.1604083421552327,0.15659495159330003,4,0.0008380032763368497,word2vec
142,0.07927514102238165,0.2879476742800642,4,0.0008380032763368497,word2vec
62,0.9010459071800757,0.2680862096082457,2,0.4039838629406361,word2vec
83,0.9896602499915333,0.5571528580600185,4,0.0011587726115593786,word2vec
69,1.7675884479102544,0.48021362766435316,2,0.6394797089496306,word2vec
96,0.7454063669696015,0.5518343994929802,16,0.004199356477857567,word2vec
118,1.946183681616689,0.3048399025733264,8,0.41146045667076137,word2vec
99,0.40521158015891057,0.417738118048398,2,0.4170914289602628,word2vec
56,1.8601706626338161,0.1903429727471452,2,0.6056567687169311,word2vec
11,1.5834126248381302,0.43107285565889397,8,0.40163756592396654,word2vec
40,1.9956340775761297,0.4423329941913325,2,0.5193886249717391,word2vec
43,1.5692007403678034,0.2230027918860202,2,0.6250268544179727,word2vec
17,1.4818377750868308,0.10642365147507847,2,0.485323616559208,word2vec
47,1.5073788709940432,0.38422054170022524,2,0.6390544886704059,word2vec
77,1.291732440172847,0.3640362038845,2,0.763199165999351,word2vec
124,1.2915962240576968,0.4896376868039776,2,0.6783225024379602,word2vec
130,1.190513634463949,0.343987513468744,16,0.015966534588604014,word2vec
117,1.3220753952202415,0.476881001518378,8,0.531591971055676,word2vec
191,1.3011694624682932,0.3778221392908814,2,0.7183179533653652,word2vec
191,0.7858218237875981,0.3714937364747659,2,0.42973496702070035,word2vec
184,1.305162770837405,0.3424593213463344,2,0.7194006028001362,word2vec
195,1.0694645284530258,0.35078695168299495,2,0.4281565534933652,word2vec
175,1.3365798197501741,0.3403568553444245,2,0.7184453208208271,word2vec
163,1.682162777933626,0.32276833727910426,2,0.7051411375528691,word2vec
147,1.3450698106708123,0.26305208102928773,2,0.698964601430279,word2vec
177,1.4460226367145192,0.3311119749357334,4,0.0008380032763368497,word2vec
77,1.1190361893630094,0.30683185882168423,8,0.5630242194566476,word2vec
147,1.6892433185672497,0.39960461243558293,16,0.3166524456408198,word2vec
173,1.2261046209524036,0.35403132854511454,16,0.022286238708610823,word2vec
160,1.3885417880692963,0.2511581514270526,2,0.71224717194117,word2vec
185,1.2963552731247845,0.3925142380340317,2,0.7194338238529581,word2vec
182,1.184830814513749,0.3935618841934807,2,0.7189305742840838,word2vec
181,1.1836168423037532,0.4010556478418301,2,0.7189305742840838,word2vec
154,1.0455637692098534,0.2963179071568287,4,0.0008380032763368497,word2vec
185,0.9679865125402237,0.3634229665979736,2,0.42973496702070035,word2vec
138,1.1376246283765816,0.3870266552502527,4,0.0008380032763368497,word2vec
89,1.442737101079812,0.4486021781349032,2,0.6905699320850945,word2vec
113,0.902053227255234,0.4137928834620877,2,0.41999075502634686,word2vec
169,1.1934018945667708,0.317920284129729,2,0.7148053512162779,word2vec
161,1.2516373176371633,0.3670033767847685,16,0.017003526128153253,word2vec
182,1.116355787767203,0.4056128578824991,2,0.7129414191584664,word2vec
184,1.2255498911794542,0.4067272395162815,2,0.7065074905574978,word2vec
74,1.0114215265486626,0.2841298356110064,2,0.748615369992337,word2vec
67,0.9928561738671211,0.32674302692725066,2,0.40577907909569805,word2vec
84,1.400493221749318,0.24440720649484676,8,0.6477806759026701,word2vec
57,1.0762661167276428,0.2920382311229342,2,0.7209290158982226,word2vec
58,0.7893905428392891,0.31467381123683774,2,0.40361027635271934,word2vec
30,1.059105367335975,0.2782787374306099,4,0.5576761245989732,word2vec
105,0.9076266154529589,0.3042536203328756,2,0.4281565534933652,word2vec
74,0.6629717219663931,0.290234463097014,2,0.4250405456809884,word2vec
51,1.239431580420944,0.2825172616023414,2,0.7276753336051316,word2vec
51,1.522675491016223,0.28383564825936225,2,0.6438326463267517,word2vec
35,1.2656395151309545,0.22357693793443095,2,0.6580202079760065,word2vec
66,1.40429879314406,0.35373256482445425,2,0.7072304197071988,word2vec
94,1.104212407357631,0.26766365761342936,8,0.0,word2vec
54,1.3018388219790011,0.33984866683424897,2,0.7236165185039343,word2vec
19,1.0291496277689403,0.30946770681535474,2,0.5639414584281434,word2vec
53,1.2664960431604044,0.33029796016136326,2,0.7100188732371349,word2vec
60,1.3688638389871155,0.28526302827977024,2,0.7019021407567143,word2vec
75,1.12837762909461,0.3668509842276744,16,0.14627187713994672,word2vec
42,1.3223741936826114,0.3379810486022035,2,0.6689432680374683,word2vec
31,1.2868206528535382,0.3392877189775015,2,0.6109817905807943,word2vec
82,1.4700579348482339,0.3017941011528806,2,0.7226137165224059,word2vec
82,1.486097386874758,0.3050631357738161,2,0.7068880201723644,word2vec
106,1.5462981262539375,0.2730002829363657,2,0.7090754342506261,word2vec
47,1.5824581399284576,0.29859076288076963,2,0.671954986267129,word2vec
64,1.3564311417772088,0.24469446926780136,8,0.6474736759756878,word2vec
71,1.172023908425708,0.3824986365042379,2,0.7129310926038626,word2vec
91,1.4452305623554003,0.3526700135723547,4,0.5791213307527503,word2vec
80,1.2181574771285126,0.3259972138045748,2,0.7287163086822994,word2vec
85,1.2344494400525063,0.3201702432069689,2,0.7110282060147597,word2vec
79,1.0755958318823067,0.25986197433138336,2,0.7291263781651649,word2vec
78,1.0713870983321618,0.2904542597131488,2,0.7126232858611081,word2vec
98,1.1526213953635642,0.25953888844654405,2,0.598733933413454,word2vec
61,1.2090643678455706,0.2658241735120506,2,0.7028246495371157,word2vec
55,0.9781790903219792,0.27717462922414116,2,0.4007253331906061,word2vec
72,1.068407236927788,0.31733080811336634,16,0.12088337968897057,word2vec
80,1.3370806536939146,0.2954700992029073,2,0.7337065107157319,word2vec
79,1.3149535416189178,0.3254978704443623,2,0.7354636076317808,word2vec
88,1.3240997722497316,0.33061494509594236,2,0.7414901643174125,word2vec
89,1.322358348373951,0.33232930895189206,2,0.7270650125189276,word2vec
89,1.3749219506893178,0.3186460049460283,2,0.6905539980659945,word2vec
103,1.236584664238638,0.3287583742337393,2,0.7343150840203544,word2vec
102,1.2203180632894037,0.35900545682650753,2,0.5940484815444024,word2vec
95,1.1629124078293085,0.34637837116103654,2,0.5623852976979543,word2vec
110,1.2596933140588455,0.37072704193142514,4,0.4193742778351957,word2vec
78,1.4164511160617017,0.29458775534474496,2,0.6994171849726576,word2vec
120,1.19200318297389,0.3083221658996918,2,0.5870388898551784,word2vec
68,1.364868558699999,0.3293587255523624,8,0.6495161379984759,word2vec
101,1.1403533276516093,0.25210145690525987,2,0.5843148587970236,word2vec
85,1.3228089387378954,0.3282224632043762,2,0.7033209277487937,word2vec
87,1.2756625371977859,0.27734230469876076,2,0.7304335259844295,word2vec
80,1.2394020583376764,0.2788542404388473,2,0.7315567522510836,word2vec
80,1.2733719658497515,0.23158732811158428,2,0.7323493481835327,word2vec
92,1.2737879701023849,0.22648886660768763,2,0.7171611321773881,word2vec
73,1.4246993928136866,0.2358799869028789,2,0.6870236270416012,word2vec
86,1.3509355025671468,0.2604296603723266,16,0.25798789409016387,word2vec
96,1.2690171872057137,0.27105517830006665,2,0.7122507314470348,word2vec
69,1.1235209105530877,0.21720747507572424,2,0.6847492486970876,word2vec
79,1.3949948015101243,0.2879225001051848,2,0.7225785787991431,word2vec
80,1.1993266761730033,0.27524767155018826,2,0.7281694951578411,word2vec
75,1.233474920355434,0.3095038742300009,2,0.7252113182080638,word2vec
88,1.310046458439882,0.2999145425690079,2,0.7247457399237638,word2vec
64,1.1670446472120355,0.34850291191102334,2,0.6997882061959587,word2vec
82,1.0888390342916754,0.2824461596698666,2,0.6177770975196185,word2vec
105,1.0163014101655616,0.32314478533092156,2,0.4280111861022752,word2vec
94,1.2979558141089023,0.3133409725948334,2,0.7280099972423169,word2vec
70,1.2370264968562834,0.2970776615415797,4,0.5629477955079124,word2vec
77,1.3490701558456761,0.25580085327932345,8,0.5935164694201556,word2vec
98,1.448393562763823,0.2669801663312919,2,0.7094437115173724,word2vec
80,1.18444796548809,0.2748441092396018,2,0.7379541236743731,word2vec
82,1.1190474802412438,0.28169544787637996,2,0.709542897903948,word2vec
87,1.2107961197920987,0.24224906621730954,2,0.5197950764743714,word2vec
74,1.287461088097178,0.35921017537254774,2,0.7279941637366242,word2vec
92,1.1594278863764234,0.3374108945166212,2,0.7149394235262265,word2vec
110,1.3955985912393678,0.29190378655196314,2,0.7349290518447029,word2vec
131,1.3810069077619453,0.2616013942485081,2,0.7160314333526093,word2vec
112,1.3269507305782393,0.25214292371974517,2,0.7503712582943141,word2vec
125,1.505357742010189,0.29452368426553366,16,0.3188884458426293,word2vec
106,1.4132775312991854,0.27378237285174256,2,0.7243111914975969,word2vec
116,1.3426849492993347,0.2563606543400062,2,0.7503257106993729,word2vec
114,1.3343301438902275,0.25059999121922105,2,0.7500118224377436,word2vec
119,1.3370966490853584,0.24919730479465188,2,0.7173351848441598,word2vec
112,1.463907168281596,0.23565205080519902,2,0.7093247901694506,word2vec
115,1.3214731392421244,0.25514222434765155,2,0.7489146700017759,word2vec
109,1.3919916722402,0.20897782823584315,2,0.7341259189052315,word2vec
114,1.3902244479327441,0.2077261966352068,2,0.7191887590627967,word2vec
127,1.341022114937683,0.25049957515662113,2,0.7191887483774495,word2vec
109,1.4884161887816363,0.21004937774486682,2,0.720751577946126,word2vec
122,1.4292092553560936,0.24335208108987055,4,0.5853683891094111,word2vec
114,1.30290439569029,0.23047456562650118,2,0.7110600975330456,word2vec
116,1.360888446295899,0.21864901560256056,2,0.7338987775029744,word2vec
116,1.3710286778445622,0.19869523090540334,2,0.7338987775029744,word2vec
135,1.3749265607773034,0.18082546022565332,2,0.7007383018106847,word2vec
108,1.5402239025485387,0.20202273436290408,2,0.7316563296173696,word2vec
119,1.4611894751416652,0.19285673302110393,2,0.7273654277626563,word2vec
116,1.4112323458276923,0.22199399950080492,2,0.7315667627819555,word2vec
128,1.3666065057256636,0.21827949475320313,8,0.6063800328012032,word2vec
103,1.3197505182705815,0.2399297367271081,2,0.7246910522254801,word2vec
122,1.4914958773542653,0.2290031677297034,2,0.718714252008524,word2vec
110,1.3351235758214395,0.25292606693252306,2,0.7484231625273944,word2vec
111,1.395118196766722,0.2588408359216976,2,0.7490961940416673,word2vec
108,1.4342148752948234,0.25314866140766407,2,0.7601793310675028,word2vec
110,1.4316385985419209,0.2546272719495276,2,0.7357433755581201,word2vec
100,1.4449048927421504,0.25786147803559933,2,0.7085931508750686,word2vec
112,1.2715537584342496,0.26699072201023755,2,0.737783152957189,word2vec
109,1.5215145170768445,0.2684807580423144,2,0.7085328867323387,word2vec
114,1.305902426386445,0.25543289338080927,16,0.011000651165219763,word2vec
123,1.427226716519927,0.26937927763208913,2,0.7385657307349351,word2vec
134,1.435241499679093,0.2500269783939404,2,0.7110911939190299,word2vec
123,1.4020333962512384,0.2718305015885369,2,0.7385657307349351,word2vec
120,1.3239268844066099,0.2630984593537657,2,0.7187383711548555,word2vec
124,1.4670002683645604,0.24348415474752735,2,0.7034335305266203,word2vec
140,1.5904797928449854,0.26878298718541527,2,0.7116200724216811,word2vec
112,1.2597542002205189,0.25372054596248655,2,0.7514611085598046,word2vec
111,1.2658747561633874,0.25228140032476676,2,0.7267169911623667,word2vec
118,1.422244083751129,0.23785702403516362,2,0.7134674588938613,word2vec
124,1.263023355648617,0.2647036783974762,2,0.7115630624974346,word2vec
131,1.34766745406374,0.2816832922736924,2,0.7114688409187709,word2vec
103,1.205212436534685,0.2547276656179002,2,0.7060504210643199,word2vec
107,1.299292102093837,0.2687590760567442,2,0.7426462645807824,word2vec
106,1.2835168846205811,0.26989951199665196,2,0.7466881413233935,word2vec
106,1.2861717489852966,0.264560402711977,2,0.7466881413233935,word2vec
105,1.3070238538867005,0.27572165740395554,2,0.7163528335950629,word2vec
99,1.3474568468738897,0.2440114651057777,2,0.7230086772611792,word2vec
116,1.2436107336565976,0.2843936872540097,2,0.7187461360613818,word2vec
107,1.1897013818235997,0.26839900660119054,4,0.02066901799155384,word2vec
101,1.2822860749033402,0.23516111350494479,2,0.7245383091378631,word2vec
121,1.3380445939113101,0.24791462152934535,8,0.5226899301884735,word2vec
114,1.3850977552604007,0.2758658556308937,2,0.7323150534807781,word2vec
112,1.2801085685276543,0.2627026427745779,2,0.737783152957189,word2vec
107,1.243525174246121,0.2695726717801531,2,0.7069728071257221,word2vec
118,1.2906592468466864,0.28908557175254895,2,0.7068978486262155,word2vec
113,1.3319201659736817,0.26226463091664,2,0.7503712582943141,word2vec
125,1.326985602270408,0.25755394885558525,2,0.7109766683557274,word2vec
105,1.3951738201932917,0.24764609019561687,2,0.7330554798732964,word2vec
113,1.3662429398036409,0.28449254696843745,2,0.7534850929260662,word2vec
97,1.3585082396955144,0.2333682315964855,2,0.7034855253340735,word2vec
113,1.4161723011705634,0.2861894744519007,2,0.7231116933942843,word2vec
117,1.4804741107262445,0.25900995091567003,2,0.6935279933999285,word2vec
108,1.3185824671713784,0.27676557256047996,2,0.6964037084247758,word2vec
103,1.3864350875283624,0.27363182786414775,2,0.7135000867413266,word2vec
122,1.2403399941857913,0.24533739908261515,2,0.6993607123487335,word2vec
112,1.3516006999925079,0.30363047560216094,2,0.7526926922970253,word2vec
112,1.3460505200467325,0.3031012936537883,2,0.7526926922970253,word2vec
111,1.3507063324336044,0.3040454489685608,16,0.14936553550875364,word2vec
115,1.3012949626901067,0.3022811850535831,2,0.7110600975330456,word2vec
109,1.3564262328030021,0.289867769292149,2,0.735233712634016,word2vec
104,1.4526319676125683,0.26124512487033286,2,0.709685222627975,word2vec
118,0.9554411490058673,0.31043372057289836,2,0.4281565534933652,word2vec
113,1.3886497201526324,0.2811394093558556,2,0.7332409098477142,word2vec
107,1.3216446174305916,0.29548897894475673,2,0.7217257743583471,word2vec
128,1.4119433150810903,0.26547235080589715,2,0.7190376218653833,word2vec
119,1.2887949065865243,0.2583058426031765,2,0.715810271053561,word2vec
111,1.3587188855212733,0.24984231877475835,2,0.7534850929260662,word2vec
101,1.3490412671937466,0.23521016572173034,2,0.730196858709788,word2vec
111,1.2585537093512045,0.2520272449214716,2,0.7266447692923629,word2vec
115,1.3204434396723854,0.24272541433264883,2,0.7489146700017759,word2vec
114,1.3046375081239938,0.2398097835433077,2,0.7110600975330456,word2vec
152,1.4764558391438198,0.2545249344011675,16,0.1393706176420013,tfidf
191,1.3063562638921689,0.36036903993546543,16,0.014059852113314885,tfidf
67,1.1474686738236104,0.2892159229215937,16,0.1855043965823659,tfidf
192,0.5284530170091231,0.24202342120199452,16,0.014059852113314885,tfidf
5,0.14024787580951542,0.19098001886954916,2,0.3925646511309505,tfidf
126,1.026541143895008,0.5783646273361117,16,0.014849049436221876,tfidf
174,0.9363911429799618,0.26076606234793,4,0.0,tfidf
90,0.6804186911016281,0.40120482990995987,4,0.0,tfidf
34,1.7003153335890138,0.16437775904606153,4,0.3379628999532264,tfidf
101,1.7214371863639084,0.11568772907802091,16,0.2433919454412408,tfidf
7,0.06245905906843252,0.10606830130127784,2,0.4192950685282382,tfidf
5,0.06222437763172593,0.12153410026439548,2,0.3925646511309505,tfidf
13,0.15668435955080262,0.10543180057882304,2,0.5094243747005155,tfidf
46,0.35216924536636146,0.10212210035305522,2,0.004277327906337146,tfidf
44,0.30525388341357945,0.1798867272157872,8,0.0009627239846704887,tfidf
20,0.06566476076278437,0.10066991476009149,2,0.5624954655741604,tfidf
76,0.6116618603536353,0.19127379874240205,2,0.0,tfidf
28,0.278340272837219,0.1663112274144434,8,0.006876401969934722,tfidf
58,0.8032503479822346,0.3010750243334661,2,0.4450359081044533,tfidf
124,0.4512041809575751,0.1535713696986335,2,0.0,tfidf
23,0.2350732277910188,0.21954212903000003,2,0.5794274760185718,tfidf
27,0.2358271292407524,0.10168762875191933,2,0.535285888675308,tfidf
27,0.43160664475823624,0.20834439401903315,2,0.53357055068932,tfidf
52,0.25619679273380164,0.15041641944937773,2,0.003839352232095013,tfidf
25,0.4742813039614199,0.14064367566009076,8,0.01413669516011698,tfidf
77,0.23398774886372425,0.2123964807071429,2,0.0,tfidf
38,0.6296813968390421,0.14335415834596904,2,0.4248502741045794,tfidf
20,0.37053340812397106,0.22420858242161562,2,0.5427797699505981,tfidf
64,0.41765636344104695,0.20688588434130184,2,0.002068170654568543,tfidf
112,0.05371656971714023,0.24288263804996524,4,0.0,tfidf
21,0.7341398982381659,0.2313339071505419,8,0.21047632200945354,tfidf
18,0.1905281131943693,0.13171287378772917,2,0.5250321583292055,tfidf
37,0.3485132849976101,0.17024702475992037,2,0.4105102091098472,tfidf
153,0.5527566633817906,0.2837684761262577,2,0.0,tfidf
19,0.19384393628880528,0.10004100879644993,2,0.5478294274121648,tfidf
16,0.14885839421052477,0.13450137615421087,2,0.5361384788999255,tfidf
51,0.5294054617505524,0.1734836550792695,16,0.016015836390154355,tfidf
70,0.36199271698765567,0.2243759087101934,2,0.001965706918386675,tfidf
39,0.17003192135425402,0.1915533275070441,16,0.017191847608082435,tfidf
12,1.2396278801306695,0.2664240140274323,4,0.35920459585675074,tfidf
86,0.32219366081421824,0.3250327936037423,2,0.0,tfidf
17,0.17505151927835466,0.13325744282907337,2,0.5177860670806097,tfidf
32,0.11708273604582788,0.13136948384960268,2,0.6027245902629264,tfidf
31,0.08209730576579184,0.12725423340248682,2,0.5997450836800092,tfidf
32,0.10591678083833048,0.11707632263275768,2,0.6027245902629264,tfidf
58,0.06241501717589257,0.15554742818838035,2,0.00514846229094453,tfidf
33,0.1078559354542423,0.1249211819924337,4,0.004082213699061292,tfidf
46,0.12101232816414732,0.12265372905504468,16,0.017440135599549784,tfidf
169,0.25429409522689117,0.19105572104551155,2,0.0,tfidf
6,0.06351018749711813,0.15969294871665485,8,0.35156982340014825,tfidf
32,0.2573500940521933,0.12298897659565357,2,0.6027245902629264,tfidf
33,0.2932094119326618,0.11948358374783576,2,0.4424693140521068,tfidf
43,0.1280942865973313,0.11862968894527562,2,0.006196343058976099,tfidf
29,0.20232246054678032,0.1430782066593038,2,0.5584494511349227,tfidf
11,0.2728939164718272,0.10107875010290855,2,0.47856032327194287,tfidf
53,0.11792162871414807,0.1765620907228218,2,0.004598417352961533,tfidf
42,0.22088828246271486,0.15307110960348133,2,0.005609032569674496,tfidf
62,0.30344157244375747,0.1167017366607701,2,0.002068170654568543,tfidf
25,0.4163977279487829,0.138851511166712,2,0.540147218264638,tfidf
33,0.05285756352820892,0.16437711086479773,4,0.004082213699061292,tfidf
52,0.39513402837196643,0.18283874041942216,16,0.015388585413040414,tfidf
30,0.21663911054855983,0.1447194585626958,2,0.5740335132970538,tfidf
24,0.23039165602151687,0.11363093676484345,2,0.5428789461833071,tfidf
12,0.12766790840769804,0.14114685705654365,2,0.5065224380927992,tfidf
29,0.3135345337208432,0.15479780525985365,2,0.5516553962831655,tfidf
47,0.18644322407124087,0.10029131318746488,8,0.0009627239846704887,tfidf
36,0.4808018832745229,0.13401645405270676,2,0.40780004698688227,tfidf
137,0.24588259780059174,0.11743201931832893,2,0.0,tfidf
5,0.3603696088171403,0.19714409408750916,2,0.3925646511309505,tfidf
98,0.10006875843901748,0.1659636393372601,2,0.0,tfidf
30,0.165270771586161,0.18049907227601134,2,0.5740335132970538,tfidf
22,0.1605596341463449,0.1783095037427354,2,0.5745237792118721,tfidf
31,0.14936578095082242,0.1773708716421161,2,0.5997450836800092,tfidf
37,0.27698578921469874,0.19806114131635072,2,0.06334284972256433,tfidf
23,0.14671453334841783,0.21100031008659637,2,0.5954156691829511,tfidf
20,0.10985334080612853,0.21087670912138956,2,0.5624954655741604,tfidf
12,0.16043056638133435,0.18060292650312576,2,0.5065224380927992,tfidf
22,0.05291375526866403,0.21791839774019284,2,0.5745237792118721,tfidf
40,0.3790791536415374,0.20290910382504346,8,0.0009627239846704887,tfidf
15,0.3081907250903302,0.1668180171310245,4,0.2941157026993865,tfidf
50,0.1921270896116118,0.23924235617043374,2,0.0036652195379201628,tfidf
22,0.0946181564203879,0.21668325303175995,2,0.5745237792118721,tfidf
25,0.14189234589951608,0.2555906461666523,2,0.5519777321546762,tfidf
35,0.06217904559518759,0.22199308996132644,2,0.06724906878212618,tfidf
9,0.24095226397284503,0.1875191303179003,2,0.4499222700701243,tfidf
22,0.14986898637315824,0.12794181086744982,16,0.023658886305188843,tfidf
43,0.09623009236889217,0.23412577661353576,2,0.006196343058976099,tfidf
57,0.19396616610301956,0.15395777960108648,2,0.0063899399037228325,tfidf
16,0.32762192004873836,0.20556597474018326,2,0.5317615198430548,tfidf
70,0.2591616756405968,0.17251530286015615,2,0.001965706918386675,tfidf
188,0.0931620453490754,0.11119557483187713,2,0.0,tfidf
23,0.0899387847184277,0.215196728865875,2,0.5969352118371616,tfidf
27,0.05406080775134346,0.2258414371774401,2,0.5730407547849075,tfidf
33,0.15037408475024724,0.19451651248059965,2,0.44206866635513964,tfidf
20,0.2122305626239702,0.2146432644053731,2,0.5655217977837632,tfidf
39,0.14132711304359308,0.24669328329181386,2,0.06233079686552946,tfidf
30,0.09350468116306954,0.16050343716396467,2,0.5740335132970538,tfidf
15,0.05005752935038904,0.12769892002014616,2,0.5021758608839365,tfidf
9,0.2725208165901896,0.1494320351834077,4,0.3705568304616851,tfidf
25,0.19128420744656388,0.18574372973388015,8,0.01390883640389096,tfidf
18,0.3357886802740533,0.13752089246533364,16,0.02544943722794838,tfidf
23,0.10525868392221625,0.26696367111447866,2,0.5969352118371616,tfidf
31,0.13229819942627136,0.2637981426934172,2,0.5994046922789841,tfidf
31,0.22196806834143123,0.2480735563999104,2,0.5997450836800092,tfidf
32,0.22021943794115045,0.2681759759180586,2,0.6027245902629264,tfidf
44,0.22453115061752593,0.26577186611948583,2,0.0063033859693491425,tfidf
32,0.12299840684855239,0.2551021412413729,2,0.6027245902629264,tfidf
33,0.10823775088758535,0.2726350721164139,2,0.44273229736516173,tfidf
40,0.2636979786542479,0.2510162059708916,2,0.06554554431504038,tfidf
48,0.1808884436878443,0.28940407850647776,2,0.004528885508541646,tfidf
30,0.2147161212662964,0.23525097060201697,2,0.5740335132970538,tfidf
37,0.11337754221444854,0.24860665694880116,2,0.06233079686552946,tfidf
27,0.1400123949378102,0.258698028989098,2,0.5730407547849075,tfidf
33,0.28378015236601567,0.2785577601290996,2,0.44242325691741796,tfidf
43,0.08791551061173734,0.263036391925619,2,0.006196343058976099,tfidf
28,0.16862710793693342,0.23964525153034588,2,0.5736179662953479,tfidf
35,0.1442791471479552,0.2853979708859516,2,0.06724906878212618,tfidf
56,0.21936942835566062,0.2311346451008191,2,0.0063899399037228325,tfidf
47,0.08345154290115012,0.25362794517499676,2,0.004528885508541646,tfidf
31,0.30185251665156576,0.2760299950319293,2,0.5995856346291908,tfidf
111,0.3817982311556035,0.3023042056870715,4,0.0,tfidf
39,0.3027884442748766,0.27249288875714456,2,0.06334284972256433,tfidf
31,0.131816456032191,0.24367886054447746,2,0.5997450836800092,tfidf
31,0.2408484189987872,0.24153390570159794,2,0.5997450836800092,tfidf
30,0.24886943661142047,0.24778936732428444,2,0.5740335132970538,tfidf
35,0.3456514175369597,0.11035025383118587,2,0.40468080347842256,tfidf
40,0.18482410391053916,0.24225948339793582,2,0.006078187705972992,tfidf
26,0.2354705375057024,0.22942783825318983,8,0.00847770557322639,tfidf
30,0.27823779517903235,0.253478356565217,2,0.5740335132970538,tfidf
46,0.1894819754941639,0.13022566082831563,16,0.017440135599549784,tfidf
18,0.1257266757103115,0.29556314662440913,2,0.5250321583292055,tfidf
32,0.09604864720675171,0.2671458004699875,2,0.6027245902629264,tfidf
36,0.08478940247101249,0.27808658386799967,2,0.06911372415429788,tfidf
31,0.4426735201430442,0.26349399889092606,2,0.5695568578672497,tfidf
41,0.15686069687136323,0.23769278787382525,2,0.005609032569674496,tfidf
26,0.1260889633761011,0.22381082669206154,2,0.5715112515381596,tfidf
33,0.19874200931126132,0.2583316177816481,2,0.44206866635513964,tfidf
37,0.05933671346334586,0.30504131005846086,2,0.06307488357505037,tfidf
81,0.314408399071319,0.2753691771166157,2,0.0,tfidf
15,0.2498336621187673,0.24443974618785133,2,0.5021758608839365,tfidf
26,0.4085114390423107,0.14654167755547748,2,0.5469000388829324,tfidf
22,0.12762893557906446,0.25556611141156266,2,0.5745237792118721,tfidf
23,0.09626610554025908,0.26832843780452886,2,0.5969352118371616,tfidf
33,0.16991097721755197,0.262517664473928,2,0.44206866635513964,tfidf
19,0.9314076536066492,0.28409965101508083,2,0.5361518481301202,tfidf
29,0.2162797973381384,0.20432936064412502,2,0.5584494511349227,tfidf
38,0.11664319234504487,0.27061384528000687,2,0.06233079686552946,tfidf
26,0.05599107097422523,0.1148005012053467,2,0.5715112515381596,tfidf
44,0.16283404572073204,0.22627139261038542,2,0.0063033859693491425,tfidf
32,0.09501760461160537,0.12419081231195322,4,0.007592586525742211,tfidf
13,0.2297359597645057,0.23645646787951713,8,0.16734688253202304,tfidf
23,0.09020640455632092,0.2630651984725795,2,0.5969352118371616,tfidf
23,0.12370559996484559,0.2709644528816104,2,0.5969352118371616,tfidf
35,0.15333288688373342,0.2914558631321821,2,0.06724906878212618,tfidf
29,0.05191404336041325,0.2814850517643598,2,0.5584494511349227,tfidf
19,0.19828767797058738,0.2544631416421176,2,0.5478294274121648,tfidf
41,0.09389509719384372,0.24058359141217,2,0.005609032569674496,tfidf
24,0.2900844588350771,0.21580398329706557,2,0.5392929331431877,tfidf
28,0.1780186747170809,0.3125733565808263,2,0.5736179662953479,tfidf
37,0.12367527717246936,0.27038247742670685,2,0.06233079686552946,tfidf
20,0.08738849541048334,0.1396471298720067,16,0.025605746489448942,tfidf
32,0.09276841512746348,0.2644442412897665,2,0.6027245902629264,tfidf
32,0.15232614479429918,0.24831176618741446,2,0.6027245902629264,tfidf
32,0.14472059361749537,0.24546685611626304,2,0.6027245902629264,tfidf
32,0.22511665071988457,0.24449401659629735,2,0.6027245902629264,tfidf
33,0.2531002011163284,0.2484268107035503,2,0.44206866635513964,tfidf
42,0.21125601508681577,0.23324388213441685,2,0.005609032569674496,tfidf
37,0.3461523939945985,0.10674047340573178,2,0.4105102091098472,tfidf
32,0.5002851743591628,0.24344508895253278,2,0.5713456878265974,tfidf
49,0.1734866064535583,0.2848227023586071,2,0.0036652195379201628,tfidf
31,0.2749100606626595,0.25156385184398933,2,0.5994046922789841,tfidf
29,0.5803925059980561,0.25486151918228195,2,0.5358464602953561,tfidf
34,0.2927220043972013,0.2282395482113404,2,0.4354083855106198,tfidf
38,0.25312960638697896,0.24666522142949793,2,0.06334284972256433,tfidf
31,0.15774068001678299,0.27933386221852935,2,0.5999278516339158,tfidf
35,0.14968543099307435,0.2796112997424057,2,0.06724906878212618,tfidf
41,0.2139681949933347,0.29284775612186476,2,0.005609032569674496,tfidf
27,0.17754872810883934,0.33633796783111186,2,0.5434248641126016,tfidf
45,0.1407468924986885,0.12577370171315902,2,0.004277327906337146,tfidf
31,0.7481238290410697,0.26178698984780013,2,0.5968824565556187,tfidf
27,0.1957417657962085,0.2776324379913735,2,0.5435954863265463,tfidf
31,0.24324936303465317,0.25410125048559895,2,0.5994046922789841,tfidf
129,0.28012207800601613,0.24271417219308405,2,0.0,tfidf
35,0.32462398246053537,0.26390321283395507,2,0.06724906878212618,tfidf
162,0.13433430941565425,0.2228441485864647,2,0.0,tfidf
31,0.22790166374301718,0.16197927485352592,2,0.5997450836800092,tfidf
40,0.21928142716024612,0.14783059875230653,4,0.0,tfidf
27,0.16487257720742526,0.132893622756949,2,0.5730407547849075,tfidf
36,1.205490247233298,0.11176285721087549,2,0.6110946314225429,tfidf
37,1.1235721193505168,0.11251941435415888,8,0.0009627239846704887,tfidf
35,1.6524973246080403,0.12064052629649845,2,0.5342795926321561,tfidf
31,1.3549716069110826,0.10467647397493995,2,0.5687302140627871,tfidf
28,0.12603811316509367,0.16536177289322948,2,0.5736179662953479,tfidf
33,0.19053455124036958,0.13313004184923685,2,0.44206866635513964,tfidf
39,0.058138471256199385,0.1533476863887211,2,0.06233079686552946,tfidf
25,0.6485524722631418,0.12014129655331393,2,0.6383664699276296,tfidf
24,0.3581584507802169,0.12469373667279864,16,0.023168788261944726,tfidf
28,0.5608161802195264,0.10823173622753948,2,0.5349068690370652,tfidf
34,0.4651023769342171,0.11772778452174183,2,0.5766717836143512,tfidf
95,0.23356164071078608,0.14117102104029675,2,0.0,tfidf
49,0.4512128295236321,0.4968585600893487,8,0.007843961803599097,fasttext
109,1.6156866449939637,0.17042699772911016,16,0.31762779253065837,fasttext
158,0.24947781503863753,0.17609186474384023,2,0.0,fasttext
93,1.3478473444011114,0.25513274880458303,8,0.5742248667415826,fasttext
39,1.2921923501709194,0.25270298213589704,4,0.7341274299611583,fasttext
70,1.5037329201536145,0.5287559778477338,16,0.32351565989697884,fasttext
18,1.6044453854344607,0.25420735743565936,4,0.44672933967431333,fasttext
50,1.2004532150001637,0.2640313388148192,8,0.7244509082628493,fasttext
28,0.8469121958231324,0.1743431673450743,8,0.6457117520001098,fasttext
27,1.7250058379137152,0.30761388825881664,8,0.4297440271559691,fasttext
175,0.9505096722677033,0.4012260783232122,4,0.0,fasttext
69,1.9937127900468858,0.10808217326041847,4,0.5112917149055474,fasttext
6,1.244581218369661,0.35224059614330216,2,0.41187525510654227,fasttext
120,1.0595300428940104,0.40913883148633157,4,0.0,fasttext
54,0.6813097813129877,0.28607830217525826,8,0.01079291819064827,fasttext
86,1.1623616011769393,0.585658081144038,4,0.4522403681758776,fasttext
126,1.3049856464170455,0.22934285872033477,2,0.7450606064504416,fasttext
152,1.3547192673148498,0.2133862532045706,2,0.7470171787477677,fasttext
140,0.7976059690913859,0.19868812758597926,2,0.45893442314070987,fasttext
193,1.4131118488384753,0.10555210155149053,2,0.7437134072031191,fasttext
139,1.0351524956784022,0.21599849542400237,2,0.6277603859542771,fasttext
186,1.4121708077086428,0.11757176041973282,2,0.7447214823269026,fasttext
164,1.4338227595294597,0.13777606185383268,2,0.7554247452546755,fasttext
161,1.1522610996083895,0.14837585565364686,2,0.46222924590494,fasttext
130,1.8164906789506237,0.23101467931117403,2,0.7391478976649316,fasttext
152,1.4636672980360323,0.2123440192406582,2,0.7602912766956441,fasttext
152,1.512096678805571,0.14400450448362312,2,0.7415662316195759,fasttext
173,1.4532956765532161,0.2021181051804511,16,0.2576060213251627,fasttext
171,1.5918643933640055,0.14103882839638243,2,0.7489804005112569,fasttext
174,1.7590260045372745,0.14515688312924765,2,0.8276360327859184,fasttext
195,1.816387852516012,0.1484215908309936,2,0.8081773684779214,fasttext
184,1.807108445156117,0.10111262646246319,2,0.8269632205761215,fasttext
186,1.8075292168548878,0.10440698366819581,2,0.816719481291987,fasttext
185,1.850099779337964,0.1011399454662317,2,0.8238069399015515,fasttext
183,1.991939836011067,0.10298816248445418,16,0.312455875432154,fasttext
183,1.6968561896588246,0.17172152689625253,2,0.7400427177897654,fasttext
176,1.8413226102121518,0.1250050986728371,2,0.8082273401231389,fasttext
164,1.8884904635946043,0.17283787067030604,16,0.31244917810245526,fasttext
105,1.6764354266735355,0.10395600501564808,2,0.7151371010842135,fasttext
195,1.7340490688635553,0.15622220811441295,2,0.7990326036255344,fasttext
142,1.593240896993918,0.180834190432427,2,0.7651716312168643,fasttext
181,1.8769056981359726,0.12846214517403143,2,0.8229486605731672,fasttext
184,1.894231800065391,0.13259864384378978,2,0.8243978576552027,fasttext
169,1.9444832462302128,0.1322743557601072,2,0.8226023565164566,fasttext
179,1.9225550560639701,0.12669437048988066,8,0.4729712340523464,fasttext
188,1.8827258966217415,0.16443562396973818,2,0.8277978589764767,fasttext
157,1.9769570563269334,0.1648806798371369,16,0.32118051670284886,fasttext
189,1.7722002108393131,0.1805735513550485,2,0.7963614473148104,fasttext
166,1.652066040590423,0.19465404880137405,8,0.5925311109070108,fasttext
177,1.7366964307564943,0.1587739989144366,4,0.46188867727391264,fasttext
148,1.8831861143615696,0.12349387184295024,2,0.8055088545489372,fasttext
181,1.8702366419499106,0.12890432924120765,2,0.8243856743088404,fasttext
189,1.9129550056076496,0.1601670912908002,2,0.8265620804300423,fasttext
171,1.9198601751401356,0.15894049741245722,2,0.8222875966834216,fasttext
190,1.7548959349137927,0.18192670526634247,2,0.8000365498207566,fasttext
117,1.9818637555278114,0.24245552153441294,2,0.6852158947801917,fasttext
78,1.6612297296026926,0.19507568223608013,4,0.7457507345272,fasttext
158,1.7810175102488404,0.13988217673055955,2,0.7572749045812797,fasttext
177,1.5621612816461474,0.11954807058702827,8,0.5952388805983426,fasttext
189,1.9203437145655984,0.16234436423674942,2,0.8265620804300423,fasttext
195,1.9200759110570562,0.22732552040655132,2,0.8230629568773581,fasttext
188,1.9965008541826608,0.15903902357299166,2,0.821001612729101,fasttext
169,1.850815493104534,0.14560777613015807,2,0.8187873264082824,fasttext
181,1.7228497194889432,0.1248659056515936,2,0.7977780533001275,fasttext
188,1.774595287614892,0.18853764507367973,2,0.7996403654248865,fasttext
174,1.9189731953426803,0.2052830487930061,2,0.8265573324182346,fasttext
160,1.9318131791181725,0.16838013396729862,2,0.7682861344314766,fasttext
173,1.8292244329943617,0.20642094112724718,4,0.7297329413825153,fasttext
56,1.6430259953155866,0.1520805950135422,2,0.6536770657351748,fasttext
134,1.7856278629407387,0.21823553912413132,16,0.3251564981550769,fasttext
190,1.6868108135170043,0.2639555249969143,2,0.7984026407322168,fasttext
179,1.882479535522784,0.1163204503035416,2,0.8220473315116401,fasttext
166,1.8425690166513933,0.13900952717046006,2,0.7600170758550284,fasttext
183,1.933596790602311,0.11410368417460287,2,0.7985852050152936,fasttext
94,1.81394185540778,0.18360374501727889,2,0.7061634579843619,fasttext
174,1.9943350126099373,0.17156390928095014,2,0.8260888570999645,fasttext
172,1.955587311715946,0.1670402467742755,2,0.8249049477166811,fasttext
146,1.999956511045308,0.19626417419329784,2,0.7327085602883442,fasttext
173,1.962112230475501,0.17113678850181938,2,0.8248168599680789,fasttext
155,1.7139990370429037,0.20738099490265122,8,0.4678125059174342,fasttext
163,1.9146901818839266,0.16914624143442328,2,0.7931463586462716,fasttext
174,1.9455895671712646,0.14952976285067826,2,0.8255966120128685,fasttext
192,1.9425403138445883,0.14994134994260178,2,0.8299879588788676,fasttext
192,1.8127773291097533,0.15128015126839106,2,0.7957310459428556,fasttext
195,1.8666673882191551,0.1422383096136693,2,0.8245932425602801,fasttext
186,1.7641586476956093,0.10927917282746075,2,0.785383153830794,fasttext
176,1.951100773661931,0.18771322313523223,16,0.3169514434520464,fasttext
167,1.9034204629435678,0.15560078108910388,2,0.7642128936825638,fasttext
8,1.843584403191834,0.17929808155074917,2,0.41863678193953957,fasttext
186,1.7309815971291074,0.13684047867337346,4,0.45502270908657244,fasttext
191,1.9962457649012946,0.11374259549594792,2,0.8274150860668559,fasttext
191,1.9967752027810095,0.11639018016046701,2,0.8274150860668559,fasttext
189,1.9959855762955643,0.12097054867610466,2,0.8228673914748915,fasttext
192,1.89273244026857,0.10066029879630972,2,0.8273429878981577,fasttext
192,1.8889501652493987,0.10003258974349513,2,0.8273429878981577,fasttext
192,1.8040538414075529,0.10059315609152453,2,0.8043145383632309,fasttext
192,1.8912188255013147,0.1079673045686726,2,0.8273429878981577,fasttext
195,1.8722867181340157,0.11209474045235136,2,0.8245932425602801,fasttext
179,1.8752301094070731,0.11407220713437724,8,0.5173748315344454,fasttext
182,1.7583279573172297,0.10223254556384719,2,0.828223047860121,fasttext
185,1.6944378165857914,0.11175600153685489,2,0.799617120985968,fasttext
191,1.7921324022405996,0.13247307689665985,2,0.8231040300530267,fasttext
183,1.6212354843715986,0.12403311109526668,2,0.7444728790104953,fasttext
180,1.840601448679068,0.1006426851026293,2,0.8021206906012954,fasttext
192,1.9587131362947892,0.10826257161080471,2,0.8269301834368141,fasttext
192,1.948310827094383,0.10831470548009733,2,0.8310038424049225,fasttext
185,1.7461073847107638,0.13004429006358295,2,0.7903470541966067,fasttext
192,1.8993218964014353,0.10133107701577959,16,0.31291345747768146,fasttext
182,1.8043488606769174,0.12263936313967538,2,0.8245829055878889,fasttext
178,1.9641681376528417,0.11685393292826247,2,0.8267275217797537,fasttext
195,1.8448425789859169,0.13614920877940617,4,0.7113987143895331,fasttext
191,1.9528458053683688,0.11061197285847127,2,0.8286596401371277,fasttext
187,1.8919362153768302,0.10873554204507284,2,0.8265990903453334,fasttext
187,1.7679048723355537,0.13000567643406166,2,0.8242794359655302,fasttext
182,1.9578784441228376,0.11652740418624413,2,0.8245243085931743,fasttext
191,1.8612533699684377,0.14418997732472583,2,0.8281913209405047,fasttext
35,1.8694673585218953,0.14420308514634864,2,0.5126447500253978,fasttext
195,1.9190040133076895,0.1385035097042494,2,0.824466850032633,fasttext
190,1.9699733553604322,0.10067994945837994,2,0.8309030039374066,fasttext
178,1.9973350667843175,0.10032408685791841,2,0.8012307359543002,fasttext
189,1.9652230711427827,0.12095878014316495,2,0.8235618177665753,fasttext
192,1.933645251125923,0.11149813356892162,2,0.8292817453796184,fasttext
185,1.944477771846402,0.1263525617507261,2,0.8273106673413725,fasttext
191,1.8551969390391418,0.1442358069540168,2,0.7957903889316422,fasttext
188,1.9142361541852095,0.12048752979676734,2,0.8264233167885985,fasttext
195,1.827741083205307,0.1321791289920296,2,0.8036930352899013,fasttext
182,1.9425211203885044,0.15122701458743604,8,0.4701291034926633,fasttext
169,1.9766773231175994,0.11279437198366851,2,0.7946757629222972,fasttext
177,1.9953654827946556,0.10049430069722415,2,0.8012307359543002,fasttext
190,1.7578854331759894,0.13685699561787634,2,0.799523793702434,fasttext
185,1.822621981311998,0.11687953994200549,2,0.816719481291987,fasttext
191,1.8915702063101276,0.10893141138530348,2,0.8306548514638795,fasttext
191,1.8820216168886428,0.11012448950201652,2,0.8281913209405047,fasttext
187,1.9284930105584426,0.12554889329729185,2,0.8269081575977187,fasttext
195,1.8761992040907958,0.14579216305537152,2,0.8252479858753272,fasttext
117,1.7136324342594778,0.1147064278205029,2,0.7634073172827173,fasttext
181,1.7913733766398034,0.15685927113247133,16,0.3164154726930912,fasttext
191,1.9345722793403,0.13273534771944115,2,0.8305656928104327,fasttext
188,1.9451963046538374,0.13099084376147216,2,0.8209202818027523,fasttext
184,1.8544692247777905,0.14141837208786523,4,0.4665786926216509,fasttext
177,1.3340310566212479,0.16057937347139448,2,0.74562791638054,fasttext
191,1.904465588840992,0.11058965215226518,2,0.8050196521456215,fasttext
191,1.9509506706298596,0.12043198513459007,2,0.8286596401371277,fasttext
182,1.9965894331850214,0.12488607294748268,2,0.8300778972067278,fasttext
183,1.9400544995690334,0.13009045436826353,2,0.7985852050152936,fasttext
180,1.9605854408276207,0.14989901720479387,2,0.8276225861764047,fasttext
180,1.830632115989793,0.14977983183689134,2,0.815453220080708,fasttext
171,1.9122641866565664,0.16559591437896043,2,0.8222875966834216,fasttext
175,1.5240523600273461,0.1381649270127435,2,0.7431429773899413,fasttext
187,1.9525457696719914,0.2849095062259663,2,0.8269081575977187,fasttext
180,1.8650516089994986,0.15138106621629954,2,0.8204225245384019,fasttext
195,1.9728982116686549,0.12523315570141466,2,0.8277413417343475,fasttext
195,1.9600400195969157,0.12764459389734506,2,0.8244225642161269,fasttext
187,1.911607876850758,0.12474217896391207,2,0.8225692193681055,fasttext
184,1.9997766041127853,0.1388655096614423,2,0.8073185616809836,fasttext
189,1.812836894686332,0.12095874010536775,2,0.818751290284056,fasttext
195,1.87401763131302,0.1754766339394147,8,0.4494275538243506,fasttext
184,1.9299971844222592,0.10871174571584238,2,0.8258061819488783,fasttext
190,1.2325660587686187,0.15927470088732146,2,0.7089693494180875,fasttext
180,1.7820686401376644,0.14552162736373264,2,0.8242105681164128,fasttext
78,1.9619937651464947,0.11028250060838134,2,0.6265966729140476,fasttext
192,1.9984946546448898,0.11891612754579002,2,0.8283973791764785,fasttext
192,1.967348169252329,0.12246939955536595,2,0.8288926629660522,fasttext
191,1.9028186185609552,0.12189231253442248,2,0.8306548514638795,fasttext
192,1.8963074972035392,0.1214156715825081,2,0.8273429878981577,fasttext
195,1.99932241743763,0.13035784882480123,2,0.8254712727411452,fasttext
189,1.9251145032931776,0.10911086830461736,2,0.8262841462429934,fasttext
187,1.8515804488300072,0.11787907343876106,2,0.822472418059447,fasttext
192,1.9640607754949722,0.10024351030575346,16,0.31787992830044326,fasttext
109,1.9104230114738017,0.13588472341920607,2,0.6893851016157414,fasttext
195,1.8727271766036688,0.12358406910664513,2,0.8245932425602801,fasttext
185,1.3764691551835437,0.1098680408112781,2,0.7452468906285846,fasttext
189,1.933431743862051,0.1367426137134073,2,0.8262841462429934,fasttext
192,1.6575775760642113,0.12138187107279436,2,0.7985847443230715,fasttext
186,1.8363221309165763,0.13110806249047766,2,0.8018557991815268,fasttext
190,1.967322306041913,0.1093036587037537,4,0.7411790913932925,fasttext
185,1.882429715025249,0.10031649497093365,2,0.8220043141373373,fasttext
192,1.154142975477225,0.36596057555562866,2,0.6144565298028056,fasttext
195,1.7479207950107687,0.11764721637258962,2,0.7993920980676275,fasttext
182,1.033572923431616,0.1305331007943669,2,0.41720915794346547,fasttext
188,1.918135628146647,0.1380729785460938,2,0.8248714705960453,fasttext
178,1.9678903185908627,0.14489522997333995,2,0.8267275217797537,fasttext
183,1.965097057581073,0.1562421106324795,2,0.8298373687596441,fasttext
184,1.9976844886196579,0.16224131065146122,2,0.8073185616809836,fasttext
190,0.9154015360289153,0.11485396047924995,2,0.41720915794346547,fasttext
188,1.9368679628199383,0.15243815884912865,2,0.8241750723652768,fasttext
195,1.8962961782471235,0.1252479469667841,2,0.8279512387408302,fasttext
192,1.8860014734248998,0.12496238159373978,2,0.8248669070041055,fasttext
195,1.962453882561615,0.10857689186800966,2,0.8244225642161269,fasttext
57,1.8500035616240011,0.25089775294684563,8,0.42991913813362753,fasttext
124,1.9145472738304936,0.11963797936366172,2,0.7147748939411874,fasttext
187,1.4734535817770897,0.13234452195583965,2,0.7436883435756254,fasttext
182,1.8230058658590507,0.18842316772553735,2,0.8032137066543396,fasttext
192,1.1088305578213364,0.1398195038149932,2,0.5954456591939327,fasttext
195,1.8943517571524915,0.10044163073213251,2,0.8305347751430744,fasttext
195,1.8975155403522366,0.10794380441777518,2,0.8279512387408302,fasttext
190,1.8875601392287584,0.10609795856856122,2,0.8306171449163713,fasttext
191,1.8881976994588476,0.10051501359855747,2,0.8281913209405047,fasttext
190,1.851981809029025,0.10395338312533577,2,0.8012140475261842,fasttext
187,1.9999200633009078,0.11471168230811954,2,0.8222251025437947,fasttext
