min_samples,eps,tsne_n_components,NMI,embedding
10,0.7924608755398219,8,0.0,BERT
8,0.937497286396193,2,0.016379885049788448,BERT
7,0.5044010557039663,4,0.0,BERT
7,0.815464817312797,16,0.0,BERT
5,0.2992478698155919,4,0.0,BERT
10,0.18368869754897876,8,0.0,BERT
9,0.16328788638853362,2,0.0,BERT
10,0.2692560800384122,4,0.0,BERT
5,0.32610504054282335,16,0.0,BERT
8,0.6740932724260292,4,0.0,BERT
8,0.9950626847541276,2,0.026386236374788916,BERT
8,0.9821615424801529,2,0.024088441527980845,BERT
6,0.996172131425494,2,0.10050442979734066,BERT
6,0.9873723310558433,2,0.09316717472128876,BERT
6,0.8517968076045357,2,0.048660116182860376,BERT
6,0.674735729931391,2,0.010603730396776064,BERT
6,0.9104121197049222,2,0.06923916888060584,BERT
6,0.8848484680499054,2,0.05653573876125893,BERT
5,0.7530747983689876,8,0.0,BERT
7,0.8999086364426008,16,0.0,BERT
6,0.9996541491586501,2,0.10050442979734066,BERT
6,0.999863565796831,2,0.10050442979734066,BERT
5,0.9929783677891943,2,0.2005386360845506,BERT
5,0.8969016299913936,2,0.13088209772669476,BERT
5,0.8756740663117645,2,0.12300240535335988,BERT
5,0.8520351257985,2,0.10435289059610368,BERT
5,0.7496580770174103,2,0.05142111237678299,BERT
5,0.8930202963232061,8,0.0,BERT
5,0.9211229050431122,16,0.0,BERT
5,0.8169341855391299,8,0.0,BERT
7,0.7597465642975108,2,0.005821117005222323,BERT
5,0.8373861303424537,2,0.09887426091484798,BERT
5,0.861889209892436,2,0.11082042586716359,BERT
5,0.9325164625763049,2,0.14931574759524452,BERT
5,0.9280509793237932,2,0.14844713022877568,BERT
7,0.9431374862896506,2,0.04396292071621023,BERT
5,0.9146779344594455,4,0.0,BERT
6,0.9346188922597076,2,0.08324745038513491,BERT
9,0.9462328046970552,16,0.0,BERT
5,0.795649719395966,4,0.0,BERT
6,0.948756689087535,2,0.08809480920988598,BERT
5,0.875319516627019,2,0.12062476628619277,BERT
5,0.8223140726503028,2,0.08954353891001084,BERT
5,0.937188886218316,2,0.15499025841650343,BERT
5,0.9550973503026247,2,0.16792443302725352,BERT
5,0.9464372774617199,8,0.0,BERT
6,0.9654813755106666,2,0.09316717472128876,BERT
9,0.9491771199685695,4,0.0,BERT
6,0.9569222116437391,2,0.09194052726329598,BERT
5,0.7896079236716043,16,0.0,BERT
10,0.5250066695393087,2,0.0,BERT
5,0.9035424978034071,2,0.13136964570766763,BERT
5,0.9133973448717168,2,0.13881417385217565,BERT
5,0.9700902222484923,2,0.18114211154333668,BERT
5,0.9945758173078797,2,0.20260365467635258,BERT
6,0.9795254661203932,2,0.09316717472128876,BERT
6,0.9982143785779781,2,0.10050442979734066,BERT
5,0.9708911913481774,2,0.1833467856479977,BERT
5,0.9756072197107943,2,0.18371554671478713,BERT
6,0.969553088835135,8,0.0,BERT
5,0.8589333667762225,2,0.11082042586716359,BERT
5,0.9986579880637043,2,0.20409114788337784,BERT
5,0.9702792009904897,2,0.18114211154333668,BERT
5,0.9778012814702393,2,0.18448083337100696,BERT
5,0.9982709665622161,2,0.20409114788337784,BERT
5,0.9999753052047571,2,0.2044586688016513,BERT
6,0.9997618614530455,16,0.0,BERT
5,0.8925117514595251,4,0.0,BERT
7,0.8837796516535503,2,0.03833074480841339,BERT
5,0.9995679125694846,2,0.2044586688016513,BERT
6,0.9045291462756411,2,0.06539464530276773,BERT
5,0.9957461936950877,2,0.20260365467635258,BERT
5,0.9980087400127177,2,0.20409114788337784,BERT
5,0.9967652659580389,2,0.20260365467635258,BERT
5,0.9999748103903241,2,0.2044586688016513,BERT
5,0.9268379013790881,2,0.14844713022877568,BERT
5,0.9225890924261776,2,0.14423177520389693,BERT
5,0.996005441063246,8,0.0,BERT
8,0.9549195094224426,2,0.024088441527980845,BERT
5,0.8734011612202816,2,0.12062476628619277,BERT
6,0.9274193837182125,2,0.07987641225607599,BERT
5,0.9973695410475996,2,0.2026036546763526,BERT
5,0.9738616348221716,2,0.1833467856479977,BERT
5,0.9970939868299541,2,0.20260365467635258,BERT
5,0.9531184863547122,2,0.16598874901423494,BERT
5,0.9068750948661387,2,0.13386985695822803,BERT
5,0.9449858928532372,4,0.0,BERT
5,0.9788969995496739,16,0.0,BERT
5,0.9293699827195406,2,0.14931574759524452,BERT
6,0.9597422075657341,2,0.09255193960673931,BERT
5,0.8443676567605805,2,0.09887426091484798,BERT
5,0.9982296536721572,2,0.20409114788337784,BERT
5,0.9974821314663874,2,0.2026036546763526,BERT
5,0.9768875423117531,2,0.18371554671478713,BERT
5,0.9455106822540902,2,0.1616449561501014,BERT
5,0.9818717385220529,2,0.19027729955169484,BERT
5,0.9602333789730213,2,0.17095475138266006,BERT
5,0.9178720309487247,8,0.0,BERT
5,0.9382486839054724,2,0.15499025841650343,BERT
5,0.8914047876501078,2,0.13088209772669476,BERT
5,0.9835262354048109,2,0.19103068188016728,BERT
5,0.998813143869135,2,0.20409114788337784,BERT
5,0.9645526771954029,2,0.17556057340837883,BERT
5,0.9822320047598307,2,0.19027729955169484,BERT
5,0.9591767043822672,2,0.17095475138266006,BERT
5,0.98712875904827,2,0.19438588625009529,BERT
9,0.9408880421406745,16,0.0,BERT
5,0.9193688274281564,4,0.0,BERT
5,0.9627084630618891,2,0.17556057340837883,BERT
6,0.9929286131041024,2,0.09740508778128865,BERT
5,0.9342173167105454,2,0.14931574759524452,BERT
5,0.9955702575702131,2,0.20260365467635258,BERT
5,0.9983544502978118,2,0.20409114788337784,BERT
5,0.971960438733604,2,0.1833467856479977,BERT
5,0.9809963883358241,2,0.18853538647929574,BERT
5,0.9989385553599899,2,0.20409114788337784,BERT
10,0.9992955997459195,2,0.0,BERT
5,0.9524288116316347,2,0.16434327372060606,BERT
5,0.903671888406192,2,0.13136964570766763,BERT
5,0.9647840538732693,8,0.0,BERT
5,0.9993875541194374,2,0.2044586688016513,BERT
5,0.9755206617588169,2,0.18371554671478713,BERT
5,0.9986553033613514,2,0.20409114788337784,BERT
5,0.9465020880890213,2,0.1639804234108033,BERT
5,0.9996653356427284,2,0.2044586688016513,BERT
5,0.9316212223243588,2,0.14931574759524452,BERT
5,0.9651595628940608,2,0.17556057340837883,BERT
5,0.9769101155201935,2,0.18371554671478713,BERT
5,0.9160081800013025,2,0.13881417385217565,BERT
5,0.9481657261761453,4,0.0,BERT
7,0.9806156672435018,2,0.04613427728901827,BERT
5,0.9960648332877642,2,0.20260365467635258,BERT
5,0.9634949906586133,2,0.17556057340837883,BERT
5,0.6213536564224753,2,0.022894299946283992,BERT
5,0.9994323522659655,2,0.2044586688016513,BERT
5,0.9991554854566963,16,0.0,BERT
5,0.9777792006095763,2,0.18448083337100696,BERT
8,0.9523728694983199,2,0.024088441527980845,BERT
5,0.9277646691184825,2,0.14844713022877568,BERT
5,0.9820214191111946,2,0.19027729955169484,BERT
6,0.9567609633311656,2,0.09194052726329598,BERT
5,0.9961194370715265,2,0.20260365467635258,BERT
5,0.9823581897830901,2,0.19027729955169484,BERT
5,0.9668702739367033,2,0.17632260262847452,BERT
5,0.9999043205895262,2,0.2044586688016513,BERT
5,0.939339449790039,2,0.15545047756150307,BERT
5,0.9993747805632819,2,0.2044586688016513,BERT
5,0.9644310095582844,2,0.17556057340837883,BERT
5,0.9785894070379326,2,0.18489034833136214,BERT
5,0.9988829549590476,8,0.0,BERT
5,0.871163995211559,2,0.12011579005962496,BERT
5,0.9790980640744964,2,0.18489034833136214,BERT
5,0.9990195114848546,2,0.2044586688016513,BERT
5,0.9995945238499699,2,0.2044586688016513,BERT
5,0.9476841681766953,2,0.1639804234108033,BERT
5,0.962947239975768,2,0.17556057340837883,BERT
5,0.4240985658657984,2,0.0,BERT
5,0.9789483862299662,2,0.18489034833136214,BERT
5,0.9393001956400078,2,0.15545047756150307,BERT
5,0.999359474251141,2,0.2044586688016513,BERT
5,0.9620995927849166,16,0.0,BERT
5,0.9987672226186056,2,0.20409114788337784,BERT
5,0.9809620501772832,2,0.18853538647929574,BERT
5,0.982705359436475,2,0.19103068188016728,BERT
5,0.9993091021796358,2,0.2044586688016513,BERT
5,0.9999852233291413,2,0.2044586688016513,BERT
5,0.9592102453077476,4,0.0,BERT
5,0.9733201891382336,2,0.1833467856479977,BERT
5,0.9218728486067399,2,0.14423177520389693,BERT
5,0.7527130710495837,2,0.0535756758522019,BERT
5,0.9539669739078763,2,0.16792443302725352,BERT
5,0.9998407114327612,2,0.2044586688016513,BERT
5,0.7286694690865152,2,0.05004893544997466,BERT
5,0.9823143493180562,2,0.19027729955169484,BERT
5,0.9855817397359918,2,0.19438588625009529,BERT
5,0.9986161223451994,2,0.20409114788337784,BERT
5,0.9999114740250398,2,0.2044586688016513,BERT
5,0.9676294279417962,2,0.17782898475504313,BERT
5,0.9419328516510094,2,0.1594765613303845,BERT
5,0.9678735680424928,2,0.17782898475504313,BERT
5,0.9826953757068756,8,0.0,BERT
5,0.9973089250812519,2,0.20260365467635258,BERT
5,0.998946063602308,2,0.20409114788337784,BERT
5,0.8200719591123944,2,0.08622481399061424,BERT
5,0.9793995301540981,2,0.18489034833136214,BERT
5,0.9570515686710627,2,0.16792443302725352,BERT
5,0.9812654131243006,2,0.19027729955169484,BERT
5,0.9992052736925029,2,0.2044586688016513,BERT
5,0.999817306218731,2,0.2044586688016513,BERT
5,0.9663027859158957,2,0.17590258149812407,BERT
5,0.9422420436529432,2,0.1594765613303845,BERT
5,0.9997989107210162,2,0.2044586688016513,BERT
5,0.9814073717470675,2,0.19027729955169484,BERT
5,0.9977729190742993,2,0.20409114788337784,BERT
5,0.9998133941266518,2,0.2044586688016513,BERT
8,0.968821638372403,2,0.024088441527980845,BERT
5,0.9996430229035628,2,0.2044586688016513,BERT
5,0.9809178324498463,2,0.18853538647929574,BERT
5,0.999858618244299,2,0.2044586688016513,BERT
5,0.7988596813801516,2,0.07393565481821239,BERT
10,0.21841404784266782,8,0.0,word2vec
5,0.11494482583153874,8,0.0,word2vec
10,0.38989400655965956,8,0.0,word2vec
10,0.998070016851785,2,0.0,word2vec
8,0.2143994436615833,4,0.0,word2vec
8,0.22604899872573644,16,0.0,word2vec
6,0.5884427149651539,8,0.0,word2vec
6,0.7087501187327411,2,0.031997841335189056,word2vec
7,0.4473050540917496,8,0.0,word2vec
8,0.8980277615048876,2,0.03583497114238727,word2vec
9,0.9614928077729333,2,0.0,word2vec
6,0.7847651918400237,2,0.06514297978934866,word2vec
7,0.8186345775279007,2,0.04764879065903979,word2vec
6,0.781133196512417,2,0.05925387000876226,word2vec
5,0.7864036412905758,4,0.0,word2vec
6,0.6424700953551339,16,0.0,word2vec
6,0.739066373189026,2,0.038493450667442954,word2vec
5,0.8966288899553126,2,0.1774498578724514,word2vec
5,0.88687572685979,2,0.17399098616785738,word2vec
5,0.8939994457375331,4,0.0,word2vec
5,0.866715368291676,16,0.0,word2vec
5,0.9403608752669899,2,0.201133384320085,word2vec
5,0.9424920953461603,2,0.20424467268648927,word2vec
5,0.9899115960509451,2,0.22499731248009752,word2vec
7,0.979935144254428,2,0.10261722073011288,word2vec
5,0.9720775414926175,2,0.2193919368131553,word2vec
6,0.98051570395505,2,0.16058734136316144,word2vec
5,0.8264472662031435,2,0.13425642475442146,word2vec
7,0.9986784265506534,4,0.0,word2vec
9,0.8446263055320908,16,0.0,word2vec
5,0.9337092946551677,2,0.19954864308246956,word2vec
5,0.9515275488291919,2,0.20983361394000227,word2vec
5,0.924227314898487,2,0.19172044622917098,word2vec
5,0.9319474146130093,2,0.1989752504849222,word2vec
6,0.997510422464467,8,0.0,word2vec
5,0.8611662977453249,2,0.155701141621905,word2vec
6,0.9369446710805612,2,0.13482186442016045,word2vec
5,0.8396447151881709,8,0.0,word2vec
6,0.7084275996044478,2,0.031997841335189056,word2vec
5,0.9709796838159341,4,0.0,word2vec
9,0.9006922267827262,16,0.0,word2vec
5,0.9461565120359023,2,0.20763674553002953,word2vec
5,0.9975576265247955,2,0.22530223001797486,word2vec
6,0.9923403470846878,2,0.1643667832760485,word2vec
5,0.8916738209305155,2,0.17705011017746392,word2vec
10,0.9551680624416217,2,0.0,word2vec
6,0.8606400445522628,8,0.0,word2vec
5,0.9131290708889243,2,0.18703495608659407,word2vec
6,0.9558339088229671,2,0.14899684933409377,word2vec
8,0.9998991683549389,2,0.07601497199057809,word2vec
5,0.8223730241027204,2,0.13425642475442146,word2vec
5,0.9510827426237334,2,0.2095022207901393,word2vec
5,0.9576385707494475,2,0.2122713001155186,word2vec
5,0.8752337767808254,2,0.16684882292760064,word2vec
5,0.9155068658174513,2,0.18840853594981766,word2vec
5,0.9663541812297132,4,0.0,word2vec
6,0.9060579181922896,2,0.119654237181997,word2vec
7,0.7981881606627669,16,0.0,word2vec
5,0.8711114520020998,2,0.16078524848267298,word2vec
6,0.9636330788279958,8,0.0,word2vec
5,0.7627787435829376,2,0.10693353427158099,word2vec
5,0.9577303688139551,2,0.2122713001155186,word2vec
5,0.9625846118338496,2,0.21275622467875846,word2vec
5,0.9165121269507713,2,0.18916041224701885,word2vec
5,0.9792369618602441,2,0.22186962797395662,word2vec
5,0.9777254878989554,2,0.22186962797395662,word2vec
6,0.9969009973539176,2,0.16479043208729727,word2vec
5,0.8872527214302056,2,0.17399098616785738,word2vec
5,0.9746792680729142,4,0.0,word2vec
5,0.9187260020921683,2,0.19100349071616068,word2vec
8,0.8461695413248449,16,0.0,word2vec
5,0.974053508695728,2,0.22058769550238347,word2vec
5,0.9798058653985867,2,0.22221487892347358,word2vec
5,0.9793439390703311,2,0.22186962797395662,word2vec
5,0.9837695679250925,2,0.22441002808685426,word2vec
5,0.9987081824839382,2,0.22530223001797486,word2vec
5,0.9999957330779503,2,0.22586642517278147,word2vec
6,0.9361518310756033,2,0.13482186442016045,word2vec
5,0.9986417846217505,2,0.22530223001797486,word2vec
6,0.9998334439727141,8,0.0,word2vec
5,0.9298777674944548,2,0.1989752504849222,word2vec
5,0.9980061708567958,2,0.22530223001797486,word2vec
5,0.995221309897176,2,0.22530223001797486,word2vec
5,0.9995142404975019,2,0.22586642517278147,word2vec
5,0.9990234094047763,2,0.22586642517278147,word2vec
5,0.9426881908115177,2,0.20424467268648927,word2vec
5,0.9020653458907025,2,0.17779851688205048,word2vec
5,0.9982366532298902,2,0.22530223001797486,word2vec
5,0.9413460611973118,4,0.0,word2vec
6,0.9244291353086549,2,0.12255219416772191,word2vec
5,0.9922373634620784,16,0.0,word2vec
5,0.99755471522229,2,0.22530223001797486,word2vec
5,0.9511149125025471,2,0.2095022207901393,word2vec
5,0.9982017942415974,2,0.22530223001797486,word2vec
5,0.9262435287360895,2,0.19323860450031438,word2vec
5,0.9654316943184045,2,0.21335606521572523,word2vec
10,0.8832391987722289,2,0.0,word2vec
5,0.9992653477806349,2,0.22586642517278147,word2vec
5,0.9021690214292741,2,0.17779851688205048,word2vec
5,0.9503725543759239,2,0.2095022207901393,word2vec
5,0.9688375219403327,8,0.0,word2vec
5,0.999358409563042,2,0.22586642517278147,word2vec
5,0.981309199338952,2,0.22441002808685426,word2vec
5,0.998832621193359,2,0.22530223001797486,word2vec
5,0.9392216905419638,2,0.19986965340716298,word2vec
5,0.9625920894562685,2,0.21275622467875846,word2vec
5,0.9217579377960138,2,0.19172044622917098,word2vec
5,0.9801842829200721,2,0.22221487892347358,word2vec
6,0.9526405874919393,2,0.1439186289433411,word2vec
5,0.909689447003405,4,0.0,word2vec
5,0.9669678001702022,2,0.21404325139835656,word2vec
5,0.9999112658196366,2,0.22586642517278147,word2vec
5,0.9998486488810001,2,0.22586642517278147,word2vec
5,0.98211140289527,2,0.22441002808685426,word2vec
5,0.9460446949966054,2,0.20763674553002953,word2vec
5,0.9708346260901584,2,0.21769322751584258,word2vec
5,0.9336673398940161,16,0.0,word2vec
7,0.9993653594875749,2,0.11018549993545962,word2vec
9,0.9582159924571914,2,0.0,word2vec
5,0.9763691065853529,2,0.22186962797395662,word2vec
5,0.9840871771543428,2,0.22441002808685426,word2vec
5,0.999961173188774,2,0.22586642517278147,word2vec
5,0.9615752463224774,2,0.2123885060866847,word2vec
5,0.9994358080796395,2,0.22586642517278147,word2vec
5,0.9410651053430934,2,0.20149993207257746,word2vec
5,0.9842365730132326,2,0.22441002808685426,word2vec
5,0.9235841084187463,8,0.0,word2vec
5,0.9621349436425847,2,0.21275622467875846,word2vec
5,0.9786965393641841,2,0.22186962797395662,word2vec
6,0.8988517071820251,2,0.11913905640238706,word2vec
5,0.9433982490682193,2,0.20548799107941976,word2vec
5,0.9974251733003179,2,0.22530223001797486,word2vec
5,0.9999840311001482,2,0.22586642517278147,word2vec
5,0.9817695564575757,2,0.22441002808685426,word2vec
5,0.9615820975262049,2,0.2123885060866847,word2vec
5,0.9843079074682475,2,0.22441002808685426,word2vec
5,0.9997741474322759,2,0.22586642517278147,word2vec
5,0.9997229613128422,4,0.0,word2vec
5,0.9507681876085389,2,0.2095022207901393,word2vec
5,0.6140292997163093,2,0.031662575271788146,word2vec
5,0.4858061864967493,16,0.0,word2vec
5,0.9691386765992639,2,0.2158179315012913,word2vec
5,0.9990748710486964,2,0.22586642517278147,word2vec
5,0.974952225500403,2,0.22156967396787783,word2vec
5,0.9981109455901136,2,0.22530223001797486,word2vec
5,0.9311082464763979,2,0.1989752504849222,word2vec
5,0.9558193265351199,2,0.2108713302250345,word2vec
5,0.9815127735896088,2,0.22441002808685426,word2vec
5,0.9649969435378769,2,0.21335606521572523,word2vec
5,0.9991693127900734,2,0.22586642517278147,word2vec
5,0.9180866239541379,2,0.18916041224701885,word2vec
5,0.9838356321666306,2,0.22441002808685426,word2vec
5,0.9995867603573637,2,0.22586642517278147,word2vec
5,0.9476797461052932,2,0.20793822099284226,word2vec
5,0.9998852813136405,2,0.22586642517278147,word2vec
5,0.6757664258573943,2,0.05456602580782187,word2vec
5,0.969754046416451,2,0.21560829298482537,word2vec
5,0.9989116438205689,8,0.0,word2vec
5,0.978607306651142,2,0.22186962797395662,word2vec
5,0.9449841318122443,2,0.2072620460301209,word2vec
5,0.9669455081780202,2,0.21404325139835656,word2vec
5,0.9841487851841667,2,0.22441002808685426,word2vec
5,0.9995107107671879,2,0.22586642517278147,word2vec
5,0.9832724717381768,2,0.22441002808685426,word2vec
5,0.9998963201512105,2,0.22586642517278147,word2vec
5,0.999534363642678,2,0.22586642517278147,word2vec
5,0.8067599728585326,2,0.12784639353904115,word2vec
5,0.9647628286016595,2,0.21335606521572523,word2vec
5,0.9524819346515455,2,0.20983361394000227,word2vec
5,0.9823160177749245,2,0.22441002808685426,word2vec
5,0.9335771587269932,4,0.0,word2vec
5,0.9992463816541874,2,0.22586642517278147,word2vec
5,0.9818533863211472,2,0.22441002808685426,word2vec
5,0.9979903686612693,2,0.22530223001797486,word2vec
5,0.968768774502159,2,0.21550914703556345,word2vec
5,0.7446280950210815,2,0.09281437694806459,word2vec
5,0.9993693295841296,2,0.22586642517278147,word2vec
5,0.9589076622225343,16,0.0,word2vec
5,0.3310619354589692,2,0.0041673316926368765,word2vec
8,0.9802198796722303,2,0.07044775660534984,word2vec
5,0.9490498768467442,2,0.20821401592143504,word2vec
5,0.9990627952104414,2,0.22586642517278147,word2vec
5,0.9996109404360911,2,0.22586642517278147,word2vec
5,0.9722392523005653,2,0.2193919368131553,word2vec
5,0.977492633144991,2,0.22186962797395662,word2vec
5,0.985996486853376,2,0.22499731248009752,word2vec
7,0.8631840418166956,2,0.05323473074335109,word2vec
5,0.9993860996034544,2,0.22586642517278147,word2vec
5,0.9612255423634637,2,0.2123885060866847,word2vec
5,0.9370366794227419,2,0.19986965340716298,word2vec
5,0.7709968399462876,8,0.0,word2vec
5,0.9989036770926554,2,0.22530223001797486,word2vec
5,0.9987989564627451,2,0.22530223001797486,word2vec
5,0.9816810479824346,2,0.22441002808685426,word2vec
5,0.8266349201794772,2,0.13425642475442146,word2vec
5,0.970303138894959,2,0.215915312234019,word2vec
5,0.9822930438061207,2,0.22441002808685426,word2vec
5,0.5561091292345958,2,0.02231367544219709,word2vec
5,0.9560690151551829,2,0.2108713302250345,word2vec
5,0.9845919138490129,2,0.22441002808685426,word2vec
10,0.1726109163571689,16,0.0,tfidf
9,0.739462205879181,2,0.0,tfidf
10,0.3426493904340723,2,0.0,tfidf
9,0.7114386793986178,4,0.0,tfidf
10,0.5782044759803923,4,0.0,tfidf
9,0.6143997331631227,2,0.0,tfidf
7,0.4676712029807536,2,0.0,tfidf
9,0.8242355537830015,16,0.0,tfidf
8,0.7156280865262793,4,0.0,tfidf
5,0.9193060840274387,2,0.017267163413403903,tfidf
5,0.989439866615496,8,0.0,tfidf
5,0.2976385128971092,16,0.0,tfidf
6,0.10309202938916112,16,0.0,tfidf
7,0.9655295210601818,8,0.0,tfidf
6,0.10997318392917098,16,0.0,tfidf
8,0.4890641960404381,2,0.0,tfidf
6,0.8478086342723126,16,0.0,tfidf
7,0.2674319428703786,8,0.0,tfidf
5,0.400694518080211,2,0.0,tfidf
10,0.6127116162208638,16,0.0,tfidf
8,0.1844620504603537,2,0.0,tfidf
9,0.8507234614034291,2,0.0,tfidf
10,0.23259625943049717,2,0.0,tfidf
9,0.6905965526882686,2,0.0,tfidf
10,0.39677554926619013,2,0.0,tfidf
8,0.9114708381765455,16,0.0,tfidf
9,0.7881010461158681,4,0.0,tfidf
10,0.9226853024951818,8,0.0,tfidf
6,0.7693543280584907,2,0.0,tfidf
10,0.6518335629452761,2,0.0,tfidf
8,0.49401787875351333,16,0.0,tfidf
10,0.32251158795172974,2,0.0,tfidf
10,0.5589452764330871,4,0.0,tfidf
9,0.6984928716671296,2,0.0,tfidf
9,0.1665927189609409,2,0.0,tfidf
10,0.3316159306968908,2,0.0,tfidf
9,0.5938622188677204,4,0.0,tfidf
9,0.5391738887992161,2,0.0,tfidf
7,0.7531840861237292,2,0.0,tfidf
10,0.8119777104418447,16,0.0,tfidf
10,0.6402750459372573,8,0.0,tfidf
9,0.7233695116820973,4,0.0,tfidf
8,0.8731007157385827,4,0.0,tfidf
5,0.9907178114029547,4,0.0,tfidf
9,0.8065369932796593,4,0.0,tfidf
9,0.7508108415571705,16,0.0,tfidf
8,0.6734205756552516,4,0.0,tfidf
6,0.6271831933001677,16,0.0,tfidf
10,0.7158675546433108,2,0.0,tfidf
7,0.8280707194927681,8,0.0,tfidf
10,0.9341774075569185,2,0.0,tfidf
10,0.5749724534949266,4,0.0,tfidf
10,0.8759002495355572,4,0.0,tfidf
5,0.6674268751151063,4,0.0,tfidf
9,0.4437872386016781,16,0.0,tfidf
10,0.6138693724260825,2,0.0,tfidf
9,0.25342324596701116,4,0.0,tfidf
6,0.5209314856849822,2,0.0,tfidf
8,0.7831608498102549,16,0.0,tfidf
10,0.5792477770010022,8,0.0,tfidf
9,0.9614908466528583,2,0.0,tfidf
8,0.6528789115604293,2,0.0,tfidf
9,0.6182307116413087,2,0.0,tfidf
10,0.6868621191594225,2,0.0,tfidf
10,0.5519575566812257,2,0.0,tfidf
9,0.12479478574303585,2,0.0,tfidf
9,0.7330364651226977,16,0.0,tfidf
10,0.7048182088724502,4,0.0,tfidf
8,0.5926699588814153,2,0.0,tfidf
10,0.4972690882377484,2,0.0,tfidf
9,0.7514687693701811,4,0.0,tfidf
6,0.45555052906521504,2,0.0,tfidf
7,0.3011001298096985,2,0.0,tfidf
5,0.3869828702104444,2,0.0,tfidf
7,0.21918967323942395,2,0.0,tfidf
6,0.6555713934526184,8,0.0,tfidf
10,0.5183346979364892,16,0.0,tfidf
8,0.6332138695605448,2,0.0,tfidf
7,0.6011416312826704,4,0.0,tfidf
9,0.6892881237135745,2,0.0,tfidf
10,0.5562603154752795,16,0.0,tfidf
9,0.35318111956812975,16,0.0,tfidf
9,0.28357880296263993,16,0.0,tfidf
5,0.7713561030092809,16,0.0,tfidf
9,0.8333768894318047,16,0.0,tfidf
8,0.8036944735641762,4,0.0,tfidf
10,0.7348385571905591,2,0.0,tfidf
9,0.4545802757970845,8,0.0,tfidf
10,0.8675427666662114,2,0.0,tfidf
9,0.19819702310737017,4,0.0,tfidf
8,0.6681021528910049,16,0.0,tfidf
7,0.7029102358453603,4,0.0,tfidf
8,0.7879136933953775,4,0.0,tfidf
10,0.7286683881688247,4,0.0,tfidf
8,0.7640643552736025,4,0.0,tfidf
9,0.6313233886471921,2,0.0,tfidf
9,0.5841647085840027,2,0.0,tfidf
9,0.8929857520592674,4,0.0,tfidf
10,0.8502095273871184,16,0.0,tfidf
10,0.2502473710808825,2,0.0,tfidf
9,0.6014320446807695,4,0.0,tfidf
5,0.9990361936649702,8,0.0,tfidf
6,0.936385505253415,8,0.0,tfidf
5,0.9740564168973352,8,0.0,tfidf
5,0.912224822196812,8,0.0,tfidf
5,0.676530411378311,2,0.0,tfidf
5,0.7103829311525394,2,0.0,tfidf
6,0.8183243198915456,8,0.0,tfidf
7,0.5699023844803632,16,0.0,tfidf
10,0.5419111365827866,4,0.0,tfidf
9,0.6556877404146974,2,0.0,tfidf
5,0.32496540764919074,16,0.0,tfidf
5,0.1514485344302032,16,0.0,tfidf
5,0.35527477102540883,16,0.0,tfidf
5,0.4150580007344059,16,0.0,tfidf
8,0.29410925845198804,2,0.0,tfidf
10,0.7431173830446423,16,0.0,tfidf
9,0.23151960838082436,4,0.0,tfidf
6,0.9470119664258665,2,0.0,tfidf
5,0.7167896221621265,2,0.0,tfidf
10,0.7987227392246254,16,0.0,tfidf
6,0.12777058810865508,16,0.0,tfidf
6,0.1820209069888454,16,0.0,tfidf
7,0.10257735425595252,16,0.0,tfidf
5,0.15943645824175645,4,0.0,tfidf
9,0.2646139063343017,16,0.0,tfidf
7,0.1181610317155161,2,0.0,tfidf
5,0.20347128595903086,8,0.0,tfidf
8,0.7680538895050769,4,0.0,tfidf
10,0.8326298710065579,2,0.0,tfidf
6,0.1441638312537911,16,0.0,tfidf
7,0.9656980693362569,8,0.0,tfidf
9,0.9217674018304307,8,0.0,tfidf
7,0.9815047763307034,8,0.0,tfidf
7,0.9481999767745332,8,0.0,tfidf
7,0.8942358758345399,2,0.0,tfidf
5,0.689031865484419,4,0.0,tfidf
9,0.9965298443151149,8,0.0,tfidf
10,0.18749328641731966,2,0.0,tfidf
9,0.6412561417629329,16,0.0,tfidf
8,0.9659211212885225,4,0.0,tfidf
6,0.10033528174979575,16,0.0,tfidf
6,0.1689211015651622,16,0.0,tfidf
7,0.6141960690611787,16,0.0,tfidf
5,0.1345586278369934,16,0.0,tfidf
6,0.7508045591180094,2,0.0,tfidf
10,0.14859809979354952,16,0.0,tfidf
5,0.4906851621474659,2,0.0,tfidf
8,0.27387298817136807,4,0.0,tfidf
10,0.31419751678310476,8,0.0,tfidf
7,0.5225982839525616,16,0.0,tfidf
8,0.5604112069872131,2,0.0,tfidf
8,0.1196836787859964,2,0.0,tfidf
9,0.5877243368115456,2,0.0,tfidf
8,0.7225318015640183,2,0.0,tfidf
5,0.2187039363734421,2,0.0,tfidf
9,0.47489582249547446,4,0.0,tfidf
9,0.4234571892991807,2,0.0,tfidf
8,0.36416179860989095,16,0.0,tfidf
10,0.789798994491276,2,0.0,tfidf
6,0.34029862830719726,16,0.0,tfidf
6,0.38943621728739597,16,0.0,tfidf
6,0.8492068381363277,16,0.0,tfidf
6,0.8907763890635125,16,0.0,tfidf
7,0.2576835943296335,8,0.0,tfidf
5,0.3087264436513033,16,0.0,tfidf
6,0.9216776902617871,2,0.0,tfidf
9,0.8144407536049518,4,0.0,tfidf
5,0.2884947706291012,16,0.0,tfidf
7,0.5391621171131057,4,0.0,tfidf
10,0.37080803297072584,2,0.0,tfidf
7,0.7781224864867385,8,0.0,tfidf
7,0.23745242858403431,8,0.0,tfidf
7,0.697064872820838,8,0.0,tfidf
7,0.7395064496396194,8,0.0,tfidf
8,0.8743138136804831,8,0.0,tfidf
6,0.9494409426958929,16,0.0,tfidf
9,0.32748927240858344,2,0.0,tfidf
5,0.6799542553673863,16,0.0,tfidf
10,0.2781064513111218,4,0.0,tfidf
7,0.17022661682262086,8,0.0,tfidf
5,0.4291824268939412,2,0.0,tfidf
5,0.3457862083155335,2,0.0,tfidf
5,0.9746697190556026,2,0.03859701837528542,tfidf
5,0.9722220425438906,2,0.03859701837528542,tfidf
5,0.9758476344672711,2,0.03859701837528542,tfidf
5,0.9676871941076384,2,0.03644698767884297,tfidf
5,0.9784303641590062,2,0.03859701837528542,tfidf
5,0.9841119919399128,2,0.045493049618363625,tfidf
5,0.9888732363994412,2,0.0461864295831108,tfidf
5,0.9819842325227699,2,0.045493049618363625,tfidf
5,0.9848130249016004,2,0.0461864295831108,tfidf
5,0.9799857867916728,2,0.03859701837528542,tfidf
5,0.9872116620602287,2,0.0461864295831108,tfidf
5,0.9826930701435552,2,0.045493049618363625,tfidf
5,0.9787874925836719,2,0.03859701837528542,tfidf
5,0.9909992341013465,2,0.0461864295831108,tfidf
5,0.9850277743776984,2,0.0461864295831108,tfidf
5,0.9828746786120152,2,0.045493049618363625,tfidf
5,0.9797405910955647,2,0.03859701837528542,tfidf
5,0.48354681265556865,4,0.0,fasttext
8,0.19059959086585154,2,0.0,fasttext
5,0.7420724628900802,16,0.0,fasttext
5,0.6109413627124214,2,0.02674747961987,fasttext
10,0.10267248341633449,2,0.0,fasttext
10,0.3005252501475125,8,0.0,fasttext
5,0.9878533793479157,2,0.20665012845295913,fasttext
8,0.992031032097235,8,0.0,fasttext
9,0.7234130954341536,2,0.0,fasttext
10,0.44638670258382285,4,0.0,fasttext
6,0.9662591758872384,16,0.0,fasttext
6,0.7060693734851298,2,0.025955705314984315,fasttext
6,0.8499696521649287,2,0.07710737052522885,fasttext
6,0.8811871683895182,2,0.08869022595660239,fasttext
7,0.8882023261101036,2,0.032549296628176655,fasttext
7,0.8552270302555827,2,0.030329016813718346,fasttext
6,0.9870632685543875,4,0.0,fasttext
5,0.8152921328028935,8,0.0,fasttext
7,0.9070333324834358,16,0.0,fasttext
6,0.7932216981608121,2,0.060804190425604795,fasttext
5,0.6410818807242129,2,0.030417745348975154,fasttext
6,0.8829329097762244,2,0.08869022595660239,fasttext
6,0.8974299206457478,2,0.09913933495097188,fasttext
7,0.9394113804524384,2,0.06747473948278436,fasttext
5,0.8049050544296829,2,0.11545893248496504,fasttext
5,0.7787127688058219,2,0.10165741817776776,fasttext
5,0.7836656914641145,8,0.0,fasttext
5,0.7826122853455706,4,0.0,fasttext
5,0.9968868147415709,16,0.0,fasttext
5,0.6489607777917272,4,0.0,fasttext
9,0.565616086778678,2,0.0,fasttext
5,0.9289574662536155,2,0.16634700920534123,fasttext
5,0.9448065087758722,2,0.177626544288758,fasttext
5,0.9346991335234367,2,0.1686206638105634,fasttext
5,0.922240546521006,2,0.15731382403945474,fasttext
5,0.9472523662250644,2,0.179884276526586,fasttext
6,0.9504827611128284,2,0.11352344504118679,fasttext
5,0.9979327716679709,16,0.0,fasttext
8,0.9452562497842124,8,0.0,fasttext
5,0.8343591170517874,2,0.12264404443955843,fasttext
6,0.8490767916343146,2,0.07710737052522885,fasttext
5,0.9292629638057005,2,0.16634700920534123,fasttext
5,0.942301156988182,2,0.1748050240681376,fasttext
5,0.9633272657669533,2,0.19443252874709696,fasttext
9,0.968813395556479,2,0.010747527558685606,fasttext
6,0.8721411914641793,2,0.08418124051914584,fasttext
5,0.9679678341465209,2,0.19659607053923914,fasttext
6,0.9770261052184825,4,0.0,fasttext
5,0.8810100872712232,8,0.0,fasttext
6,0.7475000771827164,2,0.04424348605504373,fasttext
5,0.8368287184706842,16,0.0,fasttext
5,0.9572363518017147,2,0.18753744787432086,fasttext
5,0.9955012807423413,2,0.2100347907795562,fasttext
5,0.9764240105179977,2,0.20016792534282504,fasttext
6,0.9915486351750203,2,0.13600609178941558,fasttext
5,0.8829033932131085,2,0.14618961614645418,fasttext
7,0.8964428868053951,2,0.04253160510719854,fasttext
5,0.9996611595787196,2,0.21168907413292007,fasttext
6,0.9051889864036525,2,0.10244478064335057,fasttext
5,0.9706365058178587,4,0.0,fasttext
8,0.9926104788485731,2,0.04440967609532743,fasttext
5,0.9700786770394227,2,0.19694236673329557,fasttext
5,0.9973712404129697,2,0.21138837551924788,fasttext
5,0.9136429319168841,2,0.15731382403945474,fasttext
5,0.9978750152532745,2,0.21138837551924788,fasttext
5,0.9935312729567903,8,0.0,fasttext
10,0.9177130763952662,2,0.0,fasttext
6,0.8643954418491853,16,0.0,fasttext
5,0.9092724939437056,2,0.15471046847344563,fasttext
5,0.9730629480414497,2,0.19727475108245812,fasttext
6,0.9996387348389683,2,0.13695511010367267,fasttext
5,0.9775621273009485,2,0.20016792534282504,fasttext
5,0.9624616315508858,2,0.19408778226549225,fasttext
5,0.9241018941594372,2,0.16042920165020122,fasttext
5,0.9459803743271747,2,0.17949188292202045,fasttext
5,0.9785648061794773,2,0.20016792534282504,fasttext
5,0.9987951465704541,2,0.21138837551924788,fasttext
5,0.8966104029142599,4,0.0,fasttext
5,0.9957534076796383,2,0.2100347907795562,fasttext
5,0.996706333674956,2,0.210363971302823,fasttext
6,0.9986052590628427,8,0.0,fasttext
5,0.9366717169744778,2,0.1690148139752256,fasttext
5,0.9580426145559849,2,0.18789907855201227,fasttext
5,0.999034037273071,2,0.21138837551924788,fasttext
5,0.92732896862929,2,0.1635501068870165,fasttext
5,0.9992617467850379,2,0.21138837551924788,fasttext
5,0.9989044352757285,2,0.21138837551924788,fasttext
5,0.9477347741487611,16,0.0,fasttext
7,0.9141153620536641,2,0.050139826535263464,fasttext
5,0.8678275683920099,2,0.13899747165055895,fasttext
6,0.9547240126901674,2,0.11473447220075994,fasttext
5,0.9836846014120352,2,0.2042674856959477,fasttext
5,0.9976889095343368,2,0.21138837551924788,fasttext
5,0.9987060389436688,2,0.21138837551924788,fasttext
5,0.9391517981149848,2,0.16973612943971353,fasttext
5,0.9544518870852527,2,0.1857975519198718,fasttext
5,0.9778021110024371,2,0.20016792534282504,fasttext
5,0.9992167558820355,2,0.21138837551924788,fasttext
5,0.8964236244695071,4,0.0,fasttext
9,0.9319997735197173,2,0.00746873510413369,fasttext
5,0.9641791828766,2,0.19591507391386648,fasttext
5,0.9982786368669051,2,0.21138837551924788,fasttext
5,0.9787813175541448,2,0.20016792534282504,fasttext
5,0.956116375126128,2,0.18753744787432086,fasttext
5,0.9263413662783282,2,0.16314223842966222,fasttext
5,0.9995713061236063,2,0.21168907413292007,fasttext
5,0.9754416220456474,8,0.0,fasttext
5,0.9590656286693553,2,0.1882835452558408,fasttext
5,0.9098040791336088,2,0.15471046847344563,fasttext
6,0.941800249591776,16,0.0,fasttext
5,0.9799524455831451,2,0.201038763259937,fasttext
5,0.9983480189214784,2,0.21138837551924788,fasttext
5,0.9825892658838795,2,0.2025269268868372,fasttext
5,0.9976294850978025,2,0.21138837551924788,fasttext
5,0.9663121305494307,2,0.1962590723178116,fasttext
5,0.9996681786749753,2,0.21168907413292007,fasttext
5,0.939823233572834,2,0.16973612943971353,fasttext
5,0.9610608445806756,2,0.18982579571158759,fasttext
5,0.8830594192783158,2,0.14618961614645418,fasttext
6,0.9231331955660679,2,0.10417224618474462,fasttext
5,0.978028642343423,4,0.0,fasttext
5,0.9956311373302316,2,0.2100347907795562,fasttext
5,0.9994746699400535,2,0.21168907413292007,fasttext
5,0.9527138241932521,2,0.1824054611676426,fasttext
8,0.9794024531795803,2,0.04440967609532743,fasttext
5,0.9646463585991991,2,0.19591507391386648,fasttext
5,0.940332695427979,2,0.16973612943971353,fasttext
5,0.9993426968775452,2,0.21138837551924788,fasttext
5,0.980049489523561,8,0.0,fasttext
5,0.9054129962459019,2,0.1525826971761148,fasttext
5,0.9583351728330997,2,0.18789907855201227,fasttext
5,0.9852103203890095,2,0.20447326763552345,fasttext
5,0.9837541405971382,2,0.2042674856959477,fasttext
5,0.999796419754456,2,0.21168907413292007,fasttext
5,0.96529025676571,2,0.19591507391386648,fasttext
5,0.9995924138799404,16,0.0,fasttext
5,0.9411169827372721,2,0.1748050240681376,fasttext
5,0.923209811735609,2,0.15880115744553824,fasttext
5,0.9997169657434407,2,0.21168907413292007,fasttext
5,0.9673166535863874,2,0.19659607053923914,fasttext
5,0.9495516604783812,2,0.18159811383823976,fasttext
5,0.999577702395866,2,0.21168907413292007,fasttext
5,0.9799861958999713,2,0.201038763259937,fasttext
5,0.9782847795812717,2,0.20016792534282504,fasttext
5,0.6903320052166713,2,0.06236060711516434,fasttext
5,0.9994537195974743,2,0.21168907413292007,fasttext
5,0.9631976265995092,2,0.19443252874709696,fasttext
5,0.9455044393235279,2,0.17949188292202045,fasttext
5,0.44621199967950576,2,0.0041673316926368765,fasttext
5,0.8145164090965715,2,0.11980471060195617,fasttext
10,0.9823665538573753,4,0.0,fasttext
5,0.9992024564401022,2,0.21138837551924788,fasttext
5,0.9683666821998451,2,0.19659607053923914,fasttext
5,0.981364815779203,2,0.2025269268868372,fasttext
5,0.9989304073975785,2,0.21138837551924788,fasttext
5,0.9494222429400284,2,0.18159811383823976,fasttext
5,0.9330718806990437,2,0.16822855488400357,fasttext
5,0.998753330712775,2,0.21138837551924788,fasttext
5,0.9667427818261821,8,0.0,fasttext
5,0.9808411299312164,2,0.201038763259937,fasttext
5,0.8435259445634378,2,0.12409107271961022,fasttext
5,0.9856511751071446,2,0.20447326763552345,fasttext
5,0.99986358786327,2,0.21168907413292007,fasttext
5,0.999044885486231,2,0.21138837551924788,fasttext
5,0.9595172204707872,2,0.1882835452558408,fasttext
5,0.9705183036538391,2,0.19727475108245812,fasttext
5,0.9993814390700528,16,0.0,fasttext
5,0.9510285448969839,2,0.18196714163055686,fasttext
7,0.7693290238347701,2,0.005821117005222323,fasttext
5,0.976095899560932,2,0.20016792534282504,fasttext
5,0.9248898917048521,2,0.1623299912603631,fasttext
5,0.9845947746808114,2,0.20447326763552345,fasttext
5,0.997565582815142,2,0.21138837551924788,fasttext
5,0.9992365706622662,2,0.21138837551924788,fasttext
5,0.9674561295179658,2,0.19659607053923914,fasttext
5,0.9813608987486229,2,0.2025269268868372,fasttext
5,0.9543653817072226,2,0.1857975519198718,fasttext
5,0.9805956156053494,2,0.201038763259937,fasttext
5,0.935391719879257,2,0.1686206638105634,fasttext
5,0.9998286094757644,2,0.21168907413292007,fasttext
5,0.9600290640781726,2,0.1882835452558408,fasttext
5,0.9825725700170599,2,0.2025269268868372,fasttext
5,0.9868197014431879,2,0.20628801487686196,fasttext
5,0.9998289155663828,2,0.21168907413292007,fasttext
5,0.970516699201041,2,0.19727475108245812,fasttext
5,0.9979248364166663,2,0.21138837551924788,fasttext
5,0.9998692304604748,2,0.21168907413292007,fasttext
5,0.8213482917053352,2,0.1202867263339644,fasttext
5,0.953464347754708,4,0.0,fasttext
5,0.9694681415681409,2,0.19694236673329557,fasttext
5,0.981908574597898,8,0.0,fasttext
5,0.9979786362725023,2,0.21138837551924788,fasttext
5,0.998866418821739,2,0.21138837551924788,fasttext
5,0.7978088156895812,2,0.10726328865521127,fasttext
5,0.9692040165426072,2,0.19694236673329557,fasttext
5,0.9995828286095046,2,0.21168907413292007,fasttext
5,0.9793075161063275,2,0.20072337273967628,fasttext
5,0.9524782481006755,2,0.1824054611676426,fasttext
5,0.9797433175681254,2,0.201038763259937,fasttext
5,0.9999749769268599,16,0.0,fasttext
