density_threshold,distance_threshold,tsne_n_components,NMI,embedding
0.37124848289280304,0.6269706492573257,4,0.3458566526879389,BERT
0.35524807201279635,0.2918591720365385,8,0.3448272900273588,BERT
0.6921049316434291,0.7811627906095293,2,0.3674306539514663,BERT
0.5368680425866004,0.17878837341643547,8,0.3448272900273588,BERT
0.5231790722173364,0.9478479184334572,2,0.3779394591128386,BERT
0.14961491880164263,0.8362135123124705,2,0.3703146298185453,BERT
0.6349618238830587,0.6045425824263579,16,0.34473401535561754,BERT
0.15059304077232322,0.055218541220731505,16,0.34473401535561754,BERT
0.059704273693426846,0.904605992828424,2,0.37580064880229275,BERT
0.21818113155766314,0.04703872979507579,16,0.34473401535561754,BERT
0.9258936491817074,0.9954907329120932,4,0.3458566526879389,BERT
0.07475797365095348,0.9696833309347568,2,0.3798901070213207,BERT
0.02218960607096332,0.7721523726450761,2,0.3668531473092385,BERT
0.3518736893585667,0.9975220408436435,2,0.38219902801565886,BERT
0.339153986836264,0.7298493383335747,2,0.3650916621874698,BERT
0.24294423530670078,0.9564958078550645,2,0.37846439937014237,BERT
0.015500736771985824,0.4260411330693399,2,0.3548300807178074,BERT
0.2920850861947783,0.8576254758193842,8,0.3448272900273588,BERT
0.43544649658448487,0.9971777659772519,4,0.3458566526879389,BERT
0.1464461729501931,0.6933675822249226,2,0.36366146752686823,BERT
0.23949217949973273,0.8526425260742946,2,0.3715554119448127,BERT
0.2299058010064216,0.8995819913941496,2,0.3751177478176658,BERT
0.12394306789924497,0.994690299466925,2,0.38189361354282286,BERT
0.09614096863805642,0.9928070052427361,2,0.3817740670321174,BERT
0.11798072888777136,0.8233729700581484,2,0.36990022952670015,BERT
0.10966772148057555,0.900225532750915,2,0.3751680041387266,BERT
0.20509133805098145,0.9154834406388572,8,0.3448272900273588,BERT
0.29702145519146633,0.7984901660363589,16,0.34473401535561754,BERT
0.022006767926320045,0.9928823880554097,4,0.3458566526879389,BERT
0.4095375728018112,0.6587598849523034,4,0.3458566526879389,BERT
0.16709584760797722,0.7299486070692123,2,0.3650916621874698,BERT
0.09890998313101224,0.9316159576353237,2,0.3772386119547992,BERT
0.07812634966048297,0.9959887146745211,2,0.38189361354282286,BERT
0.2976084618855392,0.8767075812590176,2,0.3734898759885305,BERT
0.09512400770262314,0.9328812520178338,8,0.3448272900273588,BERT
0.18031814271419877,0.8104926409321749,2,0.3689995103535492,BERT
0.06937364746775093,0.9993214145455878,2,0.3820579701122528,BERT
0.011767696113483647,0.8697082588089846,2,0.37298003705142657,BERT
0.18347103933526837,0.6006631159094122,2,0.3602162750005452,BERT
0.351724683875976,0.9437113202529834,16,0.34473401535561754,BERT
0.13925143501368978,0.7805368089119626,8,0.3448272900273588,BERT
0.0739998754751521,0.9906685962539488,2,0.3817218368340862,BERT
0.049804133587329956,0.9441003966806023,2,0.3780478212046033,BERT
0.07281320483878115,0.9998302364276331,2,0.382157516033229,BERT
0.06223716719356353,0.8873861152056516,2,0.37446191924582783,BERT
0.18116749316297384,0.9437267461321863,2,0.3780478212046033,BERT
0.13619038171767428,0.8589852814705246,2,0.3721645838784116,BERT
0.12764433823808025,0.954243318058942,16,0.34473401535561754,BERT
0.05205869478070148,0.9985506369671944,2,0.3819531865072716,BERT
0.2534554139878875,0.9011649535579715,4,0.3458566526879389,BERT
0.20244589449779318,0.9561992926609918,2,0.37836983682217307,BERT
0.05352138034405016,0.9988338620893503,2,0.3819531865072716,BERT
0.037716799153550105,0.8455814242684064,2,0.3708711360726991,BERT
0.05310046531385535,0.9666936300678947,2,0.37944864334727463,BERT
0.012419738177548115,0.9126477228276977,2,0.3761893802563102,BERT
0.151679518568757,0.9996617316164632,2,0.382157516033229,BERT
0.05321435519715847,0.9604708314324161,2,0.3788612980645368,BERT
0.151325717436835,0.8310476070044992,2,0.37013818761774014,BERT
0.08867850634230315,0.9032534879970459,8,0.3448272900273588,BERT
0.2564831810348443,0.8856508466711458,2,0.3742858738086533,BERT
0.2134543515098965,0.9655135715784046,16,0.34473401535561754,BERT
0.10859622911707062,0.9968180771442133,2,0.381960956030791,BERT
0.10921133604417033,0.9224390970970267,2,0.3770731083321784,BERT
0.16092327126050698,0.996398858664957,2,0.3818411602848593,BERT
0.0389018751073619,0.9306219154858765,2,0.3772386119547992,BERT
0.08909730132021887,0.9721956049767959,2,0.37994182476522614,BERT
0.12060529454101906,0.8730754615586429,4,0.3458566526879389,BERT
0.05628891438835325,0.9738109049423362,2,0.38004007618723384,BERT
0.010834370162036859,0.9987828661256644,2,0.3819531865072716,BERT
0.16418386749286612,0.9188023626331259,2,0.3767932650321525,BERT
0.07377858858709488,0.8201508755129593,2,0.3695385676562465,BERT
0.03099912128420558,0.9789010717378904,2,0.3804482049548584,BERT
0.011732991538598865,0.9949285629310093,2,0.38189361354282286,BERT
0.10711584784948168,0.9367616207618198,2,0.3776122365468031,BERT
0.07007375934834595,0.9652584848569796,2,0.37936991152786287,BERT
0.13619227141324963,0.9999307124581274,2,0.3821975376058522,BERT
0.13224789802453296,0.9260644960108344,8,0.3448272900273588,BERT
0.1930202022021391,0.8926897216343808,2,0.3746955208300627,BERT
0.1548829711958227,0.8628512897858973,4,0.3458566526879389,BERT
0.10345839539271535,0.9461977313141071,2,0.3781895204513923,BERT
0.22170190449694438,0.9734238659787751,16,0.34473401535561754,BERT
0.038672692127252016,0.999806386625291,2,0.382157516033229,BERT
0.07536408267301031,0.9989462969109363,2,0.3819531865072716,BERT
0.039480394508923655,0.9518224004347097,2,0.3782552096509299,BERT
0.1310757053339228,0.9120838262990659,2,0.3762822736476912,BERT
0.09083877427763881,0.9715132517287753,2,0.37994182476522614,BERT
0.17908970503348404,0.9368227832388013,2,0.3776122365468031,BERT
0.04431868371557651,0.9997896363770306,2,0.382157516033229,BERT
0.14551320853689245,0.8865228760993482,2,0.37431841648682634,BERT
0.03341291218695499,0.8442414352963482,2,0.3707012625313442,BERT
0.11946863860336049,0.9753385508346699,8,0.3448272900273588,BERT
0.05488943093285884,0.9535567579061205,2,0.37836983682217307,BERT
0.07798339685680059,0.9803740254451744,2,0.3806301532937824,BERT
0.05662053786901437,0.995324355725109,2,0.38189361354282286,BERT
0.10095686007927804,0.9144917568804075,2,0.3762860052886952,BERT
0.03183095021543763,0.949781325115766,2,0.3780635553030592,BERT
0.08428183791067753,0.9984583547090566,2,0.3819531865072716,BERT
0.11668305265112568,0.9314736151887675,2,0.3772386119547992,BERT
0.14651372453002115,0.9756324350333221,16,0.34473401535561754,BERT
0.06222340286925708,0.8989832169095827,4,0.3458566526879389,BERT
0.16900535230460292,0.9530261769966857,2,0.37836983682217307,BERT
0.017233065640687537,0.9955717026953599,2,0.38189361354282286,BERT
0.03687406901934173,0.9783254721481912,2,0.3804482049548584,BERT
0.04588523572929086,0.9602396555083108,2,0.37883280374092704,BERT
0.014439550246027706,0.9998135716176991,2,0.382157516033229,BERT
0.09493552034847698,0.9201968383048004,2,0.3769837879379832,BERT
0.08134873614014249,0.9395094988712639,2,0.3777763752269933,BERT
0.027801788838574953,0.9999907356875629,2,0.3821975376058522,BERT
0.021758956506484052,0.9806224722293151,2,0.38067683813226905,BERT
0.12285387748590547,0.9584817892653315,2,0.3786083291122358,BERT
0.06372995473261961,0.8714255741389416,2,0.3731190825766154,BERT
0.04126293697015532,0.9819571110191515,2,0.3807708050200564,BERT
0.07134819936837397,0.9286309200430296,2,0.377201334892592,BERT
0.10517584994171088,0.9997141640332543,2,0.382157516033229,BERT
0.10292520597172876,0.9658603833535019,2,0.3794092733531277,BERT
0.19047446942553603,0.9437624218627656,2,0.3780478212046033,BERT
0.13116494642507323,0.9060269864040504,8,0.3448272900273588,BERT
0.01110628063148051,0.9787222676191526,2,0.3804482049548584,BERT
0.08848335242195132,0.9599715143465286,2,0.3787758279501966,BERT
0.15772062094309885,0.9845829807758786,2,0.3811487901734622,BERT
0.032251068543083405,0.9295341683827062,16,0.34473401535561754,BERT
0.054831301348282846,0.9992716051347733,2,0.3820579701122528,BERT
0.061494963322365086,0.9932251317979887,2,0.3817740670321174,BERT
0.11151607153277507,0.9994860908725789,2,0.38210508973824553,BERT
0.11009531170283535,0.9983493013957591,2,0.3819531865072716,BERT
0.3744050869486958,0.9621180995830014,2,0.3792842118017146,BERT
0.1423516112012112,0.9442188854826725,4,0.3458566526879389,BERT
0.2029014484476488,0.9696489223614201,2,0.3798901070213207,BERT
0.23741469319885566,0.909204395835259,2,0.3762212652625593,BERT
0.07797614418146738,0.8860111539772899,2,0.37431841648682634,BERT
0.11477231134462862,0.9994306067109241,2,0.38210508973824553,BERT
0.10540504995414028,0.9798160666466664,2,0.3804482049548584,BERT
0.12324457343450235,0.948917553197105,2,0.3780635553030592,BERT
0.17600640776813142,0.9996831944573716,2,0.382157516033229,BERT
0.17354876932843877,0.9785217844347106,2,0.3804482049548584,BERT
0.2801482121195641,0.9589155901207785,2,0.378714250950156,BERT
0.2187325834120708,0.997505340502599,2,0.38200801427972314,BERT
0.04543112138466216,0.9991906205680227,2,0.3820579701122528,BERT
0.14618399878117305,0.9301471183799795,2,0.3772386119547992,BERT
0.06970680191636011,0.9731312506543023,2,0.37994182476522614,BERT
0.025556779364965553,0.9430012465775947,2,0.3780478212046033,BERT
0.05137317550606769,0.9995384871954829,2,0.382157516033229,BERT
0.07975354673181514,0.9787198463575166,2,0.3804482049548584,BERT
0.04906191136278448,0.9608855517314335,2,0.3789790915173765,BERT
0.0953918474592148,0.5294126512644703,2,0.3574282327930058,BERT
0.011546377233627324,0.7668263712113995,8,0.3448272900273588,BERT
0.12654885012802214,0.9992515943569378,2,0.3820579701122528,BERT
0.16281373940679345,0.9761311257997599,2,0.3802052127576478,BERT
0.06112745164744455,0.9171725881537792,2,0.3766241296468053,BERT
0.5083644088116789,0.9507299763285679,2,0.3782039830202877,BERT
0.034127430844438575,0.9809606599441227,16,0.34473401535561754,BERT
0.053696015869943915,0.9991472146576014,2,0.3820579701122528,BERT
0.09099593984373956,0.9607971004999216,2,0.3789790915173765,BERT
0.04409389779431016,0.9961870003245151,2,0.38189361354282286,BERT
0.02941152489571741,0.9978059427357346,2,0.38219902801565886,BERT
0.07495058627463558,0.9365734408969077,2,0.3775436416719819,BERT
0.010112011407045688,0.9693346402813376,4,0.3458566526879389,BERT
0.1167467058131473,0.9804749914064556,2,0.3806301532937824,BERT
0.026999411173887516,0.950523600259594,2,0.3782039830202877,BERT
0.0980496848921909,0.9267009233680171,2,0.37706904799678453,BERT
0.06511805569632921,0.9669371642556733,2,0.3794880215128471,BERT
0.040595967544500754,0.999733467405063,2,0.382157516033229,BERT
0.02891515438805628,0.9796625364240853,2,0.3804482049548584,BERT
0.04710456245278073,0.9862225076816112,2,0.3814502028461768,BERT
0.08103290962547273,0.9990766835310456,2,0.3820579701122528,BERT
0.13693082448316343,0.9596649720636935,2,0.378631591362381,BERT
0.4257211301345371,0.9989001124755026,2,0.3819531865072716,BERT
0.3306837866751404,0.9483243752026227,2,0.3779394591128386,BERT
0.18834526938451102,0.7035077945397779,2,0.3638441151293485,BERT
0.10820148625250044,0.414703126566725,2,0.3546775401195578,BERT
0.06249454604489905,0.9783222647979487,2,0.3804482049548584,BERT
0.04813973840412153,0.9972855840059045,2,0.38200801427972314,BERT
0.040869932155964885,0.968567602280828,2,0.37967187453336354,BERT
0.027879813381176233,0.9813937330437297,2,0.3807420170591347,BERT
0.5473370879140248,0.9973047759797156,2,0.38200801427972314,BERT
0.08910813506174405,0.9997168254238322,2,0.382157516033229,BERT
0.09032280471018776,0.9581277148157676,2,0.3786083291122358,BERT
0.14285695615832475,0.9371454146079015,8,0.3448272900273588,BERT
0.07118435079622779,0.8039965402860827,2,0.36854102974921626,BERT
0.11345312542995103,0.977724541038337,2,0.3804086194473457,BERT
0.17387073803925457,0.9623755613300689,2,0.3793305578689381,BERT
0.011118306141006458,0.9977821006377493,2,0.38219902801565886,BERT
0.014980842238440255,0.9993909493235673,2,0.38210508973824553,BERT
0.014057975573684005,0.9991040839413579,2,0.3820579701122528,BERT
0.012969248014608217,0.9787434306959362,2,0.3804482049548584,BERT
0.03231228155544796,0.9520212190033946,2,0.3782552096509299,BERT
0.08371401698517522,0.9777246376932887,2,0.3804086194473457,BERT
0.03350893019386939,0.9383304705483458,16,0.34473401535561754,BERT
0.061969553913465814,0.9662964137313095,4,0.3458566526879389,BERT
0.09722384572177545,0.6315290230079756,2,0.3614155852575948,BERT
0.05098920464802942,0.9807942603838138,2,0.38067683813226905,BERT
0.0673239054880996,0.9987698455433466,2,0.3819531865072716,BERT
0.011497678680051644,0.9999985733580297,2,0.3821975376058522,BERT
0.010892589031092997,0.9997458768451571,2,0.382157516033229,BERT
0.0102570113697383,0.9996458484165113,2,0.382157516033229,BERT
0.03315000988786996,0.9674209356816579,2,0.3794880215128471,BERT
0.024372392955960977,0.7500903385017029,2,0.36626082935231213,BERT
0.04437566869980056,0.9786764001388932,2,0.3804482049548584,BERT
0.01971625350839412,0.9504449340323309,2,0.3782039830202877,BERT
0.011719904645412595,0.9998698264264952,2,0.382157516033229,BERT
0.2885826836467919,0.19439559126509587,4,0.3452992845509769,word2vec
0.7451940303651333,0.8560938915504022,8,0.3448739462937842,word2vec
0.6620623595385741,0.25851886630621046,8,0.3448739462937842,word2vec
0.6396201443515652,0.7030990528412885,16,0.34473401535561754,word2vec
0.09580242063858783,0.4447082084994916,2,0.3568288192077179,word2vec
0.8241997457938891,0.7359271560019583,16,0.34473401535561754,word2vec
0.6188106474177831,0.8918946292849715,4,0.3452992845509769,word2vec
0.9670068527290212,0.1481001920153387,8,0.3448739462937842,word2vec
0.9033464966557789,0.5265599292166023,4,0.3452992845509769,word2vec
0.25645317155055314,0.7126376703306596,8,0.3448739462937842,word2vec
0.059351258067701494,0.014210913552518634,2,0.3483142953832187,word2vec
0.031244976389905785,0.07873583568154573,2,0.3493751057266037,word2vec
0.011220760092041138,0.3920646599021034,2,0.35535696474440415,word2vec
0.20215671865523915,0.38847335992752763,2,0.3552886018078213,word2vec
0.41593963516330074,0.42883343332510865,2,0.3563660133688298,word2vec
0.3817499225576135,0.5271480278603344,2,0.35973752477090526,word2vec
0.4518531790400998,0.5528983093589733,2,0.36054432044219487,word2vec
0.46017067808488854,0.5680970086995784,2,0.3608854148931423,word2vec
0.5091437808469581,0.6134169892168685,2,0.3623753546205917,word2vec
0.49767879938336085,0.9890269788095714,16,0.34473401535561754,word2vec
0.5619713993527091,0.6087535203674154,2,0.36254161235399146,word2vec
0.5398271609369706,0.6172821233713154,2,0.36249070655178695,word2vec
0.5620547377581488,0.6319866758424934,2,0.36262570191454097,word2vec
0.5595301397677337,0.645000026079215,2,0.3630113463593769,word2vec
0.5644477818371414,0.6447797740640558,2,0.3630113463593769,word2vec
0.7504573283871637,0.6863710434477435,2,0.36494852963184393,word2vec
0.7145969642635186,0.7745367004878392,2,0.37029106810527446,word2vec
0.7643111768016879,0.8285365980437948,4,0.3452992845509769,word2vec
0.7145263591646007,0.7735544021896087,16,0.34473401535561754,word2vec
0.8241954076509572,0.8004204742518493,4,0.3452992845509769,word2vec
0.6806924684377802,0.6870756807705536,2,0.36498482201833427,word2vec
0.6827402358827508,0.6847787744941449,2,0.36484449471172675,word2vec
0.7200798492346742,0.7156108597352662,2,0.3668060873548786,word2vec
0.7538390321416087,0.7517512336234643,2,0.36881374631662633,word2vec
0.6503602896931916,0.7541264106773597,2,0.36884070359870447,word2vec
0.6199349982884192,0.8746440976237189,8,0.3448739462937842,word2vec
0.8005294902293005,0.7744216180370054,2,0.37029106810527446,word2vec
0.7958034539484068,0.7631421365016996,16,0.34473401535561754,word2vec
0.8357547080504685,0.8270028753961183,8,0.3448739462937842,word2vec
0.8752754038581998,0.909648164407749,2,0.3787179886725215,word2vec
0.8698599863290482,0.9106247710629627,4,0.3452992845509769,word2vec
0.9063570135907878,0.7794638124753054,2,0.37055712645332495,word2vec
0.9473775021083247,0.9332713644610967,2,0.3809638189442008,word2vec
0.9730343499500516,0.926527571206516,2,0.38011169796371425,word2vec
0.9646269961651335,0.9745648772158519,2,0.383869372614147,word2vec
0.9852653947008367,0.9335580670688829,8,0.3448739462937842,word2vec
0.9298976556549163,0.9975983091829135,2,0.38493393375726065,word2vec
0.9483295211981646,0.9994161560825666,16,0.34473401535561754,word2vec
0.9454228566617173,0.9409401235037755,2,0.38145925783436696,word2vec
0.9448822850888343,0.966523963218194,2,0.3835472242880325,word2vec
0.9403675410611148,0.9663397650057877,2,0.3835472242880325,word2vec
0.9949582030570466,0.9537119544549455,2,0.38259747390061716,word2vec
0.9946295897161418,0.9770298371509274,2,0.38395257939678096,word2vec
0.9934675361620954,0.9686652495740561,2,0.3835651928749336,word2vec
0.9159255303332396,0.8682318062910256,2,0.37566102491180914,word2vec
0.9942319064510143,0.9755581653556815,2,0.3840239280378087,word2vec
0.9789524265082588,0.9834795271740916,4,0.3452992845509769,word2vec
0.9926552446843065,0.9985080859059698,2,0.3853211777673625,word2vec
0.8900966362817452,0.9992174019948838,2,0.3854489157433437,word2vec
0.8774440486323187,0.9994054817752038,8,0.3448739462937842,word2vec
0.9065723745161508,0.8966247442581649,2,0.37775570619459575,word2vec
0.9962791982118249,0.966408692452253,2,0.3835472242880325,word2vec
0.9251873284031766,0.8979583473749134,2,0.377995314892998,word2vec
0.9679795724444554,0.8530568269408495,2,0.37495309233978225,word2vec
0.9965520977426046,0.9558103815353626,2,0.3825969413671674,word2vec
0.866422814084044,0.9986540034525796,2,0.3853211777673625,word2vec
0.8838646080234053,0.9990256473929148,2,0.3854489157433437,word2vec
0.8783800807889157,0.9145974513369604,16,0.34473401535561754,word2vec
0.86055446139293,0.8669038211612693,2,0.37556638066742226,word2vec
0.9047147451431139,0.9955728877431302,2,0.3848857966015978,word2vec
0.9192803415336764,0.9310571265752997,2,0.38073968695451443,word2vec
0.896641430688458,0.9963255786898063,2,0.3848857966015978,word2vec
0.8926738962840098,0.9887337649743392,2,0.3848590552688641,word2vec
0.8482207342238565,0.9991171906558278,2,0.3854489157433437,word2vec
0.8478059198757472,0.9454985075264171,2,0.38151507966974396,word2vec
0.8441159168498472,0.999915448243349,4,0.3452992845509769,word2vec
0.812959121948576,0.8860042391424685,2,0.37696199960943555,word2vec
0.7840269037831963,0.9452543489878968,2,0.38151507966974396,word2vec
0.8285116755305069,0.9140866021567904,2,0.379255255190579,word2vec
0.894775262315124,0.9985436766043007,2,0.3853211777673625,word2vec
0.8481280329020907,0.8978317421701703,8,0.3448739462937842,word2vec
0.8965783250022172,0.9504785101898418,2,0.3819179430179303,word2vec
0.9250498543867441,0.9919799578910907,2,0.3846641624990821,word2vec
0.8841158153034557,0.9249633463107693,2,0.3799267449952356,word2vec
0.8156644599252371,0.9981948164104677,2,0.38498749237391156,word2vec
0.8145387271751787,0.9430470693076973,16,0.34473401535561754,word2vec
0.7841481153270099,0.8383561958020067,2,0.37409565713777543,word2vec
0.8584595362223272,0.8823329059016239,2,0.3767137617994141,word2vec
0.821883397042696,0.9696106337324433,2,0.3836858053283444,word2vec
0.9282753401295503,0.9186793168025486,2,0.3793290721522573,word2vec
0.8739757517082549,0.9575878309395571,4,0.3452992845509769,word2vec
0.892781589186767,0.9989806928699569,2,0.3853211777673625,word2vec
0.9549378819212011,0.9979795983522717,2,0.38493393375726065,word2vec
0.9494295018850127,0.9688325768876133,2,0.3835651928749336,word2vec
0.9622104990408358,0.9354167499897801,2,0.3810738824960108,word2vec
0.8604550754530097,0.9998960226018178,2,0.38555633476687273,word2vec
0.8552491410247294,0.9744902501867726,2,0.38382157415295814,word2vec
0.7938998943412499,0.9535247329767582,2,0.38259747390061716,word2vec
0.9310630777253244,0.8978145397797105,2,0.377995314892998,word2vec
0.7675778953252743,0.9232944676644059,8,0.3448739462937842,word2vec
0.840408601258392,0.9735201319771308,2,0.38382157415295814,word2vec
0.8879120992035616,0.9843946527702563,2,0.3846023437148691,word2vec
0.9147716500859725,0.9999553966729301,2,0.38555633476687273,word2vec
0.906017445734255,0.9526960731179006,2,0.38253906328679443,word2vec
0.8628689202266154,0.9997071795151993,2,0.38555633476687273,word2vec
0.8109549184550461,0.9784934235594535,2,0.3840410740659756,word2vec
0.8623409653973652,0.9383793383677363,16,0.34473401535561754,word2vec
0.8333686973759901,0.9560614329580215,2,0.3825969413671674,word2vec
0.8742137214888028,0.9158324535895739,2,0.3790560443176238,word2vec
0.9092794184561254,0.9818462197684951,2,0.384339879948718,word2vec
0.9728058736952279,0.8739760332691235,2,0.37577850632025134,word2vec
0.9326604846004655,0.9989460553179237,2,0.3853211777673625,word2vec
0.9367697713424566,0.9766779947012678,2,0.38395257939678096,word2vec
0.884856638798617,0.9597428998173851,2,0.3828391460540473,word2vec
0.8585983898219185,0.9989640917373598,2,0.3853211777673625,word2vec
0.9129761245462561,0.9988009349391661,2,0.3853211777673625,word2vec
0.8524946991810674,0.9285036276767763,4,0.3452992845509769,word2vec
0.9631992530634275,0.9592483003932937,2,0.3828391460540473,word2vec
0.8856472439237665,0.9050488247147832,2,0.378388859460616,word2vec
0.8658587033022141,0.9389626160677025,2,0.38126457478326553,word2vec
0.8316143373136377,0.9834863312888797,2,0.3843805890356384,word2vec
0.9171623666613888,0.9825131574266041,2,0.384339879948718,word2vec
0.9060440958654935,0.9984498097795944,2,0.385218683953552,word2vec
0.9388994603927103,0.9623762230253653,2,0.38319284278862625,word2vec
0.9192154381925158,0.9971058163333308,2,0.38493393375726065,word2vec
0.9005692763367301,0.9368696287783658,2,0.381102673205128,word2vec
0.8655074934033317,0.9996319822273886,8,0.3448739462937842,word2vec
0.9764555862719148,0.963997519504127,2,0.38333948319034883,word2vec
0.9430220221423834,0.9121622863997368,2,0.3789917115781917,word2vec
0.8465917549977786,0.9796550058918021,2,0.384339879948718,word2vec
0.7312259978577793,0.9414808855345925,16,0.34473401535561754,word2vec
0.8963919118788545,0.9988909967890529,2,0.3853211777673625,word2vec
0.8899437133313753,0.9689837103473857,2,0.3836962927994023,word2vec
0.8737564364042181,0.9992423229453216,2,0.3854489157433437,word2vec
0.8061272366521658,0.954290606306223,2,0.3825969413671674,word2vec
0.8310351393097528,0.9780070654335665,2,0.38400043685838586,word2vec
0.9197421175648832,0.9251789004372368,2,0.3799267449952356,word2vec
0.8686755593930582,0.9535781382409559,2,0.38259747390061716,word2vec
0.954035409197549,0.9995082307988378,2,0.38555633476687273,word2vec
0.9518227051796412,0.8880744810271907,2,0.37705193090678935,word2vec
0.9787443729367626,0.975059738895751,4,0.3452992845509769,word2vec
0.9226361402228572,0.9980908408930385,2,0.38498749237391156,word2vec
0.8801531901996482,0.9794300509763321,2,0.3842097091212609,word2vec
0.9576456512757665,0.9459712717491143,2,0.38151507966974396,word2vec
0.8510318655296072,0.965046398622781,2,0.38333948319034883,word2vec
0.9364329561235267,0.9976063178075101,2,0.38493393375726065,word2vec
0.7698350942228711,0.9307796174706453,2,0.38073968695451443,word2vec
0.9038184820081276,0.9794503192023227,2,0.3842097091212609,word2vec
0.8790069686324216,0.9993387301844311,2,0.38550261777211986,word2vec
0.797567043256511,0.9546432602954442,2,0.3825969413671674,word2vec
0.8317867901030104,0.8554633771149858,2,0.375091863253514,word2vec
0.8750441822629925,0.9993852424423468,2,0.38550261777211986,word2vec
0.8711001521992534,0.9785589954391454,2,0.3840410740659756,word2vec
0.8895428946760908,0.7984960610491179,2,0.3722756506596494,word2vec
0.851054970553483,0.9660265352733878,2,0.3835472242880325,word2vec
0.870728238033761,0.9996320931308426,2,0.38555633476687273,word2vec
0.8837404157708005,0.9447241367928598,8,0.3448739462937842,word2vec
0.9997917294603412,0.7243014332294789,2,0.3673541604951329,word2vec
0.9319353819733389,0.9784424068504487,2,0.3840410740659756,word2vec
0.9618469424432035,0.9995683202043405,16,0.34473401535561754,word2vec
0.9037587172857385,0.9089053795430164,2,0.37845645169834763,word2vec
0.8547323394004867,0.9847854423171548,2,0.384712526670451,word2vec
0.8283057410243044,0.4845760851804551,2,0.3584513832968549,word2vec
0.8725940189090469,0.9626149781751783,2,0.3832990742099895,word2vec
0.8145439465933618,0.9990864747828809,2,0.3854489157433437,word2vec
0.8407454757780847,0.9789947848747528,2,0.3842097091212609,word2vec
0.8153804233669594,0.9521413655744031,2,0.3824916891357138,word2vec
0.8957760342720003,0.932079637805008,2,0.38088416688928156,word2vec
0.8756333963700819,0.9809295494491773,2,0.384339879948718,word2vec
0.925026744537654,0.6904499112295688,2,0.3653589113347422,word2vec
0.9459485493415545,0.9996081098818471,2,0.38555633476687273,word2vec
0.9399071327871351,0.5885000561962703,2,0.36171331907105675,word2vec
0.9138091543095044,0.9661704143242771,2,0.3835472242880325,word2vec
0.9655908003868077,0.9962362685998474,2,0.3848857966015978,word2vec
0.8903960105872764,0.9823299787173932,2,0.384339879948718,word2vec
0.6257243600407942,0.9606883029939652,4,0.3452992845509769,word2vec
0.9802781935528686,0.9998601606558104,2,0.38555633476687273,word2vec
0.9804501089596539,0.6438985466732712,2,0.36298529824205467,word2vec
0.8592731682224121,0.9455419077876294,2,0.38151507966974396,word2vec
0.6635620940666909,0.9779374146019455,2,0.38400043685838586,word2vec
0.955995267085091,0.3160063928813319,2,0.3533626081189854,word2vec
0.9781621814150993,0.9932314818340732,2,0.38474672509484487,word2vec
0.9398450453645347,0.9974706396533649,2,0.38493393375726065,word2vec
0.5931294081013565,0.9654546643804486,2,0.38341071395947973,word2vec
0.9102902084761074,0.998452408217029,2,0.3853211777673625,word2vec
0.8747941261647926,0.9984494889328426,2,0.385218683953552,word2vec
0.924980957084006,0.7363390615878824,2,0.36823517091416214,word2vec
0.8432922971737136,0.9686631554135648,2,0.3835651928749336,word2vec
0.7848954637017976,0.9453161241832153,8,0.3448739462937842,word2vec
0.8927448992304547,0.9994971218626482,2,0.38555633476687273,word2vec
0.7006751030452397,0.9784547722770585,2,0.3840410740659756,word2vec
0.8895405018036161,0.9986376038441744,2,0.3853211777673625,word2vec
0.8675064552273071,0.9761483024685508,2,0.38389360560477775,word2vec
0.904725591908689,0.9991688384365812,2,0.3854489157433437,word2vec
0.895095051463311,0.9593904630904149,2,0.3828391460540473,word2vec
0.9106622633987944,0.9787637111455433,2,0.38414284314926306,word2vec
0.820053659571099,0.9352783827176037,16,0.34473401535561754,word2vec
0.7464866614957528,0.955209579492169,2,0.3825969413671674,word2vec
0.858339415113873,0.9808408491126406,2,0.384339879948718,word2vec
0.48149242210726995,0.5371579348863517,2,0.36008188923916573,word2vec
0.4564759782599573,0.3788094881384648,8,0.34475732929251446,tfidf
0.9619974547072511,0.23497048026558084,4,0.3448739462937842,tfidf
0.5232279227018902,0.2701101300486743,8,0.34475732929251446,tfidf
0.21501821533755602,0.7718732088405607,4,0.3448739462937842,tfidf
0.29402145051668,0.34705969328083947,8,0.34475732929251446,tfidf
0.145159986587524,0.9513986368421998,8,0.34475732929251446,tfidf
0.7820599613905626,0.2576296496432947,2,0.35193445744863466,tfidf
0.7773946545271351,0.8024283647694099,4,0.3448739462937842,tfidf
0.11635454234683844,0.749862127556048,8,0.34475732929251446,tfidf
0.4382004902469751,0.6222858086013173,8,0.34475732929251446,tfidf
0.6936782624250549,0.026375281398535066,2,0.3490536335512368,tfidf
0.7066894552518448,0.013506661282373295,2,0.3486954977536543,tfidf
0.6903642899055482,0.029330595998870362,2,0.34906009456517406,tfidf
0.9123568829404456,0.13971370033427205,16,0.34417843319539354,tfidf
0.792791343133499,0.15092812655344334,2,0.35125503512895445,tfidf
0.8674008441935158,0.47293908945254254,2,0.35385182729681897,tfidf
0.9849712555929107,0.49315380791357616,2,0.3541769740208145,tfidf
0.984696559479245,0.49809041082582656,16,0.34417843319539354,tfidf
0.8812362055959262,0.5068461590799559,2,0.35443433475410113,tfidf
0.8848004942683371,0.577988517872959,2,0.35531492110527113,tfidf
0.8693471670328937,0.6107265233022314,2,0.3561103777999905,tfidf
0.8661396276214526,0.5977457437768405,2,0.35581237076066907,tfidf
0.8802930451889515,0.6399064509546457,2,0.3567371654421273,tfidf
0.6100608587666145,0.6553511426516029,2,0.35708717385186406,tfidf
0.5975812115843958,0.6656606458794335,16,0.3444447341745586,tfidf
0.6104972956094148,0.7001224459478261,2,0.35744215095260246,tfidf
0.574443393389354,0.7004893148778925,2,0.35744215095260246,tfidf
0.5821187788550932,0.7223658500688738,2,0.35765177001301546,tfidf
0.3954015206901468,0.8630092170068628,2,0.3604151221768725,tfidf
0.3606915782069841,0.8339901710458203,4,0.3448739462937842,tfidf
0.4490225908156795,0.8815193944778207,16,0.3444447341745586,tfidf
0.5285714717149134,0.7214457664085634,2,0.35765177001301546,tfidf
0.5077174670227006,0.7203067169678931,2,0.3575503025318503,tfidf
0.4787791578838375,0.8574890641693841,2,0.36044647988125317,tfidf
0.41037746377179435,0.86807861812996,2,0.36052857936357907,tfidf
0.36619476282049024,0.995342848913768,4,0.3448739462937842,tfidf
0.4022226244742477,0.8798954319226195,2,0.3611302878855227,tfidf
0.30325149297647014,0.8746924180055734,2,0.3608123673943755,tfidf
0.3225049110676245,0.9248330309263976,4,0.3448739462937842,tfidf
0.2615701990796953,0.8197121872670626,8,0.34475732929251446,tfidf
0.21990369091352766,0.7795987672996798,2,0.3584611102403077,tfidf
0.43214952384933486,0.8758984862272057,2,0.3608545061827336,tfidf
0.4206523149225361,0.9152688664365916,2,0.36210027979265347,tfidf
0.42947166922741076,0.9184410012999492,2,0.36213634418566565,tfidf
0.32862170521430817,0.9189381877427237,8,0.34475732929251446,tfidf
0.42013266867387183,0.9730237073587921,2,0.36399384912690574,tfidf
0.4410886830277825,0.9933594251331098,2,0.36490791758200514,tfidf
0.46665757413752845,0.9924301146848943,2,0.36488125638919244,tfidf
0.4681702406401633,0.9849978454134831,4,0.3448739462937842,tfidf
0.488467599431943,0.9546545542326236,8,0.34475732929251446,tfidf
0.5319312671518324,0.9957678591872635,16,0.3444447341745586,tfidf
0.41652469189752206,0.9345140325524053,2,0.36215459984883996,tfidf
0.4391239532099278,0.9469501719877019,2,0.362887701278575,tfidf
0.4537524347943154,0.951125689926417,2,0.3632302696246797,tfidf
0.35970274773203026,0.9544757897172705,2,0.3635618504955559,tfidf
0.36358179558799797,0.9618306168469497,2,0.36372844458905684,tfidf
0.34605560295359655,0.9677952783492224,2,0.3638034814960764,tfidf
0.38172491715658313,0.9762774861321536,2,0.36407335178685907,tfidf
0.2931272483929215,0.987507208492539,2,0.3645417849903961,tfidf
0.28639830460706495,0.9987438238608484,2,0.3651812891035653,tfidf
0.2656138021122697,0.8036920303140579,2,0.3590104626691304,tfidf
0.17729292127486548,0.999445623823655,2,0.3651812891035653,tfidf
0.1507565683002298,0.9993627516870452,2,0.3651812891035653,tfidf
0.15927106631083143,0.9969889480630327,2,0.3651812891035653,tfidf
0.1527310061767255,0.9968026946630139,2,0.36515458795067557,tfidf
0.14896336662207257,0.9141527120423442,16,0.3444447341745586,tfidf
0.06400895901654467,0.9934222942060305,2,0.36490791758200514,tfidf
0.06211012207753533,0.9996882981963895,2,0.3651812891035653,tfidf
0.147938528595891,0.9015212280845306,2,0.3616193156911157,tfidf
0.11320723812617481,0.9400005942091022,8,0.34475732929251446,tfidf
0.17469908811817472,0.9022174345949985,2,0.3616193156911157,tfidf
0.06636421523694919,0.9906471420727369,2,0.3647178462838043,tfidf
0.040588473524250476,0.9982832039951525,2,0.3651812891035653,tfidf
0.02923018867135202,0.8394561722776868,2,0.3598608828178561,tfidf
0.18657052774991534,0.9424699596456213,2,0.36261470442297705,tfidf
0.10814127583039122,0.8986679908885709,2,0.36153175896021017,tfidf
0.2064114537207162,0.9991245628527243,4,0.3448739462937842,tfidf
0.09436684827414576,0.9637953818614919,2,0.36378137881596373,tfidf
0.1433823516911047,0.9304017495169224,2,0.3621184885629975,tfidf
0.016914427866297373,0.964018111099889,16,0.3445567200586685,tfidf
0.22820648646333108,0.8488277829456898,2,0.3603229176052583,tfidf
0.07735841948313636,0.9953889456028249,2,0.36515458795067557,tfidf
0.08410970952266855,0.9379099580069332,2,0.36235456428125196,tfidf
0.045630484082045716,0.8889974560237436,2,0.36135291860817176,tfidf
0.13448626869174146,0.9659821310235683,2,0.3636675697632136,tfidf
0.09428766020477133,0.925504863074734,2,0.36208238447791924,tfidf
0.12226100358383496,0.9723803043924523,2,0.36388780359340495,tfidf
0.1676606395861293,0.8957122893094981,2,0.3614809101313783,tfidf
0.05086103772931925,0.8642034257640315,2,0.3604151221768725,tfidf
0.010472380121741252,0.9981844292921549,4,0.3448739462937842,tfidf
0.07319463467288038,0.943723512206287,8,0.34475732929251446,tfidf
0.06355481514201086,0.9993809217440466,2,0.3651812891035653,tfidf
0.10349385178115023,0.999901296165225,2,0.3651812891035653,tfidf
0.10369802978018508,0.972611930016218,2,0.3639308123545829,tfidf
0.04719292369719333,0.9185877246488874,2,0.361944165881914,tfidf
0.12406595680855986,0.9701158395229779,2,0.3638512999553883,tfidf
0.09547575456396737,0.9513603685903601,2,0.36334491018193693,tfidf
0.06941195232698263,0.9786318544422198,2,0.3641578201016819,tfidf
0.16065976102236074,0.9996738897389063,2,0.3651812891035653,tfidf
0.16289092967764635,0.9347614233920508,2,0.36215459984883996,tfidf
0.1930121621285586,0.9106563375042218,16,0.3444447341745586,tfidf
0.12565296418940408,0.9982803931890866,2,0.3651812891035653,tfidf
0.11735287450588719,0.9565842091610602,2,0.36360473073359334,tfidf
0.16294538662799554,0.9774741238338327,2,0.3641212531603035,tfidf
0.14378250035727805,0.9980893813164502,2,0.3651812891035653,tfidf
0.13164144318141852,0.9449125829115014,2,0.36278887493299555,tfidf
0.18375091138761349,0.977971683929531,2,0.3641578201016819,tfidf
0.1341801095069488,0.9994168044042628,2,0.3651812891035653,tfidf
0.03523900005866401,0.924858855770585,2,0.3620101979014421,tfidf
0.08512396620758036,0.8820949285052097,2,0.36116612339054843,tfidf
0.2064394318710268,0.9532421819673624,8,0.34475732929251446,tfidf
0.13506794765511365,0.9988055056408248,2,0.3651812891035653,tfidf
0.10175688894591838,0.9775037037666824,2,0.3641212531603035,tfidf
0.15832169594826143,0.959032109919059,2,0.3636126400291495,tfidf
0.05308974335738935,0.9994433147521706,2,0.3651812891035653,tfidf
0.11648495971397424,0.9331050627477013,2,0.36215459984883996,tfidf
0.23245413414259694,0.9752801240882811,4,0.3448739462937842,tfidf
0.182931571382049,0.9058042607382576,2,0.3617695929973696,tfidf
0.14343962881255706,0.9576044027778483,2,0.36368591369184256,tfidf
0.031115622174410176,0.9797917641519787,2,0.3642805886068238,tfidf
0.062396331073627104,0.9310461292202205,2,0.36215459984883996,tfidf
0.1358330124970713,0.9968374198384087,2,0.36515458795067557,tfidf
0.1714311663295397,0.9999194189977066,2,0.3651812891035653,tfidf
0.08203779421295378,0.9574909779475315,2,0.36368591369184256,tfidf
0.13062422302000076,0.9767244231391509,2,0.36407335178685907,tfidf
0.10756199205828575,0.998667189508483,2,0.3651812891035653,tfidf
0.14934015925518426,0.9440976625575881,16,0.3444447341745586,tfidf
0.1975733517014584,0.9112664348922903,2,0.36202052512864064,tfidf
0.2180439618851695,0.9794358145237859,2,0.36424399700690646,tfidf
0.23997407467130838,0.8928342792081922,2,0.36149944205954626,tfidf
0.17682843157068112,0.9645877158075965,2,0.36378137881596373,tfidf
0.06264531745504509,0.9966838022158356,2,0.36515458795067557,tfidf
0.04995607301839801,0.9991713274268867,2,0.3651812891035653,tfidf
0.0968460554852342,0.9470015317106931,2,0.362887701278575,tfidf
0.010399844046948954,0.9803237356830444,2,0.3642805886068238,tfidf
0.12119410149516618,0.9612664382553827,2,0.363691996586611,tfidf
0.037523786013007016,0.9257748560743805,2,0.36208238447791924,tfidf
0.08183559955511435,0.9783911217911552,2,0.3641578201016819,tfidf
0.14828624896957715,0.9990060391730002,4,0.3448739462937842,tfidf
0.05980551716556108,0.7519754305571347,8,0.34475732929251446,tfidf
0.20301129304737245,0.9397533341588749,2,0.3624333246043025,tfidf
0.17368606582960758,0.9842741444717229,2,0.3644519480795703,tfidf
0.16561389047388314,0.9985743559746085,2,0.3651812891035653,tfidf
0.1304096181110384,0.9623648041461773,2,0.3637549097767409,tfidf
0.10287426330385935,0.9637012525559959,2,0.36378137881596373,tfidf
0.18475559280778256,0.9812355377712721,2,0.36436515312182105,tfidf
0.11714606386240864,0.9439696614443073,2,0.3627362581222214,tfidf
0.08000975990752543,0.9990913399067733,2,0.3651812891035653,tfidf
0.15462249682333845,0.9175982713780323,2,0.36210027979265347,tfidf
0.2506184550033635,0.9639719033417213,2,0.36378137881596373,tfidf
0.21675668537763168,0.8263127185328325,2,0.3593205270878455,tfidf
0.09707367186917792,0.9982079544844702,2,0.3651812891035653,tfidf
0.11464976082018032,0.9986997650614998,2,0.3651812891035653,tfidf
0.02894592487226827,0.9816512746809686,2,0.3643917349255126,tfidf
0.13683567090561732,0.9512837795956707,2,0.36334491018193693,tfidf
0.0568194168181202,0.9988737249071781,16,0.3445567200586685,tfidf
0.16938372071338964,0.9728712108389526,2,0.3639673319494184,tfidf
0.10763250938217853,0.9343965128341044,2,0.36215459984883996,tfidf
0.19744627968837522,0.9996831670961152,2,0.3651812891035653,tfidf
0.07381579769556929,0.9677778126630634,2,0.3638034814960764,tfidf
0.13924045925683162,0.952996608183214,2,0.36334491018193693,tfidf
0.04571721660635622,0.9792560233824428,2,0.36424399700690646,tfidf
0.04646415370882859,0.5829581621886157,2,0.35549316587759416,tfidf
0.0784239529940339,0.9994561337190415,2,0.3651812891035653,tfidf
0.0940312397936498,0.9791622374481973,2,0.36424399700690646,tfidf
0.15892036449775526,0.9595968262008922,2,0.3636126400291495,tfidf
0.021077951654752174,0.5381513140164633,2,0.3547635818076134,tfidf
0.12062250551963684,0.9829230085137634,2,0.3644519480795703,tfidf
0.04365806027125242,0.35290606154775656,8,0.34475732929251446,tfidf
0.06174634102109531,0.9313654900388039,4,0.3448739462937842,tfidf
0.1392058097108238,0.684026117735904,2,0.3573829641553579,tfidf
0.17461534894184502,0.9989503864371267,2,0.3651812891035653,tfidf
0.17057935273106545,0.981150545721362,2,0.36436515312182105,tfidf
0.19716077764944592,0.9995353639863164,2,0.3651812891035653,tfidf
0.2652236746446534,0.4393801042360283,2,0.3533885040281972,tfidf
0.1556435149674073,0.9660560011912258,2,0.3636675697632136,tfidf
0.10544133062319314,0.6476589094762911,2,0.35694204645911176,tfidf
0.12357217875059039,0.9992869287812607,2,0.3651812891035653,tfidf
0.22034670738108078,0.9476177964910493,2,0.36296669814801635,tfidf
0.09072958656106342,0.7817190603059541,2,0.3584963090397803,tfidf
0.14575538154066317,0.979895660715665,2,0.3642805886068238,tfidf
0.07398606898313088,0.9998659072977516,2,0.3651812891035653,tfidf
0.08812354286910605,0.9784866312072541,2,0.3641578201016819,tfidf
0.057648801000551184,0.9542247500560123,2,0.3635618504955559,tfidf
0.11268659649891101,0.9998232211704187,2,0.3651812891035653,tfidf
0.03131807532691604,0.9707272553247714,2,0.36388780359340495,tfidf
0.18785355895637715,0.9803120716356668,2,0.3642805886068238,tfidf
0.3012419676683148,0.62176727357477,16,0.3444447341745586,tfidf
0.1590337036903563,0.9454078933469998,2,0.36282512215935836,tfidf
0.07693815169392393,0.9648474208159359,2,0.36378137881596373,tfidf
0.10666359964224598,0.9845070767892592,2,0.3644519480795703,tfidf
0.132595116060852,0.9983182697029401,2,0.3651812891035653,tfidf
0.10060685343584361,0.9834321396548144,2,0.3644519480795703,tfidf
0.0888662007555471,0.9970184117078257,2,0.3651812891035653,tfidf
0.05547985464400691,0.9994318910348104,2,0.3651812891035653,tfidf
0.013236889604013556,0.9595057740107972,2,0.3636126400291495,tfidf
0.12732099112964423,0.9681451634551143,2,0.3638034814960764,tfidf
0.23544617214743374,0.9302519241641779,2,0.3621184885629975,tfidf
0.15661920250346426,0.9771782897359494,2,0.36407335178685907,tfidf
0.07425421764099681,0.9991434372499761,2,0.3651812891035653,tfidf
0.30454223391063445,0.2541114214405229,4,0.3450139908767773,fasttext
0.5251916361678375,0.4531758848197109,16,0.34473401535561754,fasttext
0.9600548187504342,0.6069102038739669,2,0.3600724374546301,fasttext
0.8977879350869074,0.48397267990161863,4,0.3450139908767773,fasttext
0.322114123991708,0.018659865142657814,4,0.3450139908767773,fasttext
0.6976649305421865,0.17424409028154422,2,0.35085663306667686,fasttext
0.13528103460069987,0.2932215711455326,4,0.3450139908767773,fasttext
0.5469082700417635,0.544163359324662,16,0.34473401535561754,fasttext
0.5331141686071683,0.5871577240171423,4,0.3450139908767773,fasttext
0.5243374874721142,0.35716317371627415,4,0.3450139908767773,fasttext
0.9845146095842926,0.7987613541778797,2,0.370193733254989,fasttext
0.9737868470074738,0.8012524608846006,2,0.3703535061521329,fasttext
0.9958119976490609,0.9025621017591074,8,0.3448739462937842,fasttext
0.807404092364389,0.8343414334062543,2,0.37239321472217574,fasttext
0.7670466201168363,0.7686293564685722,2,0.368589539315477,fasttext
0.8124659894380888,0.9933275838580808,2,0.3833377871430333,fasttext
0.788422666468649,0.9885652280153039,8,0.3448739462937842,fasttext
0.7042836990328378,0.9534374507742831,2,0.3802675402631872,fasttext
0.6698366028084656,0.9856795002575294,2,0.38312099175585485,fasttext
0.6405582222184638,0.9946921586221148,2,0.3835238858109568,fasttext
0.852324366085607,0.7205047423689586,8,0.3448739462937842,fasttext
0.6819199526009486,0.9922330074602528,2,0.38324025032407777,fasttext
0.6360494458981973,0.8906306609430885,2,0.3756320546913475,fasttext
0.6165360804444215,0.8914171717109757,2,0.37575959018195637,fasttext
0.7382341041356378,0.6923320553707408,16,0.34473401535561754,fasttext
0.845614181715033,0.920681090134944,2,0.37781706513887703,fasttext
0.7773177629768714,0.9930600653645599,2,0.3833377871430333,fasttext
0.8828626400669093,0.8931297633226118,2,0.37580499413993185,fasttext
0.7882289543765217,0.8556037974333657,2,0.37364343533024974,fasttext
0.4188807654990976,0.9326857413741363,16,0.34473401535561754,fasttext
0.6075330568929342,0.7303977126035619,8,0.3448739462937842,fasttext
0.7177904774457096,0.991426834596186,2,0.38324025032407777,fasttext
0.7396503700187406,0.9918521705949356,2,0.38324025032407777,fasttext
0.6665500974989157,0.8402536426176501,2,0.3729036071166585,fasttext
0.9147609002150089,0.9419602987519918,2,0.3790188705804368,fasttext
0.5879551275242847,0.9998048622833853,2,0.384235443469809,fasttext
0.5945442469080733,0.9357701667533763,16,0.34473401535561754,fasttext
0.47299621118169083,0.8535906780075395,2,0.3733721343308593,fasttext
0.575795529304012,0.6539667372402751,2,0.3626013194249096,fasttext
0.8290932595849191,0.7740170717951328,4,0.3450139908767773,fasttext
0.7580204670912365,0.8673214481350513,2,0.37439497173163355,fasttext
0.6281450030461792,0.9995486408127014,2,0.384235443469809,fasttext
0.6233220903389145,0.9352939187572651,2,0.37871419175299165,fasttext
0.5601822416275952,0.9993274129011497,2,0.38415473296571007,fasttext
0.47897961647187465,0.9487811506202706,2,0.3797457581652988,fasttext
0.5600364002041526,0.8314669435485119,4,0.3450139908767773,fasttext
0.5184192531379606,0.8908257236960199,2,0.3757090988218881,fasttext
0.651148759214027,0.7979407252675271,16,0.34473401535561754,fasttext
0.5536579380843727,0.9133801700709672,8,0.3448739462937842,fasttext
0.5866829378224727,0.9583914895476839,2,0.38069602514808254,fasttext
0.677641592066165,0.5380282373890906,4,0.3450139908767773,fasttext
0.7117365588434289,0.9975133663686334,2,0.3840405278881243,fasttext
0.6905661645352438,0.9695045902481362,2,0.3817408916374519,fasttext
0.6312815371486017,0.9963915376202384,2,0.38360433142431094,fasttext
0.6502773941199901,0.9531997860348346,2,0.38017216191915915,fasttext
0.6258240916060988,0.9981067874125717,2,0.3840405278881243,fasttext
0.5839797254786698,0.9081485801256283,2,0.376470288908346,fasttext
0.7053446572845056,0.8683978410628036,2,0.37439497173163355,fasttext
0.5447503340367873,0.963855715144347,2,0.38149980071037554,fasttext
0.6194502779009039,0.9116436107328885,8,0.3448739462937842,fasttext
0.4884804557237359,0.9575264991455931,2,0.3804707065057496,fasttext
0.6566199021727048,0.9825645360442721,2,0.38303509897725685,fasttext
0.6334634932129228,0.996636328768035,2,0.38385062933888225,fasttext
0.7324658505501767,0.9281891835483856,2,0.37840975796469006,fasttext
0.6140313591408775,0.9980177874503283,2,0.3840405278881243,fasttext
0.520633209621145,0.8811201031474752,2,0.37507147455286277,fasttext
0.5713853015873152,0.9634731669631701,2,0.38149980071037554,fasttext
0.7034810961006531,0.9129839943162743,2,0.37709638235613074,fasttext
0.5992298274504229,0.9992759380117769,16,0.34473401535561754,fasttext
0.6795254594207814,0.9620857578780263,2,0.38096825737611995,fasttext
0.614920142875023,0.9299385231749238,4,0.3450139908767773,fasttext
0.6529909266857415,0.9951532169588022,2,0.3835238858109568,fasttext
0.6363398897339034,0.998675233164395,2,0.38415473296571007,fasttext
0.5414370680908817,0.9699447507340512,2,0.3817697906594069,fasttext
0.5884215005327229,0.8778938878992518,2,0.3751212220467207,fasttext
0.7209155496039672,0.9417556260766844,2,0.37894418760661014,fasttext
0.6394833912724436,0.9117562801127252,2,0.37677673540038575,fasttext
0.6836198141159205,0.9685818064438766,8,0.3448739462937842,fasttext
0.5639814059761419,0.8309615593945926,2,0.3722834449183098,fasttext
0.6073206782754546,0.9361324185929595,2,0.3787533623731674,fasttext
0.7536726166029628,0.8965898806928623,2,0.37594357959457886,fasttext
0.63135511607534,0.9929793818836594,2,0.3833377871430333,fasttext
0.6368165491347322,0.9745062964148208,2,0.38205542315719954,fasttext
0.5295227716971085,0.9362499991127309,2,0.3787533623731674,fasttext
0.6632950971451228,0.9768001086993943,2,0.38276070613787994,fasttext
0.6088704912273988,0.9998122847325602,2,0.384235443469809,fasttext
0.5690111946095948,0.8913957019007849,16,0.34473401535561754,fasttext
0.5955749995082356,0.9485718016279309,2,0.3797457581652988,fasttext
0.7146514585785723,0.9955239757195622,2,0.3835238858109568,fasttext
0.6186861068664705,0.8606308098615303,4,0.3450139908767773,fasttext
0.6865779430305707,0.9216325303028591,2,0.37791408372866225,fasttext
0.6316657334284231,0.9955829578089188,2,0.3835238858109568,fasttext
0.502525311300334,0.9622304033488172,2,0.38128733668042364,fasttext
0.6607145039679039,0.9976483794984927,2,0.3840405278881243,fasttext
0.6668319792337781,0.9740337379746196,2,0.38205542315719954,fasttext
0.6074603774619013,0.9416967838876287,2,0.37894418760661014,fasttext
0.5598149828938895,0.9994001009719902,2,0.38415473296571007,fasttext
0.5817724239618468,0.9154443096720598,8,0.3448739462937842,fasttext
0.5457254830418065,0.9531197809174576,2,0.38017216191915915,fasttext
0.5664666878105659,0.9781084222277606,2,0.38259160995135,fasttext
0.7020875868684038,0.9014641712371712,2,0.37597691927643884,fasttext
0.6516074011520826,0.9996230915242582,2,0.384235443469809,fasttext
0.5976017065258793,0.9763084424052739,2,0.3823586984826633,fasttext
0.6539042988431623,0.9996250668647323,2,0.384235443469809,fasttext
0.6496515195854163,0.9498801919430722,2,0.37992736021683193,fasttext
0.6757038309226909,0.9293085475029318,2,0.37840975796469006,fasttext
0.6155091798115356,0.9718893611613649,16,0.34473401535561754,fasttext
0.551246237134837,0.9493075615273264,2,0.3798879425730251,fasttext
0.7336380020420523,0.9798043807417154,2,0.38293535743801416,fasttext
0.6927317186947526,0.9293513886165622,4,0.3450139908767773,fasttext
0.5872740375213428,0.8817490980295631,2,0.37507147455286277,fasttext
0.6493192368212746,0.9964324937673006,2,0.38360433142431094,fasttext
0.6655890919251708,0.9767769012223986,2,0.38276070613787994,fasttext
0.6009917672511065,0.9528863965439859,2,0.38017216191915915,fasttext
0.6270172943002751,0.9988740275008571,2,0.38415473296571007,fasttext
0.5744484952994273,0.9547511862083907,2,0.3803070367255002,fasttext
0.6169478184593513,0.9992614717200556,2,0.38415473296571007,fasttext
0.6330393642803545,0.9150284916251257,2,0.3772975630812128,fasttext
0.7134189057559134,0.9797019565745753,2,0.38293535743801416,fasttext
0.523117968073964,0.9608071272043995,8,0.3448739462937842,fasttext
0.5628637101399956,0.9295769233240838,2,0.378448865631413,fasttext
0.6161139967154473,0.9971206082999964,2,0.38385062933888225,fasttext
0.6421473636094259,0.9757031867839291,2,0.3823586984826633,fasttext
0.5894545231315428,0.9984281122428225,2,0.38415473296571007,fasttext
0.5834317043114856,0.9986718568485792,2,0.38415473296571007,fasttext
0.5350202265075796,0.9639183636159421,2,0.38149980071037554,fasttext
0.5734305690285443,0.9454462601390627,2,0.37968858250710297,fasttext
0.5936197679301258,0.999448262620434,2,0.384235443469809,fasttext
0.5531514784355525,0.9781782611052067,2,0.38259160995135,fasttext
0.5925901085790094,0.8988396044924478,16,0.34473401535561754,fasttext
0.5395902897952073,0.9249367682857803,2,0.3781391593474193,fasttext
0.6083049217360711,0.9979943551151861,2,0.3840405278881243,fasttext
0.5819583150754589,0.962779001414696,2,0.38128733668042364,fasttext
0.5021250200092333,0.9821178226002973,2,0.38303509897725685,fasttext
0.6766499402356139,0.9471878226250774,2,0.37968858250710297,fasttext
0.6244097686822339,0.9978946860261395,2,0.3840405278881243,fasttext
0.5995985079354774,0.9766618573060047,2,0.3827135743541268,fasttext
0.6505466183337258,0.9381237224145327,2,0.3787533623731674,fasttext
0.5614836540980923,0.9636360180421073,2,0.38149980071037554,fasttext
0.6961278708924306,0.999088593974976,4,0.3450139908767773,fasttext
0.5132549024755769,0.915456847614109,2,0.3772975630812128,fasttext
0.6318024160589479,0.9786445485906384,2,0.3826497020452502,fasttext
0.6132033631467078,0.9605645792043471,2,0.38091214274629503,fasttext
0.5828357548437019,0.6135512728774613,2,0.36041025316228464,fasttext
0.6482546985690407,0.9989633764152712,2,0.38415473296571007,fasttext
0.6599888211923732,0.9998090330847647,2,0.384235443469809,fasttext
0.6637755324401658,0.9996327990057562,2,0.384235443469809,fasttext
0.6671361661477134,0.944595822541262,2,0.3795338811925194,fasttext
0.5995361451683618,0.9778580605068038,8,0.3448739462937842,fasttext
0.6862564476895708,0.9581807431664867,2,0.38069602514808254,fasttext
0.659407184663158,0.9343823794882761,2,0.37871419175299165,fasttext
0.6471104858765455,0.9991455275411611,2,0.38415473296571007,fasttext
0.627753754032642,0.4395534784424734,2,0.3554241348853305,fasttext
0.6333998429106056,0.9791367062567463,2,0.3828080431019235,fasttext
0.5759370764987708,0.9995812607086045,2,0.384235443469809,fasttext
0.5810524317877239,0.9772970102251813,2,0.38276070613787994,fasttext
0.5549726852142075,0.75426051246158,2,0.36798160035279165,fasttext
0.5351473384776991,0.9607365044429045,2,0.38091214274629503,fasttext
0.6066748836701916,0.9993944487375345,2,0.38415473296571007,fasttext
0.5689052737548044,0.9457443726593157,16,0.34473401535561754,fasttext
0.5894906490976339,0.9751554540886452,2,0.3823586984826633,fasttext
0.6472650124159463,0.9984945914388081,2,0.38415473296571007,fasttext
0.6728664106348775,0.9810243079795689,2,0.38293535743801416,fasttext
0.6200225557053758,0.9998431441859819,2,0.3843065869279599,fasttext
0.6266765631396038,0.9644172302521131,2,0.38153955835640785,fasttext
0.6131323883400316,0.9831931661242955,2,0.38303509897725685,fasttext
0.5904405123982047,0.9553615104073968,2,0.3803752262313623,fasttext
0.6138030374539648,0.9294708632683908,2,0.37840975796469006,fasttext
0.5472986303277495,0.9820803608181815,2,0.38303509897725685,fasttext
0.5637036454695816,0.9997872051394299,4,0.3450139908767773,fasttext
0.6594590465325844,0.9643613249170466,2,0.38153955835640785,fasttext
0.6441483206241952,0.9794270367660538,2,0.3828786308840602,fasttext
0.6354645338319207,0.9980657643616283,2,0.3840405278881243,fasttext
0.5999181324818477,0.948483005678089,2,0.3797457581652988,fasttext
0.6850454999627361,0.9813949848811476,2,0.3830059921844731,fasttext
0.5755315420746876,0.998442543557314,2,0.38415473296571007,fasttext
0.6231382992813967,0.9630880484421352,2,0.3813837907988535,fasttext
0.6592611482308782,0.7147460857995971,2,0.3657021338608794,fasttext
0.6021132893830209,0.9389141611227595,2,0.3787533623731674,fasttext
0.5317927980063595,0.7954330014519719,8,0.3448739462937842,fasttext
0.7017297218771179,0.25299299822669774,2,0.35195322554626596,fasttext
0.6518292336830657,0.9954855422074786,2,0.3835238858109568,fasttext
0.6464160702514417,0.9985801372885839,2,0.38415473296571007,fasttext
0.6736205627265952,0.9990810545848349,2,0.38415473296571007,fasttext
0.6229616251990431,0.6594625729480851,2,0.36287868414176067,fasttext
0.5855765173090238,0.9664081287455296,2,0.38160934785374756,fasttext
0.6120715670364709,0.977657207739271,2,0.38276070613787994,fasttext
0.6356141520030247,0.9998984809125359,2,0.3843065869279599,fasttext
0.6363151592204316,0.9608009831646298,2,0.38091214274629503,fasttext
0.5637480953546815,0.9788387858797226,2,0.38274990292452643,fasttext
0.5852101237039511,0.8201229790087075,2,0.37162710772140767,fasttext
0.6397137552567795,0.9998065251823908,2,0.384235443469809,fasttext
0.6644378744093494,0.9792932535501961,2,0.3828786308840602,fasttext
0.6272845739070398,0.9996925306746587,2,0.384235443469809,fasttext
0.6031876240208242,0.9589138105139098,2,0.3807373040837115,fasttext
0.6215038863862341,0.9806116903216588,2,0.38293535743801416,fasttext
0.6318590611777575,0.9997988986785122,16,0.34473401535561754,fasttext
0.6891180788660941,0.9383308839386284,2,0.3787533623731674,fasttext
0.5978648876614681,0.9671522984786072,2,0.38166915713801086,fasttext
0.5748205567031044,0.9102547115554284,2,0.37661736213025954,fasttext
