k,nc,tsne_n_components,NMI,embedding
24,6,8,0.49524718109378124,BERT
15,6,8,0.570439500917993,BERT
17,6,16,0.06083282026389601,BERT
7,6,8,0.4657674032454012,BERT
19,6,4,0.7038216969803311,BERT
37,6,2,0.6775368621267064,BERT
41,6,2,0.7582970199185064,BERT
18,6,8,0.5108552449641203,BERT
17,6,8,0.5115173370098628,BERT
18,6,16,0.31356092694096455,BERT
50,6,2,0.7918553297575304,BERT
48,6,2,0.7737074468359295,BERT
50,6,2,0.7918553297575304,BERT
49,6,2,0.7761254778390981,BERT
37,6,2,0.6775368621267064,BERT
43,6,4,0.45811881037307617,BERT
31,6,2,0.7944895777991309,BERT
32,6,2,0.8032738688032017,BERT
30,6,2,0.8031078974354555,BERT
29,6,16,0.2866273991109262,BERT
33,6,4,0.42115179970671646,BERT
28,6,2,0.7997857839699406,BERT
25,6,2,0.7992687843869002,BERT
24,6,2,0.8092395082789308,BERT
22,6,2,0.8022522932651033,BERT
33,6,2,0.7927546592144973,BERT
11,6,2,0.7384407571641627,BERT
37,6,2,0.6775368621267064,BERT
26,6,16,0.3366969703194847,BERT
21,6,4,0.6314525544884048,BERT
23,6,2,0.8056454652559768,BERT
23,6,2,0.8056454652559768,BERT
23,6,2,0.8056454652559768,BERT
14,6,2,0.7359664835178658,BERT
23,6,8,0.5180876212690526,BERT
25,6,2,0.7992687843869002,BERT
14,6,16,0.06089905191788922,BERT
21,6,2,0.6853422561981257,BERT
11,6,8,0.5493573840879065,BERT
6,6,4,0.4113183867485568,BERT
20,6,2,0.6784869711782034,BERT
27,6,2,0.8039379180703143,BERT
27,6,2,0.8039379180703143,BERT
23,6,2,0.8056454652559768,BERT
23,6,2,0.8056454652559768,BERT
24,6,2,0.8092395082789308,BERT
16,6,8,0.5603139000807299,BERT
19,6,2,0.6748595581615643,BERT
25,6,2,0.7992687843869002,BERT
18,6,16,0.31356092694096455,BERT
12,6,2,0.7177502452019847,BERT
23,6,2,0.8056454652559768,BERT
21,6,2,0.6853422561981257,BERT
23,6,2,0.8056454652559768,BERT
30,6,2,0.8031078974354555,BERT
28,6,2,0.7997857839699406,BERT
19,6,2,0.6748595581615643,BERT
25,6,4,0.6318953629888782,BERT
17,6,2,0.6979957309252646,BERT
35,6,8,0.4855199331201313,BERT
29,6,2,0.8156623768865671,BERT
29,6,2,0.8156623768865671,BERT
30,6,2,0.8031078974354555,BERT
28,6,2,0.7997857839699406,BERT
35,6,2,0.7992622054663486,BERT
26,6,2,0.8134644355474104,BERT
40,6,2,0.7962727642199542,BERT
32,6,16,0.20408022179777469,BERT
26,6,2,0.8134644355474104,BERT
29,6,2,0.8156623768865671,BERT
29,6,4,0.37341065608217444,BERT
26,6,2,0.8134644355474104,BERT
26,6,2,0.8134644355474104,BERT
26,6,2,0.8134644355474104,BERT
26,6,2,0.8134644355474104,BERT
32,6,2,0.8032738688032017,BERT
31,6,2,0.7944895777991309,BERT
34,6,2,0.8042699710856189,BERT
29,6,2,0.8156623768865671,BERT
29,6,2,0.8156623768865671,BERT
29,6,8,0.5816896723760658,BERT
27,6,2,0.8039379180703143,BERT
30,6,2,0.8031078974354555,BERT
31,6,2,0.7944895777991309,BERT
28,6,2,0.7997857839699406,BERT
33,6,2,0.7927546592144973,BERT
29,6,16,0.2866273991109262,BERT
26,6,2,0.8134644355474104,BERT
27,6,2,0.8039379180703143,BERT
25,6,2,0.7992687843869002,BERT
29,6,4,0.37341065608217444,BERT
27,6,2,0.8039379180703143,BERT
26,6,2,0.8134644355474104,BERT
31,6,2,0.7944895777991309,BERT
24,6,2,0.8092395082789308,BERT
28,6,2,0.7997857839699406,BERT
25,6,2,0.7992687843869002,BERT
26,6,2,0.8134644355474104,BERT
30,6,2,0.8031078974354555,BERT
22,6,2,0.8022522932651033,BERT
24,6,8,0.49524718109378124,BERT
26,6,2,0.8134644355474104,BERT
32,6,2,0.8032738688032017,BERT
28,6,2,0.7997857839699406,BERT
26,6,2,0.8134644355474104,BERT
30,6,2,0.8031078974354555,BERT
22,6,2,0.8022522932651033,BERT
27,6,16,0.1213268725898591,BERT
34,6,2,0.8042699710856189,BERT
29,6,2,0.8156623768865671,BERT
29,6,2,0.8156623768865671,BERT
29,6,2,0.8156623768865671,BERT
29,6,2,0.8156623768865671,BERT
31,6,2,0.7944895777991309,BERT
29,6,2,0.8156623768865671,BERT
29,6,4,0.37341065608217444,BERT
33,6,2,0.7927546592144973,BERT
29,6,2,0.8156623768865671,BERT
32,6,2,0.8032738688032017,BERT
29,6,2,0.8156623768865671,BERT
30,6,2,0.8031078974354555,BERT
29,6,2,0.8156623768865671,BERT
29,6,2,0.8156623768865671,BERT
28,6,2,0.7997857839699406,BERT
31,6,2,0.7944895777991309,BERT
29,6,2,0.8156623768865671,BERT
31,6,2,0.7944895777991309,BERT
34,6,8,0.5228571679414998,BERT
30,6,2,0.8031078974354555,BERT
28,6,2,0.7997857839699406,BERT
33,6,16,0.21355762054995156,BERT
29,6,2,0.8156623768865671,BERT
29,6,2,0.8156623768865671,BERT
32,6,2,0.8032738688032017,BERT
28,6,2,0.7997857839699406,BERT
30,6,2,0.8031078974354555,BERT
29,6,2,0.8156623768865671,BERT
31,6,2,0.7944895777991309,BERT
27,6,2,0.8039379180703143,BERT
30,6,4,0.49504035209620517,BERT
28,6,2,0.7997857839699406,BERT
47,6,2,0.7925190894164992,BERT
29,6,2,0.8156623768865671,BERT
29,6,2,0.8156623768865671,BERT
27,6,2,0.8039379180703143,BERT
30,6,2,0.8031078974354555,BERT
31,6,2,0.7944895777991309,BERT
29,6,2,0.8156623768865671,BERT
27,6,2,0.8039379180703143,BERT
32,6,2,0.8032738688032017,BERT
28,6,2,0.7997857839699406,BERT
29,6,2,0.8156623768865671,BERT
30,6,2,0.8031078974354555,BERT
29,6,2,0.8156623768865671,BERT
28,6,2,0.7997857839699406,BERT
31,6,2,0.7944895777991309,BERT
27,6,8,0.5549135879134351,BERT
29,6,2,0.8156623768865671,BERT
32,6,2,0.8032738688032017,BERT
30,6,2,0.8031078974354555,BERT
28,6,16,0.16074562139368712,BERT
30,6,2,0.8031078974354555,BERT
29,6,2,0.8156623768865671,BERT
31,6,2,0.7944895777991309,BERT
28,6,2,0.7997857839699406,BERT
27,6,2,0.8039379180703143,BERT
29,6,2,0.8156623768865671,BERT
30,6,2,0.8031078974354555,BERT
8,6,2,0.7738191330370177,BERT
32,6,2,0.8032738688032017,BERT
27,6,4,0.4424273922349641,BERT
29,6,2,0.8156623768865671,BERT
29,6,2,0.8156623768865671,BERT
28,6,2,0.7997857839699406,BERT
31,6,2,0.7944895777991309,BERT
30,6,2,0.8031078974354555,BERT
28,6,2,0.7997857839699406,BERT
29,6,2,0.8156623768865671,BERT
30,6,2,0.8031078974354555,BERT
27,6,2,0.8039379180703143,BERT
25,6,2,0.7992687843869002,BERT
29,6,2,0.8156623768865671,BERT
29,6,2,0.8156623768865671,BERT
28,6,2,0.7997857839699406,BERT
30,6,2,0.8031078974354555,BERT
29,6,2,0.8156623768865671,BERT
31,6,2,0.7944895777991309,BERT
28,6,2,0.7997857839699406,BERT
30,6,8,0.5950229269284589,BERT
31,6,2,0.7944895777991309,BERT
27,6,2,0.8039379180703143,BERT
29,6,2,0.8156623768865671,BERT
29,6,2,0.8156623768865671,BERT
28,6,2,0.7997857839699406,BERT
30,6,2,0.8031078974354555,BERT
29,6,2,0.8156623768865671,BERT
31,6,2,0.7944895777991309,BERT
28,6,16,0.16074562139368712,BERT
27,6,2,0.8039379180703143,BERT
30,6,2,0.8031078974354555,BERT
32,6,16,0.15033456299890507,word2vec
31,6,2,0.7054415454160213,word2vec
14,6,16,0.2210964368556345,word2vec
10,6,8,0.35230818892299726,word2vec
47,6,16,0.1438507111672677,word2vec
6,6,2,0.6535038367843695,word2vec
32,6,2,0.7016230153624793,word2vec
35,6,16,0.11069125255673426,word2vec
12,6,4,0.6583410818928312,word2vec
33,6,4,0.5042140211838945,word2vec
22,6,2,0.733714726228384,word2vec
24,6,2,0.7493738336832804,word2vec
21,6,2,0.7283426362948803,word2vec
21,6,2,0.7283426362948803,word2vec
22,6,8,0.5326846793867126,word2vec
42,6,2,0.6825496311068359,word2vec
26,6,2,0.7017866805675116,word2vec
16,6,2,0.6656699977917664,word2vec
40,6,4,0.6834250091600353,word2vec
26,6,8,0.5188122253929321,word2vec
17,6,2,0.658823034998295,word2vec
18,6,2,0.659047379964507,word2vec
23,6,2,0.7403912357854976,word2vec
26,6,2,0.7017866805675116,word2vec
24,6,2,0.7493738336832804,word2vec
27,6,2,0.7068071045753502,word2vec
37,6,2,0.7061478886342438,word2vec
29,6,4,0.6269271935176904,word2vec
24,6,8,0.5567215242578643,word2vec
30,6,16,0.17084356555956273,word2vec
18,6,2,0.659047379964507,word2vec
21,6,2,0.7283426362948803,word2vec
23,6,2,0.7403912357854976,word2vec
25,6,2,0.7032790856076744,word2vec
29,6,2,0.7048781859261741,word2vec
13,6,2,0.5893469962220692,word2vec
8,6,16,0.15326253493971753,word2vec
19,6,2,0.7213819851028033,word2vec
15,6,8,0.2769792185528888,word2vec
24,6,16,0.1316112118458045,word2vec
34,6,2,0.7157460569913452,word2vec
24,6,2,0.7493738336832804,word2vec
28,6,2,0.7055388013520764,word2vec
23,6,2,0.7403912357854976,word2vec
31,6,2,0.7054415454160213,word2vec
20,6,4,0.6048034400233564,word2vec
23,6,2,0.7403912357854976,word2vec
20,6,2,0.7072549510199339,word2vec
28,6,2,0.7055388013520764,word2vec
10,6,2,0.7391534859016617,word2vec
36,6,16,0.1709989971346734,word2vec
23,6,2,0.7403912357854976,word2vec
48,6,2,0.7076688641112611,word2vec
22,6,2,0.733714726228384,word2vec
25,6,2,0.7032790856076744,word2vec
32,6,8,0.5955748326995286,word2vec
27,6,4,0.4924546884585816,word2vec
16,6,2,0.6656699977917664,word2vec
23,6,2,0.7403912357854976,word2vec
20,6,2,0.7072549510199339,word2vec
25,6,2,0.7032790856076744,word2vec
23,6,2,0.7403912357854976,word2vec
22,6,2,0.733714726228384,word2vec
19,6,2,0.7213819851028033,word2vec
24,6,2,0.7493738336832804,word2vec
26,6,2,0.7017866805675116,word2vec
29,6,2,0.7048781859261741,word2vec
18,6,4,0.5099149712965692,word2vec
24,6,8,0.5567215242578643,word2vec
27,6,2,0.7068071045753502,word2vec
25,6,2,0.7032790856076744,word2vec
21,6,2,0.7283426362948803,word2vec
23,6,2,0.7403912357854976,word2vec
44,6,2,0.6908951777163529,word2vec
21,6,2,0.7283426362948803,word2vec
30,6,16,0.17084356555956273,word2vec
24,6,2,0.7493738336832804,word2vec
27,6,2,0.7068071045753502,word2vec
19,6,2,0.7213819851028033,word2vec
17,6,2,0.658823034998295,word2vec
24,6,8,0.5567215242578643,word2vec
26,6,2,0.7017866805675116,word2vec
22,6,2,0.733714726228384,word2vec
24,6,2,0.7493738336832804,word2vec
25,6,2,0.7032790856076744,word2vec
28,6,2,0.7055388013520764,word2vec
24,6,2,0.7493738336832804,word2vec
26,6,4,0.4650258506114184,word2vec
24,6,16,0.1316112118458045,word2vec
20,6,2,0.7072549510199339,word2vec
21,6,2,0.7283426362948803,word2vec
23,6,2,0.7403912357854976,word2vec
22,6,2,0.733714726228384,word2vec
24,6,2,0.7493738336832804,word2vec
25,6,2,0.7032790856076744,word2vec
30,6,2,0.7022713601353308,word2vec
24,6,2,0.7493738336832804,word2vec
27,6,2,0.7068071045753502,word2vec
24,6,2,0.7493738336832804,word2vec
24,6,2,0.7493738336832804,word2vec
28,6,2,0.7055388013520764,word2vec
24,6,2,0.7493738336832804,word2vec
26,6,2,0.7017866805675116,word2vec
24,6,2,0.7493738336832804,word2vec
25,6,2,0.7032790856076744,word2vec
22,6,2,0.733714726228384,word2vec
21,6,2,0.7283426362948803,word2vec
29,6,8,0.522394213694142,word2vec
27,6,4,0.4924546884585816,word2vec
22,6,2,0.733714726228384,word2vec
26,6,2,0.7017866805675116,word2vec
24,6,2,0.7493738336832804,word2vec
25,6,2,0.7032790856076744,word2vec
5,6,2,0.7129247931402611,word2vec
24,6,2,0.7493738336832804,word2vec
20,6,2,0.7072549510199339,word2vec
23,6,16,0.12827267355400956,word2vec
26,6,2,0.7017866805675116,word2vec
24,6,2,0.7493738336832804,word2vec
22,6,2,0.733714726228384,word2vec
19,6,2,0.7213819851028033,word2vec
24,6,2,0.7493738336832804,word2vec
23,6,2,0.7403912357854976,word2vec
25,6,2,0.7032790856076744,word2vec
28,6,2,0.7055388013520764,word2vec
24,6,2,0.7493738336832804,word2vec
21,6,2,0.7283426362948803,word2vec
26,6,2,0.7017866805675116,word2vec
25,6,2,0.7032790856076744,word2vec
20,6,8,0.6445824384776772,word2vec
23,6,2,0.7403912357854976,word2vec
24,6,2,0.7493738336832804,word2vec
22,6,2,0.733714726228384,word2vec
27,6,2,0.7068071045753502,word2vec
25,6,2,0.7032790856076744,word2vec
23,6,2,0.7403912357854976,word2vec
26,6,4,0.4650258506114184,word2vec
21,6,2,0.7283426362948803,word2vec
24,6,2,0.7493738336832804,word2vec
22,6,16,0.212943383484277,word2vec
23,6,2,0.7403912357854976,word2vec
24,6,2,0.7493738336832804,word2vec
25,6,2,0.7032790856076744,word2vec
24,6,2,0.7493738336832804,word2vec
26,6,2,0.7017866805675116,word2vec
27,6,2,0.7068071045753502,word2vec
25,6,2,0.7032790856076744,word2vec
22,6,2,0.733714726228384,word2vec
23,6,2,0.7403912357854976,word2vec
24,6,2,0.7493738336832804,word2vec
28,6,2,0.7055388013520764,word2vec
24,6,2,0.7493738336832804,word2vec
24,6,2,0.7493738336832804,word2vec
26,6,2,0.7017866805675116,word2vec
21,6,2,0.7283426362948803,word2vec
23,6,2,0.7403912357854976,word2vec
25,6,2,0.7032790856076744,word2vec
22,6,2,0.733714726228384,word2vec
24,6,2,0.7493738336832804,word2vec
25,6,8,0.5519495111519972,word2vec
26,6,2,0.7017866805675116,word2vec
23,6,2,0.7403912357854976,word2vec
24,6,2,0.7493738336832804,word2vec
24,6,2,0.7493738336832804,word2vec
22,6,2,0.733714726228384,word2vec
27,6,2,0.7068071045753502,word2vec
50,6,4,0.5327885801133918,word2vec
25,6,2,0.7032790856076744,word2vec
23,6,2,0.7403912357854976,word2vec
21,6,2,0.7283426362948803,word2vec
26,6,2,0.7017866805675116,word2vec
24,6,2,0.7493738336832804,word2vec
23,6,2,0.7403912357854976,word2vec
25,6,16,0.07433288461785216,word2vec
24,6,2,0.7493738336832804,word2vec
22,6,2,0.733714726228384,word2vec
23,6,2,0.7403912357854976,word2vec
24,6,2,0.7493738336832804,word2vec
25,6,2,0.7032790856076744,word2vec
26,6,2,0.7017866805675116,word2vec
27,6,2,0.7068071045753502,word2vec
24,6,2,0.7493738336832804,word2vec
24,6,2,0.7493738336832804,word2vec
23,6,2,0.7403912357854976,word2vec
25,6,2,0.7032790856076744,word2vec
24,6,2,0.7493738336832804,word2vec
22,6,2,0.733714726228384,word2vec
25,6,2,0.7032790856076744,word2vec
26,6,2,0.7017866805675116,word2vec
22,6,2,0.733714726228384,word2vec
21,6,2,0.7283426362948803,word2vec
24,6,2,0.7493738336832804,word2vec
24,6,2,0.7493738336832804,word2vec
23,6,2,0.7403912357854976,word2vec
25,6,2,0.7032790856076744,word2vec
23,6,8,0.537749534811998,word2vec
24,6,2,0.7493738336832804,word2vec
26,6,2,0.7017866805675116,word2vec
23,6,4,0.6277462378821587,word2vec
40,6,2,0.6786607237967467,word2vec
19,6,2,0.6313297562025416,tfidf
37,6,8,0.3495070034520116,tfidf
48,6,16,0.22489725296409055,tfidf
30,6,2,0.5505850324827138,tfidf
24,6,16,0.21645366167868965,tfidf
22,6,8,0.2192434183924513,tfidf
39,6,4,0.30015398358837575,tfidf
48,6,4,0.2551580792374284,tfidf
19,6,16,0.19961463651346825,tfidf
24,6,2,0.6586072202077689,tfidf
7,6,2,0.5680639600027579,tfidf
12,6,2,0.5229635142995689,tfidf
17,6,2,0.5964594005900329,tfidf
32,6,2,0.5589554912013726,tfidf
12,6,2,0.5229635142995689,tfidf
27,6,2,0.5678720548333472,tfidf
14,6,2,0.6121842727408652,tfidf
36,6,8,0.34007284382290887,tfidf
6,6,4,0.12126864809534878,tfidf
24,6,2,0.6586072202077689,tfidf
26,6,2,0.5977836058242342,tfidf
21,6,2,0.5854092294568733,tfidf
17,6,2,0.5964594005900329,tfidf
32,6,2,0.5589554912013726,tfidf
24,6,2,0.6586072202077689,tfidf
29,6,2,0.5511112245262332,tfidf
24,6,4,0.28615905139611547,tfidf
42,6,16,0.21266638503005048,tfidf
32,6,8,0.3946365065950537,tfidf
21,6,2,0.5854092294568733,tfidf
25,6,2,0.5952075486860081,tfidf
16,6,2,0.5856023493011351,tfidf
21,6,2,0.5854092294568733,tfidf
29,6,8,0.24495938572374154,tfidf
9,6,16,0.0734811092740949,tfidf
23,6,2,0.6655438227329643,tfidf
23,6,2,0.6655438227329643,tfidf
19,6,2,0.6313297562025416,tfidf
35,6,2,0.5636657580879851,tfidf
27,6,4,0.3578316318972053,tfidf
23,6,16,0.16865707515915973,tfidf
24,6,2,0.6586072202077689,tfidf
19,6,2,0.6313297562025416,tfidf
30,6,2,0.5505850324827138,tfidf
22,6,2,0.5694795486663174,tfidf
25,6,2,0.5952075486860081,tfidf
28,6,8,0.40056075131042673,tfidf
15,6,2,0.6359315014100948,tfidf
19,6,2,0.6313297562025416,tfidf
13,6,4,0.3174120614785468,tfidf
34,6,2,0.5424885526711398,tfidf
23,6,2,0.6655438227329643,tfidf
23,6,2,0.6655438227329643,tfidf
26,6,2,0.5977836058242342,tfidf
22,6,2,0.5694795486663174,tfidf
18,6,2,0.5996606018905702,tfidf
21,6,2,0.5854092294568733,tfidf
27,6,16,0.1556580916941836,tfidf
50,6,2,0.6645394187556526,tfidf
50,6,2,0.6645394187556526,tfidf
50,6,8,0.37524412092551696,tfidf
44,6,2,0.6594188984314184,tfidf
46,6,2,0.6747196485724756,tfidf
46,6,2,0.6747196485724756,tfidf
45,6,2,0.6785362630729036,tfidf
46,6,2,0.6747196485724756,tfidf
46,6,2,0.6747196485724756,tfidf
46,6,4,0.28766315819899224,tfidf
40,6,2,0.6655316572151332,tfidf
47,6,2,0.6634103120806415,tfidf
44,6,2,0.6594188984314184,tfidf
45,6,2,0.6785362630729036,tfidf
45,6,2,0.6785362630729036,tfidf
45,6,2,0.6785362630729036,tfidf
45,6,2,0.6785362630729036,tfidf
42,6,2,0.6742839286313483,tfidf
38,6,16,0.21310766244684842,tfidf
44,6,2,0.6594188984314184,tfidf
48,6,2,0.6599346839261345,tfidf
41,6,8,0.33769127618171907,tfidf
45,6,2,0.6785362630729036,tfidf
45,6,2,0.6785362630729036,tfidf
43,6,2,0.6696566875251944,tfidf
45,6,2,0.6785362630729036,tfidf
48,6,2,0.6599346839261345,tfidf
45,6,2,0.6785362630729036,tfidf
39,6,4,0.30015398358837575,tfidf
43,6,2,0.6696566875251944,tfidf
48,6,2,0.6599346839261345,tfidf
45,6,2,0.6785362630729036,tfidf
41,6,2,0.6731874800965609,tfidf
45,6,2,0.6785362630729036,tfidf
43,6,2,0.6696566875251944,tfidf
45,6,2,0.6785362630729036,tfidf
49,6,2,0.6626651525118588,tfidf
47,6,2,0.6634103120806415,tfidf
41,6,16,0.2212187395964998,tfidf
45,6,2,0.6785362630729036,tfidf
42,6,2,0.6742839286313483,tfidf
47,6,8,0.3604765196522742,tfidf
44,6,2,0.6594188984314184,tfidf
45,6,2,0.6785362630729036,tfidf
49,6,2,0.6626651525118588,tfidf
45,6,2,0.6785362630729036,tfidf
40,6,2,0.6655316572151332,tfidf
43,6,2,0.6696566875251944,tfidf
47,6,2,0.6634103120806415,tfidf
42,6,2,0.6742839286313483,tfidf
45,6,4,0.29203067533311666,tfidf
44,6,2,0.6594188984314184,tfidf
49,6,2,0.6626651525118588,tfidf
45,6,2,0.6785362630729036,tfidf
46,6,2,0.6747196485724756,tfidf
43,6,2,0.6696566875251944,tfidf
47,6,2,0.6634103120806415,tfidf
44,6,2,0.6594188984314184,tfidf
45,6,2,0.6785362630729036,tfidf
42,6,16,0.21266638503005048,tfidf
40,6,2,0.6655316572151332,tfidf
48,6,2,0.6599346839261345,tfidf
46,6,2,0.6747196485724756,tfidf
45,6,2,0.6785362630729036,tfidf
44,6,2,0.6594188984314184,tfidf
47,6,2,0.6634103120806415,tfidf
45,6,2,0.6785362630729036,tfidf
43,6,2,0.6696566875251944,tfidf
48,6,8,0.381130958893304,tfidf
46,6,2,0.6747196485724756,tfidf
42,6,2,0.6742839286313483,tfidf
37,6,2,0.5850575297870559,tfidf
41,6,4,0.28809638569228296,tfidf
45,6,2,0.6785362630729036,tfidf
44,6,2,0.6594188984314184,tfidf
45,6,2,0.6785362630729036,tfidf
47,6,2,0.6634103120806415,tfidf
46,6,2,0.6747196485724756,tfidf
49,6,2,0.6626651525118588,tfidf
43,6,2,0.6696566875251944,tfidf
44,6,2,0.6594188984314184,tfidf
46,6,2,0.6747196485724756,tfidf
45,6,2,0.6785362630729036,tfidf
45,6,2,0.6785362630729036,tfidf
43,6,2,0.6696566875251944,tfidf
47,6,2,0.6634103120806415,tfidf
44,6,2,0.6594188984314184,tfidf
45,6,16,0.19550323610426473,tfidf
42,6,2,0.6742839286313483,tfidf
10,6,2,0.5347323542842715,tfidf
48,6,2,0.6599346839261345,tfidf
46,6,8,0.3727243130169194,tfidf
44,6,2,0.6594188984314184,tfidf
45,6,2,0.6785362630729036,tfidf
47,6,2,0.6634103120806415,tfidf
43,6,2,0.6696566875251944,tfidf
45,6,2,0.6785362630729036,tfidf
46,6,2,0.6747196485724756,tfidf
48,6,2,0.6599346839261345,tfidf
44,6,2,0.6594188984314184,tfidf
41,6,2,0.6731874800965609,tfidf
43,6,2,0.6696566875251944,tfidf
47,6,4,0.2553158662241375,tfidf
45,6,2,0.6785362630729036,tfidf
46,6,2,0.6747196485724756,tfidf
45,6,2,0.6785362630729036,tfidf
44,6,2,0.6594188984314184,tfidf
46,6,2,0.6747196485724756,tfidf
45,6,2,0.6785362630729036,tfidf
42,6,2,0.6742839286313483,tfidf
47,6,2,0.6634103120806415,tfidf
43,6,2,0.6696566875251944,tfidf
44,6,2,0.6594188984314184,tfidf
45,6,2,0.6785362630729036,tfidf
46,6,2,0.6747196485724756,tfidf
45,6,2,0.6785362630729036,tfidf
44,6,2,0.6594188984314184,tfidf
47,6,2,0.6634103120806415,tfidf
49,6,16,0.23349532088155311,tfidf
46,6,2,0.6747196485724756,tfidf
43,6,2,0.6696566875251944,tfidf
45,6,2,0.6785362630729036,tfidf
44,6,8,0.36251185010239473,tfidf
45,6,2,0.6785362630729036,tfidf
45,6,2,0.6785362630729036,tfidf
46,6,2,0.6747196485724756,tfidf
47,6,2,0.6634103120806415,tfidf
44,6,2,0.6594188984314184,tfidf
43,6,2,0.6696566875251944,tfidf
48,6,2,0.6599346839261345,tfidf
42,6,2,0.6742839286313483,tfidf
46,6,2,0.6747196485724756,tfidf
44,6,2,0.6594188984314184,tfidf
45,6,2,0.6785362630729036,tfidf
45,6,2,0.6785362630729036,tfidf
46,6,2,0.6747196485724756,tfidf
45,6,2,0.6785362630729036,tfidf
47,6,2,0.6634103120806415,tfidf
44,6,4,0.29175489025557033,tfidf
43,6,2,0.6696566875251944,tfidf
45,6,2,0.6785362630729036,tfidf
46,6,2,0.6747196485724756,tfidf
9,6,8,0.21724743838742513,fasttext
37,6,8,0.5457255427707802,fasttext
10,6,16,0.09673191343146935,fasttext
28,6,16,0.14368498292721968,fasttext
18,6,4,0.7492928472451388,fasttext
12,6,16,0.3419973452704036,fasttext
40,6,2,0.6976157844631027,fasttext
42,6,2,0.6787843646970046,fasttext
12,6,8,0.6012976496971548,fasttext
33,6,2,0.7374498089371988,fasttext
50,6,4,0.6319551071867604,fasttext
25,6,4,0.5912320270898203,fasttext
22,6,4,0.7331873460740197,fasttext
20,6,2,0.6903193093221978,fasttext
30,6,4,0.5782226538203856,fasttext
33,6,2,0.7374498089371988,fasttext
17,6,4,0.7158696580901455,fasttext
46,6,2,0.6641856416377954,fasttext
17,6,2,0.7063296701308001,fasttext
5,6,4,0.4737614912344353,fasttext
35,6,4,0.6463103970189668,fasttext
34,6,2,0.7416527308552343,fasttext
31,6,2,0.7363403311587462,fasttext
25,6,2,0.652674517564485,fasttext
38,6,2,0.7362399401351261,fasttext
42,6,2,0.6787843646970046,fasttext
27,6,8,0.5357777964660473,fasttext
21,6,16,0.0875411264251433,fasttext
33,6,2,0.7374498089371988,fasttext
17,6,8,0.6718385099266074,fasttext
24,6,4,0.7153343309531873,fasttext
33,6,2,0.7374498089371988,fasttext
29,6,2,0.7438948325258568,fasttext
37,6,2,0.7382536350883594,fasttext
38,6,2,0.7362399401351261,fasttext
28,6,16,0.14368498292721968,fasttext
37,6,8,0.5457255427707802,fasttext
44,6,2,0.6830958066259535,fasttext
30,6,16,0.16005742947314622,fasttext
14,6,2,0.7592191538987012,fasttext
12,6,2,0.6732759363800348,fasttext
8,6,2,0.7651817087214157,fasttext
8,6,2,0.7651817087214157,fasttext
7,6,2,0.740176917321562,fasttext
9,6,2,0.740427925199814,fasttext
14,6,4,0.6608052930809649,fasttext
7,6,2,0.740176917321562,fasttext
14,6,8,0.5276586497460056,fasttext
5,6,16,0.2819525532465615,fasttext
10,6,4,0.5445938764105056,fasttext
15,6,2,0.7010901469328842,fasttext
11,6,2,0.6227687721389835,fasttext
8,6,2,0.7651817087214157,fasttext
8,6,2,0.7651817087214157,fasttext
7,6,2,0.740176917321562,fasttext
9,6,2,0.740427925199814,fasttext
19,6,4,0.6544829605991599,fasttext
7,6,2,0.740176917321562,fasttext
13,6,2,0.7123932482891019,fasttext
9,6,4,0.5710375075128706,fasttext
11,6,2,0.6227687721389835,fasttext
16,6,2,0.6771852724204143,fasttext
6,6,2,0.6132965637904045,fasttext
9,6,2,0.740427925199814,fasttext
18,6,2,0.7377930151472331,fasttext
23,6,2,0.7149968187407754,fasttext
11,6,2,0.6227687721389835,fasttext
13,6,8,0.487159880301953,fasttext
27,6,4,0.5850717481349507,fasttext
7,6,2,0.740176917321562,fasttext
5,6,2,0.5257430363531124,fasttext
29,6,2,0.7438948325258568,fasttext
29,6,2,0.7438948325258568,fasttext
26,6,2,0.6507816313182296,fasttext
20,6,16,0.10439661453771898,fasttext
31,6,2,0.7363403311587462,fasttext
8,6,2,0.7651817087214157,fasttext
8,6,2,0.7651817087214157,fasttext
10,6,4,0.5445938764105056,fasttext
8,6,2,0.7651817087214157,fasttext
8,6,2,0.7651817087214157,fasttext
8,6,2,0.7651817087214157,fasttext
8,6,2,0.7651817087214157,fasttext
8,6,2,0.7651817087214157,fasttext
6,6,2,0.6132965637904045,fasttext
10,6,2,0.6333659133127386,fasttext
5,6,2,0.5257430363531124,fasttext
12,6,2,0.6732759363800348,fasttext
8,6,2,0.7651817087214157,fasttext
6,6,2,0.6132965637904045,fasttext
8,6,8,0.0443015186108902,fasttext
8,6,2,0.7651817087214157,fasttext
10,6,2,0.6333659133127386,fasttext
11,6,2,0.6227687721389835,fasttext
6,6,2,0.6132965637904045,fasttext
8,6,2,0.7651817087214157,fasttext
12,6,16,0.3419973452704036,fasttext
9,6,2,0.740427925199814,fasttext
13,6,2,0.7123932482891019,fasttext
5,6,2,0.5257430363531124,fasttext
10,6,2,0.6333659133127386,fasttext
8,6,2,0.7651817087214157,fasttext
7,6,2,0.740176917321562,fasttext
50,6,2,0.6787762686711688,fasttext
8,6,2,0.7651817087214157,fasttext
9,6,2,0.740427925199814,fasttext
6,6,2,0.6132965637904045,fasttext
11,6,2,0.6227687721389835,fasttext
7,6,2,0.740176917321562,fasttext
9,6,8,0.21724743838742513,fasttext
12,6,2,0.6732759363800348,fasttext
8,6,2,0.7651817087214157,fasttext
6,6,2,0.6132965637904045,fasttext
8,6,2,0.7651817087214157,fasttext
10,6,2,0.6333659133127386,fasttext
5,6,2,0.5257430363531124,fasttext
7,6,2,0.740176917321562,fasttext
11,6,16,0.2642011404298255,fasttext
9,6,2,0.740427925199814,fasttext
6,6,2,0.6132965637904045,fasttext
7,6,2,0.740176917321562,fasttext
8,6,2,0.7651817087214157,fasttext
9,6,2,0.740427925199814,fasttext
10,6,2,0.6333659133127386,fasttext
8,6,2,0.7651817087214157,fasttext
5,6,2,0.5257430363531124,fasttext
8,6,2,0.7651817087214157,fasttext
13,6,2,0.7123932482891019,fasttext
7,6,2,0.740176917321562,fasttext
10,6,2,0.6333659133127386,fasttext
11,6,8,0.534018684062379,fasttext
8,6,2,0.7651817087214157,fasttext
6,6,2,0.6132965637904045,fasttext
9,6,2,0.740427925199814,fasttext
8,6,2,0.7651817087214157,fasttext
7,6,2,0.740176917321562,fasttext
10,6,2,0.6333659133127386,fasttext
9,6,2,0.740427925199814,fasttext
5,6,16,0.2819525532465615,fasttext
7,6,2,0.740176917321562,fasttext
11,6,2,0.6227687721389835,fasttext
8,6,2,0.7651817087214157,fasttext
6,6,2,0.6132965637904045,fasttext
9,6,2,0.740427925199814,fasttext
12,6,2,0.6732759363800348,fasttext
8,6,2,0.7651817087214157,fasttext
6,6,2,0.6132965637904045,fasttext
7,6,2,0.740176917321562,fasttext
10,6,2,0.6333659133127386,fasttext
8,6,2,0.7651817087214157,fasttext
9,6,2,0.740427925199814,fasttext
8,6,2,0.7651817087214157,fasttext
7,6,2,0.740176917321562,fasttext
8,6,2,0.7651817087214157,fasttext
9,6,2,0.740427925199814,fasttext
6,6,2,0.6132965637904045,fasttext
11,6,4,0.542221751171725,fasttext
10,6,2,0.6333659133127386,fasttext
5,6,2,0.5257430363531124,fasttext
7,6,8,0.38782802159900864,fasttext
9,6,2,0.740427925199814,fasttext
7,6,2,0.740176917321562,fasttext
8,6,2,0.7651817087214157,fasttext
8,6,2,0.7651817087214157,fasttext
10,6,2,0.6333659133127386,fasttext
8,6,2,0.7651817087214157,fasttext
9,6,2,0.740427925199814,fasttext
6,6,2,0.6132965637904045,fasttext
7,6,16,0.30154481251225607,fasttext
6,6,2,0.6132965637904045,fasttext
10,6,2,0.6333659133127386,fasttext
8,6,2,0.7651817087214157,fasttext
8,6,2,0.7651817087214157,fasttext
9,6,2,0.740427925199814,fasttext
11,6,2,0.6227687721389835,fasttext
7,6,2,0.740176917321562,fasttext
48,6,2,0.6725069690507769,fasttext
8,6,2,0.7651817087214157,fasttext
9,6,2,0.740427925199814,fasttext
7,6,2,0.740176917321562,fasttext
6,6,2,0.6132965637904045,fasttext
8,6,2,0.7651817087214157,fasttext
42,6,2,0.6787843646970046,fasttext
9,6,2,0.740427925199814,fasttext
10,6,2,0.6333659133127386,fasttext
8,6,2,0.7651817087214157,fasttext
5,6,2,0.5257430363531124,fasttext
7,6,4,0.3466767574327046,fasttext
9,6,2,0.740427925199814,fasttext
10,6,2,0.6333659133127386,fasttext
6,6,8,0.3279339217625208,fasttext
8,6,2,0.7651817087214157,fasttext
8,6,2,0.7651817087214157,fasttext
7,6,2,0.740176917321562,fasttext
8,6,2,0.7651817087214157,fasttext
40,6,2,0.6976157844631027,fasttext
9,6,2,0.740427925199814,fasttext
7,6,2,0.740176917321562,fasttext
35,6,2,0.7340389592420651,fasttext
10,6,2,0.6333659133127386,fasttext
