min_samples,eps,umap_n_components,NMI,embedding
6,0.4479021068638316,4,0.036819507450397,BERT
10,0.9344343638609561,2,0.02379789890523148,BERT
8,0.13369300703957754,2,0.29564371155651736,BERT
5,0.6983072351361689,8,0.03340111882738366,BERT
9,0.9598182918281694,16,0.032191997921532524,BERT
7,0.5250029297014812,8,0.03643390500334334,BERT
9,0.7814579159121761,4,0.03629625378081083,BERT
5,0.5234333242527817,4,0.03629625378081083,BERT
5,0.19157944592715104,2,0.2580176998825798,BERT
5,0.5379114636722713,2,0.028228998645834048,BERT
8,0.10143335789739018,16,0.14198241493637542,BERT
7,0.12354421387510897,2,0.29253707407538654,BERT
7,0.2810957554639991,2,0.1773533053474261,BERT
8,0.348021753876698,2,0.04991278043650544,BERT
7,0.11285849966824187,2,0.28111489174618104,BERT
9,0.2607573290280808,2,0.23297408648042128,BERT
6,0.38441789088794814,2,0.04957691007467666,BERT
8,0.24723372350643263,8,0.3111233856745119,BERT
10,0.22498034826595725,8,0.30844256847601453,BERT
10,0.2712191344269524,8,0.2964622893993472,BERT
10,0.4049121367222066,8,0.045297508131662376,BERT
10,0.2546453984151891,8,0.2963162697961098,BERT
9,0.30551982231240105,8,0.2516664065283126,BERT
10,0.20652400434557058,8,0.3104246993123922,BERT
9,0.20503741782261675,8,0.3085084882286111,BERT
9,0.3375914956054629,8,0.20590057942495293,BERT
8,0.16982381733299506,8,0.2942431152865016,BERT
9,0.22299564739648786,8,0.31346317975093757,BERT
8,0.19745010980703379,16,0.3085937063472031,BERT
9,0.438489554421607,4,0.038377031656000905,BERT
6,0.34302318280127986,8,0.10555217146181789,BERT
8,0.19085454422582826,16,0.3066074187100942,BERT
8,0.17324060796511653,16,0.2910832270347154,BERT
10,0.2535824115430883,16,0.31094087844509166,BERT
10,0.3045592275393749,16,0.25020762632415483,BERT
10,0.24188816467776375,8,0.3123535662698064,BERT
9,0.44555385826305716,8,0.04533711643639667,BERT
10,0.2427263726440999,16,0.31112946390070556,BERT
10,0.16150570681042725,4,0.2725017662294416,BERT
9,0.47695687774349504,8,0.03714863331660844,BERT
10,0.6020239239566428,8,0.03340111882738366,BERT
10,0.2407160262770715,16,0.31112869410441885,BERT
10,0.23382991109051957,16,0.3053212534438232,BERT
9,0.1433186622516807,16,0.2219958154397218,BERT
10,0.30515435066484997,16,0.25259451571679475,BERT
9,0.23588061509261343,16,0.31391305213935866,BERT
9,0.10391991715294566,16,0.12943674375294353,BERT
10,0.3702773434924004,16,0.16563230256930814,BERT
9,0.1421236263642835,16,0.22072085161371321,BERT
10,0.31321589389656623,16,0.24735648744902744,BERT
10,0.22549876616316858,4,0.3107661903880921,BERT
8,0.27575139444767904,16,0.2564905778715638,BERT
7,0.22551128914528007,8,0.30716390218697065,BERT
9,0.14062802843864194,16,0.21656405219298563,BERT
8,0.2531601599838697,8,0.27263031914189717,BERT
9,0.28717854181746055,8,0.25245200058268313,BERT
10,0.1759110637895202,16,0.2739519777874245,BERT
7,0.33514588169825577,4,0.051798592861837585,BERT
9,0.2370856919030866,8,0.3077663492498929,BERT
10,0.27286452645781456,8,0.26628443789171385,BERT
9,0.36718250068518465,2,0.04883169128983202,BERT
10,0.25863143056908205,16,0.29982685909073675,BERT
10,0.20571585540789908,16,0.3006455516976425,BERT
10,0.24493272576310066,16,0.311415447350502,BERT
10,0.2046869442489313,16,0.30003818652961195,BERT
10,0.12479159862953142,16,0.15435633921179864,BERT
8,0.16222303579956143,8,0.2844653583171016,BERT
9,0.3217575304807548,16,0.1907876062296654,BERT
10,0.2905889538827825,8,0.2560835159053227,BERT
10,0.2371138675123977,16,0.31024685502869886,BERT
9,0.18015990945239085,2,0.27597113486113867,BERT
10,0.25942319160384114,16,0.30035482305783556,BERT
10,0.290621425815306,16,0.2748527920389392,BERT
10,0.24526518418145837,16,0.31151003698132224,BERT
10,0.1950300502034828,16,0.2902057271530697,BERT
10,0.2187368217819497,8,0.31046669581702313,BERT
9,0.33478481510573155,16,0.18931458148462021,BERT
7,0.2466142474740457,4,0.2802070849075278,BERT
10,0.15775616596645092,16,0.2400756896723333,BERT
8,0.21840791607725046,8,0.3128137206377713,BERT
10,0.1250382228477609,8,0.18806349219039406,BERT
8,0.18996045245975185,8,0.3124325726437496,BERT
8,0.18785142046192907,8,0.30923695288667113,BERT
8,0.2136320561827583,8,0.3073572354779055,BERT
8,0.27900081152875106,8,0.2542539845343627,BERT
7,0.2312749463123382,16,0.2870937907156682,BERT
9,0.18323157831671366,8,0.2990658662240271,BERT
6,0.3094331611124471,16,0.1845666849759516,BERT
8,0.14569996925672168,8,0.25592111596251127,BERT
9,0.21140067289270942,2,0.23939829356330286,BERT
10,0.10132245670936096,16,0.10288293740122488,BERT
8,0.24858238621240095,8,0.30937224479195774,BERT
8,0.2671789170838671,8,0.24876751402192981,BERT
8,0.23196573990261554,8,0.31290098252539184,BERT
8,0.22499270785612313,8,0.30550888791243164,BERT
10,0.17169164359083536,8,0.27250510107250714,BERT
7,0.29307516000850514,4,0.176053758963257,BERT
8,0.19196112469022186,8,0.31138504100672076,BERT
8,0.1988420360865767,8,0.3124562636994237,BERT
8,0.15195933455585647,8,0.26624953305189625,BERT
8,0.1954225053570768,8,0.31270996751141367,BERT
8,0.1935172186393669,8,0.3127008294918726,BERT
8,0.21203395617680776,8,0.31415156574074704,BERT
8,0.12398914643473588,8,0.2217307293798024,BERT
8,0.2028442221498223,8,0.31335625236722103,BERT
8,0.16722224750629333,8,0.2928339466760923,BERT
8,0.20351943072643472,8,0.3137544265748609,BERT
8,0.2029134815869241,8,0.31335625236722103,BERT
8,0.2061410777905186,8,0.3138132130796463,BERT
8,0.21619022386841258,8,0.31088710027234306,BERT
8,0.15552582167334755,8,0.2715099596536079,BERT
8,0.20352674456823125,8,0.3137544265748609,BERT
8,0.13650788271212655,8,0.24177993129730388,BERT
8,0.20304284304869744,8,0.31335625236722103,BERT
8,0.17083725447256068,8,0.2953416322320579,BERT
8,0.21829052321237916,8,0.31232987533049483,BERT
8,0.27491022602317006,8,0.2531330871612454,BERT
7,0.20790487144039196,8,0.3140201532628238,BERT
7,0.22727370309443082,8,0.3088152371882273,BERT
7,0.2651352800600314,8,0.2572879771572229,BERT
7,0.17511618321671793,8,0.30801438217953653,BERT
8,0.20596765437588282,8,0.31374627099682734,BERT
8,0.2108278897889205,8,0.31324193186565896,BERT
8,0.21031681625065432,8,0.31231017422266866,BERT
8,0.15652495961286686,8,0.27351004753717617,BERT
8,0.23513942674983962,8,0.31297855516227263,BERT
8,0.11750006550434759,8,0.20833615779873452,BERT
8,0.1827604032257733,8,0.30603034443352306,BERT
7,0.20509413628532047,8,0.31398184155223624,BERT
7,0.25618962757286723,8,0.25147490196870487,BERT
7,0.1349854551974674,8,0.24994459043775946,BERT
5,0.20556920020497338,8,0.30864547202495507,BERT
6,0.20476976274315212,8,0.31347969875563203,BERT
6,0.18065556380910303,8,0.31689185397065617,BERT
6,0.17156798811488322,8,0.31433741378733177,BERT
6,0.1496024866970083,8,0.2923224296597943,BERT
6,0.1677922485514372,8,0.31111729998138826,BERT
6,0.18019601642510105,8,0.3167884035070029,BERT
6,0.18125349327039242,8,0.3168400845766352,BERT
6,0.18359270056539304,2,0.2633067588019281,BERT
6,0.11836386219441668,4,0.2622496356380607,BERT
6,0.17572075273389284,8,0.31519381824650267,BERT
6,0.13789280734102968,8,0.2714812819833863,BERT
6,0.17742944231503427,8,0.31594120421833416,BERT
6,0.16307855977430383,8,0.30842702167468733,BERT
6,0.17840353347787954,8,0.3169999439858771,BERT
6,0.18573158017672517,8,0.31874845732634927,BERT
6,0.17605048122915629,8,0.3155848736928162,BERT
6,0.1791206126382537,8,0.315934047600691,BERT
6,0.14781393222363026,8,0.2910735036585373,BERT
6,0.17552726425468965,8,0.3157502798102486,BERT
6,0.18092446890609146,8,0.3168894065544986,BERT
6,0.17570735580344535,8,0.31519381824650267,BERT
6,0.1778675770526323,8,0.3167226941369968,BERT
6,0.16889076033444647,8,0.3128416376637852,BERT
6,0.13850296887728028,8,0.2734193341002619,BERT
6,0.115282449266188,8,0.24147523064696286,BERT
6,0.10132310803979071,8,0.21861650814953348,BERT
6,0.17856100583015502,8,0.31557565738344323,BERT
6,0.17878630754214264,8,0.315822566466714,BERT
6,0.18176030586378608,8,0.31721436419344023,BERT
6,0.1779276333014492,8,0.316744597753308,BERT
6,0.18162973225569268,8,0.31703211476876436,BERT
6,0.1599855224049551,8,0.30625311214205164,BERT
6,0.17619164216697725,8,0.31577096792650877,BERT
6,0.13140982494394748,8,0.2626792343098429,BERT
6,0.1496583623340124,8,0.2923224296597943,BERT
6,0.18645606988299396,8,0.3198468276673362,BERT
6,0.1870732949611679,2,0.26375855088884276,BERT
6,0.15375221275995393,8,0.2964329016338643,BERT
6,0.13131593343438236,8,0.2626792343098429,BERT
6,0.18520663420719716,8,0.3189964591935728,BERT
6,0.1869964338344141,8,0.31974976771607977,BERT
6,0.18791495366390945,8,0.3204130190083879,BERT
6,0.18781111861791863,8,0.3202814228432271,BERT
5,0.14843213879268988,8,0.30089862440021936,BERT
6,0.1884021012570595,8,0.32106223251575167,BERT
6,0.18973439033700307,8,0.32198653833023017,BERT
6,0.22952631676703955,4,0.3040407788593894,BERT
6,0.15902978044836694,8,0.3056199517377929,BERT
6,0.22398308795311064,8,0.3102302384773138,BERT
6,0.18783341919031243,8,0.3202814228432271,BERT
6,0.19104446175989517,8,0.3235161786503706,BERT
6,0.4231742083591872,8,0.04521706654310785,BERT
6,0.19117113099291802,8,0.3235161786503706,BERT
6,0.1956148767901303,8,0.32646916382095564,BERT
6,0.1952188296498951,8,0.32665199442348913,BERT
6,0.1926092520392868,8,0.32370159182425035,BERT
6,0.24157019631442977,8,0.26278648772250424,BERT
6,0.1922597114014182,8,0.3238063174499888,BERT
6,0.19482478436653855,8,0.3263618304892248,BERT
6,0.19457224305423573,8,0.3265842699547756,BERT
6,0.19487734150013664,8,0.3263618304892248,BERT
6,0.22358135252213301,8,0.31026452618558154,BERT
5,0.1988463491901401,8,0.3211252972938025,BERT
6,0.19816029963894632,8,0.3171146495605875,BERT
6,0.23309111239628272,8,0.3060108743136886,BERT
5,0.22447148151937915,8,0.26083873416552894,BERT
5,0.19592081743592166,8,0.32095441370982225,BERT
5,0.25385924893242084,8,0.22572794122136453,BERT
7,0.9643213600872715,16,0.0,word2vec
10,0.4788553352373739,2,0.013021774663673573,word2vec
9,0.7955701138703344,4,0.0,word2vec
6,0.238509187882975,4,0.413123107134165,word2vec
7,0.2435175993528561,2,0.27874470403605023,word2vec
6,0.8791632043676679,8,0.0,word2vec
8,0.5137328105307686,2,0.013021774663673573,word2vec
5,0.5879675064259128,2,0.013021774663673573,word2vec
7,0.6319792063782417,16,0.0015976140700349588,word2vec
7,0.16029368397852273,16,0.2543306096385251,word2vec
5,0.3025650193877366,4,0.4376523527311564,word2vec
5,0.2998023189366032,4,0.43706987744313786,word2vec
5,0.33343887219404666,4,0.4481163254975631,word2vec
5,0.39660512407554194,4,0.2768290963564205,word2vec
6,0.10798898316399932,4,0.19322752992747327,word2vec
5,0.3568623701225746,8,0.45385116048756735,word2vec
6,0.39953377139801305,8,0.46370821871746604,word2vec
6,0.43324844539513113,8,0.2786104843796228,word2vec
8,0.3901231810058722,8,0.45450388616975973,word2vec
8,0.6403927027409452,8,0.0007998823499069878,word2vec
10,0.44279140019851776,8,0.46425533148421605,word2vec
10,0.44218910344716317,8,0.46425533148421605,word2vec
10,0.48916959988920605,8,0.2796292378880244,word2vec
9,0.563592658913352,8,0.27968495946010535,word2vec
9,0.4563523482236646,8,0.27896037435133053,word2vec
10,0.41548212146075314,8,0.45622389359305965,word2vec
9,0.5239933755996014,8,0.28094788970701284,word2vec
10,0.6895223311913372,8,0.0007998823499069878,word2vec
10,0.4582254015897583,8,0.2798483163925964,word2vec
9,0.3706174755219365,16,0.4427274423924637,word2vec
8,0.5502121562072693,8,0.27968495946010535,word2vec
10,0.4196505401062722,8,0.4584394683534839,word2vec
10,0.45303296193853904,8,0.278072892169481,word2vec
10,0.49062455135040445,8,0.2796292378880244,word2vec
9,0.4107258125313486,8,0.4584566471784982,word2vec
9,0.3324247541295048,8,0.4162423917369797,word2vec
9,0.253745080710698,2,0.279328663112804,word2vec
9,0.38114984208395697,16,0.4487630509045205,word2vec
10,0.4703940044807984,8,0.2788166811185263,word2vec
6,0.5108556878000737,2,0.013021774663673573,word2vec
7,0.5862292897833176,8,0.2806601552622016,word2vec
10,0.42326972189793016,8,0.4593595498150584,word2vec
10,0.4377768770540456,8,0.4629671182663829,word2vec
10,0.5251257675291916,8,0.28130247797536584,word2vec
10,0.3502424457103651,8,0.425732595653645,word2vec
10,0.28448763482200456,16,0.411660071237752,word2vec
10,0.4337013317316243,2,0.013021774663673573,word2vec
8,0.3225707247622436,8,0.41140690090565013,word2vec
6,0.37268539285084934,8,0.4538627087192626,word2vec
10,0.48985014682413397,4,0.2811219620511194,word2vec
9,0.20459585300219882,8,0.320335667368067,word2vec
10,0.4115637596674838,8,0.4562673110670075,word2vec
9,0.39967866048515177,8,0.4535093813017139,word2vec
10,0.4251063588263139,8,0.46030349474794047,word2vec
10,0.44674648990281113,8,0.27509343773697137,word2vec
10,0.35053955566296746,8,0.425732595653645,word2vec
10,0.3116979807867821,8,0.4070775359267035,word2vec
7,0.4831554898136264,4,0.2816147017402473,word2vec
10,0.378335782923469,16,0.44076264436213886,word2vec
9,0.44911899307792447,8,0.27775161336749193,word2vec
6,0.5257598300328098,2,0.013021774663673573,word2vec
9,0.3991961421521509,8,0.45271045002834137,word2vec
10,0.4198005920285919,8,0.4584394683534839,word2vec
10,0.42841958814953207,8,0.46030349474794047,word2vec
10,0.4403033554462309,8,0.4629671182663829,word2vec
10,0.470735337137557,8,0.2788166811185263,word2vec
10,0.501715594839166,8,0.27900710686914015,word2vec
10,0.3519597004318437,8,0.4272963793268938,word2vec
5,0.4660319593320079,8,0.28044256669308903,word2vec
10,0.4321317769283702,4,0.27598109928356185,word2vec
9,0.5487513306293242,8,0.28030079742741654,word2vec
10,0.39136098660064844,8,0.4447890024057938,word2vec
10,0.4335781994808033,8,0.461723111824472,word2vec
10,0.43990236923521553,8,0.4629671182663829,word2vec
10,0.475925676963411,8,0.27858333210733643,word2vec
10,0.36741259583658614,8,0.43067760460262566,word2vec
9,0.4522031571914629,8,0.27775161336749193,word2vec
10,0.49980576172633784,16,0.27680794701722744,word2vec
10,0.40096421673810484,8,0.4517794331195024,word2vec
10,0.3333227343921359,2,0.2780497611941585,word2vec
9,0.4447566544273442,8,0.2770490249509674,word2vec
10,0.429475819160669,8,0.4606120009877889,word2vec
10,0.38501225256919425,8,0.4425879952003764,word2vec
10,0.4649858626754148,8,0.2788166811185263,word2vec
10,0.415253196317781,8,0.45622389359305965,word2vec
8,0.35796027732173885,8,0.44249600873333617,word2vec
10,0.43902572596670925,8,0.4629671182663829,word2vec
10,0.5194183049428595,8,0.28048007909493516,word2vec
7,0.44095947471562363,8,0.27833432863542773,word2vec
6,0.475234817338112,8,0.28035282523535204,word2vec
10,0.4971170764324458,4,0.2811219620511194,word2vec
10,0.4046299472115708,8,0.45393814683898326,word2vec
10,0.4319954429166098,8,0.4606120009877889,word2vec
10,0.3830254003637534,8,0.44230738820959814,word2vec
10,0.44583909231490887,8,0.46480041519212456,word2vec
10,0.455106416914456,8,0.278072892169481,word2vec
10,0.3678359465868875,16,0.4350170222568095,word2vec
10,0.4848942815562816,8,0.2796292378880244,word2vec
10,0.4078869729733646,8,0.45420466908770624,word2vec
10,0.4398176992418037,2,0.013021774663673573,word2vec
9,0.5353832287622745,8,0.28094788970701284,word2vec
10,0.42654673775167745,8,0.46030349474794047,word2vec
10,0.4555432004644583,8,0.27996708316721,word2vec
10,0.3953049289625839,8,0.4497408838771392,word2vec
10,0.4991309626660447,8,0.2796292378880244,word2vec
10,0.46843474425274756,8,0.2788166811185263,word2vec
10,0.4327114473842368,8,0.4606120009877889,word2vec
8,0.4147029252794965,8,0.46313620448336046,word2vec
8,0.3866680372536206,8,0.4509247304175198,word2vec
6,0.5117135425469668,8,0.280003735882822,word2vec
7,0.3435852699917886,8,0.43836086722097883,word2vec
10,0.416592383948554,8,0.4574114587617092,word2vec
10,0.44123659588370706,8,0.46425533148421605,word2vec
8,0.4818361965117465,8,0.2793344338876589,word2vec
5,0.4554545147937741,8,0.2805652494199901,word2vec
9,0.369026752429034,4,0.4538421281789124,word2vec
10,0.4120008553907691,8,0.4558799319689828,word2vec
10,0.4438106240425558,16,0.4638568219496038,word2vec
7,0.4684306370802645,16,0.2735554317414197,word2vec
10,0.4444447739977328,16,0.4638568219496038,word2vec
10,0.5082138033222982,16,0.27680794701722744,word2vec
10,0.4472824754227247,16,0.46436425479955706,word2vec
10,0.4463733005319965,16,0.46436425479955706,word2vec
10,0.48805388806811695,16,0.2745095054056677,word2vec
10,0.45480531230833965,16,0.4655102530089934,word2vec
10,0.3938434391122639,16,0.4492995445882614,word2vec
10,0.4571832512811787,16,0.4649557571583634,word2vec
10,0.46107524793641314,16,0.4663774320964978,word2vec
10,0.45826988074005015,16,0.4656239546025118,word2vec
10,0.46557370556771377,16,0.27346212329442304,word2vec
10,0.5380103983573525,16,0.27833990984634893,word2vec
10,0.45538605403099924,16,0.4649557571583634,word2vec
10,0.4841874890340554,16,0.2745095054056677,word2vec
10,0.4529697829687009,16,0.4655102530089934,word2vec
10,0.45884703252556774,16,0.46602635952979315,word2vec
10,0.4588204631928464,16,0.46602635952979315,word2vec
10,0.5162223563668468,16,0.27680794701722744,word2vec
10,0.49677944148001024,16,0.27680794701722744,word2vec
10,0.46260062615632774,16,0.4663774320964978,word2vec
10,0.46796015492221504,16,0.27346212329442304,word2vec
10,0.4805718448653218,16,0.2745095054056677,word2vec
10,0.46091781752163075,16,0.4663774320964978,word2vec
10,0.459556484712205,16,0.4669286741490443,word2vec
10,0.4589218333039066,16,0.46602635952979315,word2vec
10,0.46168582365070726,16,0.4663774320964978,word2vec
10,0.4980741477456517,16,0.27680794701722744,word2vec
10,0.5237795845142384,16,0.27680794701722744,word2vec
10,0.45802200599905596,16,0.4656239546025118,word2vec
10,0.5606361745474427,16,0.0020407504704843286,word2vec
10,0.4646361769285416,16,0.27346212329442304,word2vec
10,0.4816123405935886,16,0.2745095054056677,word2vec
10,0.4544832913787835,16,0.4655102530089934,word2vec
10,0.46345163002160733,16,0.4663774320964978,word2vec
10,0.5102690134629527,16,0.27680794701722744,word2vec
10,0.46696049465764355,16,0.27346212329442304,word2vec
10,0.4856096221500106,16,0.2745095054056677,word2vec
10,0.4624591637576725,16,0.4663774320964978,word2vec
10,0.4968773820073681,16,0.27680794701722744,word2vec
10,0.41886489444498437,16,0.4596073893809648,word2vec
10,0.5292752082020961,16,0.27781083393565187,word2vec
10,0.4712014875464583,16,0.2737854015121996,word2vec
10,0.46001300695358244,16,0.4669286741490443,word2vec
10,0.4631193957540095,16,0.4663774320964978,word2vec
10,0.42028238661520506,16,0.4617382321916399,word2vec
10,0.48208615153296297,16,0.2745095054056677,word2vec
10,0.4593942241419401,16,0.4669286741490443,word2vec
10,0.5131871660373937,16,0.27680794701722744,word2vec
10,0.4990697624093828,16,0.27680794701722744,word2vec
10,0.4217901005006847,16,0.4617382321916399,word2vec
10,0.47144606377551174,16,0.2737854015121996,word2vec
10,0.4284822793347627,16,0.4634249900607381,word2vec
10,0.4642905177007034,16,0.27346212329442304,word2vec
10,0.4554792727383649,16,0.4649557571583634,word2vec
10,0.48490833964695246,16,0.2745095054056677,word2vec
10,0.45731264444429925,16,0.4649557571583634,word2vec
10,0.40657964007812236,16,0.45393370056307353,word2vec
10,0.4298147094303876,16,0.4644622968104959,word2vec
10,0.4996782024042863,16,0.27680794701722744,word2vec
10,0.4529836268616768,16,0.4655102530089934,word2vec
10,0.5381468922236703,16,0.27833990984634893,word2vec
10,0.47602368707481824,16,0.2745095054056677,word2vec
10,0.4530359084653628,16,0.4655102530089934,word2vec
10,0.43952040449537466,16,0.46554269356954453,word2vec
10,0.4336460712277498,16,0.4644622968104959,word2vec
10,0.4003253476458287,16,0.45169295528859515,word2vec
10,0.4792992418400569,16,0.2745095054056677,word2vec
10,0.4377113364704786,16,0.464919306083731,word2vec
10,0.46334711451883576,16,0.4663774320964978,word2vec
10,0.5074934025918398,16,0.27680794701722744,word2vec
10,0.4710336032891308,16,0.27452513504761994,word2vec
10,0.48862969123881017,16,0.2745095054056677,word2vec
10,0.455016792128391,16,0.4649557571583634,word2vec
10,0.42382444040115,16,0.46215706468434736,word2vec
10,0.44250417309864426,16,0.46342955819853754,word2vec
10,0.46429079317096217,16,0.27346212329442304,word2vec
10,0.41229655549601957,16,0.45683314083386917,word2vec
10,0.4891573481966855,2,0.013021774663673573,word2vec
10,0.454814286199366,16,0.4655102530089934,word2vec
10,0.43659501992699706,16,0.4644622968104959,word2vec
10,0.47346719751989796,16,0.2737854015121996,word2vec
6,0.12071740726178783,16,0.2993592040693466,tfidf
8,0.5297654284028568,4,0.03125578964915429,tfidf
9,0.4748999750827402,16,0.45198048962678694,tfidf
6,0.2009236067039377,16,0.38005639986447376,tfidf
9,0.3305022935866368,4,0.520341045453121,tfidf
9,0.9423679754618616,16,0.002737772993525331,tfidf
7,0.6072907881314863,8,0.037079471308270384,tfidf
6,0.3788737782772872,8,0.5163238342600702,tfidf
9,0.6784110641083438,16,0.01077248626645006,tfidf
9,0.3739922642304483,16,0.5033330672738997,tfidf
10,0.2453788889224529,4,0.4286292847638603,tfidf
5,0.3319631362130061,8,0.4949917058566439,tfidf
7,0.35939896337829647,2,0.34189281887369277,tfidf
5,0.12290088377467634,4,0.33962251454305875,tfidf
8,0.44028176127788043,8,0.5313266574259345,tfidf
8,0.47178538331904113,2,0.024114849638998962,tfidf
10,0.2579566740954716,4,0.43506468637909684,tfidf
8,0.6712174947407175,8,0.013395839896194752,tfidf
10,0.4532072550896177,4,0.46889240319573505,tfidf
7,0.302162297222595,8,0.4870099198372945,tfidf
8,0.22919523688343807,2,0.5209590594312836,tfidf
8,0.20045664158615378,2,0.5147947682610242,tfidf
9,0.2733892935230412,2,0.46274224042144413,tfidf
8,0.41233603214291015,2,0.024114849638998962,tfidf
7,0.3099948217880433,8,0.49111230395697675,tfidf
9,0.17628715334414155,2,0.4906812251277457,tfidf
8,0.3960896908332378,4,0.47181696692849706,tfidf
10,0.2424300033442597,4,0.42704870147460905,tfidf
9,0.3278078409441179,2,0.35432081766507784,tfidf
7,0.156255230983573,8,0.3288405253649165,tfidf
8,0.10432900966762247,4,0.2776974813049755,tfidf
6,0.3772466508658802,8,0.5162492210306416,tfidf
6,0.42599655324581903,8,0.5345949831081734,tfidf
5,0.5100452986971993,8,0.2574400790254728,tfidf
8,0.44263321446419823,8,0.5317240104233719,tfidf
7,0.4494073995025515,8,0.5424444396056974,tfidf
6,0.5356045275265477,8,0.34857167100582914,tfidf
7,0.4337547300875874,8,0.5340701373733898,tfidf
6,0.48340356821111763,8,0.4670295004434711,tfidf
7,0.4270549561268619,8,0.5339066409518827,tfidf
7,0.5626431782829114,8,0.34695278097981647,tfidf
7,0.43052748053652196,8,0.533989712456078,tfidf
7,0.4206793018016598,8,0.5296054295054283,tfidf
6,0.4940371881785525,8,0.47428134215278733,tfidf
7,0.5696652557023535,8,0.3478358522020695,tfidf
6,0.41766797560176167,16,0.5376260626038686,tfidf
6,0.3593957217052824,16,0.5124802232923445,tfidf
5,0.5222686654029337,16,0.349265230327701,tfidf
6,0.3980123439855529,16,0.5293352154553496,tfidf
6,0.47580212526866017,16,0.47813515874,tfidf
6,0.4609028502558272,16,0.4795078818961764,tfidf
7,0.4307055169144795,8,0.5337061021188667,tfidf
7,0.3513419956015372,8,0.5027683020468502,tfidf
7,0.39717347809297177,8,0.5202454704221672,tfidf
7,0.4311682834642746,8,0.5337061021188667,tfidf
6,0.5108829752304771,8,0.45595471569575846,tfidf
7,0.36878811311116005,16,0.5080346405516986,tfidf
5,0.2970456447852041,8,0.49249487186402063,tfidf
7,0.4741740678479621,8,0.5503440741389927,tfidf
6,0.46375145978735716,8,0.5470427078832929,tfidf
6,0.4763865183754029,16,0.47813515874,tfidf
6,0.4595181896175785,8,0.5468672688822132,tfidf
6,0.4636811887218488,8,0.5470427078832929,tfidf
5,0.4638594149132406,8,0.5554902840631261,tfidf
5,0.5480950696241847,8,0.04080324540212319,tfidf
5,0.5857513431167555,8,0.04123150093765561,tfidf
5,0.4997211941822171,8,0.45831944268292973,tfidf
6,0.5294990403713262,8,0.34857167100582914,tfidf
5,0.4693184639822427,8,0.5578177747548131,tfidf
5,0.46485030454240617,8,0.5554902840631261,tfidf
5,0.4620491429375264,8,0.5554296064420542,tfidf
5,0.4608530286719189,8,0.5554296064420542,tfidf
5,0.4828238840891503,8,0.45378112168846063,tfidf
5,0.5103978873805313,8,0.2574400790254728,tfidf
5,0.5425500912265544,8,0.04479600887048302,tfidf
5,0.45855918588098704,8,0.5540830575057266,tfidf
5,0.3926143668196537,8,0.5226282340687024,tfidf
5,0.49558927473045383,8,0.45831944268292973,tfidf
5,0.6093246078090826,4,0.024660799549261897,tfidf
5,0.45939207807739707,8,0.5547714803132356,tfidf
5,0.45093690729380353,8,0.5510473330302134,tfidf
5,0.4492733650705734,8,0.5510473330302134,tfidf
5,0.4451621927529013,8,0.546468448186189,tfidf
5,0.40123412956919513,8,0.5296341635041057,tfidf
5,0.5175753564766665,8,0.05664411135802999,tfidf
5,0.37599035681337106,8,0.5188255230809946,tfidf
5,0.4061633665422726,2,0.024114849638998962,tfidf
5,0.44607096266906127,8,0.5469574727434313,tfidf
5,0.4840470713791919,8,0.45621386135060743,tfidf
5,0.49758405113637616,8,0.45831944268292973,tfidf
5,0.3451910105658351,4,0.5364215477402513,tfidf
5,0.46572926121325026,8,0.5554902840631261,tfidf
5,0.4563317391625888,8,0.5522021254062517,tfidf
5,0.41674134892169634,8,0.5349277277439273,tfidf
5,0.38348383903699773,8,0.51939448914919,tfidf
5,0.5226880019766884,8,0.04479600887048302,tfidf
5,0.4524740704962971,8,0.5533268917530865,tfidf
5,0.4150101369600512,8,0.5340591593368165,tfidf
5,0.48869916536786184,8,0.4567043772674203,tfidf
5,0.4718777011851347,2,0.024114849638998962,tfidf
5,0.4290267368654936,8,0.5386896380349306,tfidf
5,0.4533345146798465,8,0.5533268917530865,tfidf
5,0.45361791169446664,8,0.5533268917530865,tfidf
5,0.4987374067335078,8,0.45831944268292973,tfidf
5,0.41433324487462936,8,0.5336719931122544,tfidf
5,0.4417336725834792,8,0.5451627691834284,tfidf
5,0.47242000684322255,8,0.5557983459714549,tfidf
5,0.534233778312783,8,0.04479600887048302,tfidf
5,0.4709896983819903,8,0.5557983459714549,tfidf
5,0.47336606847156587,8,0.5406005670078686,tfidf
5,0.516983107050477,4,0.05254402547265774,tfidf
5,0.472227644000328,8,0.5557983459714549,tfidf
5,0.5010534944741732,8,0.45831944268292973,tfidf
5,0.48050625015132514,8,0.45378112168846063,tfidf
5,0.4300630390523827,8,0.5388317237667589,tfidf
5,0.3870540574990724,8,0.5205649555235433,tfidf
5,0.4701573177795717,8,0.5578177747548131,tfidf
5,0.5537657741613192,8,0.04080324540212319,tfidf
5,0.46659466624781853,8,0.5554902840631261,tfidf
5,0.5058880383234292,2,0.02340792431971006,tfidf
5,0.5386698782122668,8,0.04479600887048302,tfidf
5,0.4658777142911331,8,0.5554902840631261,tfidf
5,0.47116148289350984,8,0.5557983459714549,tfidf
5,0.4864237337848863,8,0.45621386135060743,tfidf
5,0.4724020792399841,8,0.5557983459714549,tfidf
5,0.47511375732043687,8,0.5393496298066471,tfidf
5,0.5154985336527705,8,0.05664411135802999,tfidf
5,0.43213924806496257,8,0.5388317237667589,tfidf
5,0.49676604396065954,8,0.45831944268292973,tfidf
5,0.40683178284222177,8,0.5299368990639383,tfidf
5,0.5292628383083215,8,0.04479600887048302,tfidf
5,0.47106666959475196,8,0.5557983459714549,tfidf
5,0.4743744794544961,8,0.5393496298066471,tfidf
5,0.4290712406765005,8,0.5386896380349306,tfidf
5,0.43733599181380767,8,0.5440478643852479,tfidf
5,0.4891023657532935,8,0.4567043772674203,tfidf
5,0.47176501621178196,8,0.5557983459714549,tfidf
5,0.5071204875559833,8,0.45831944268292973,tfidf
5,0.4728104112262623,4,0.0679937275253144,tfidf
5,0.557878870740499,8,0.04080324540212319,tfidf
5,0.4877029124130946,8,0.45621386135060743,tfidf
5,0.4644597243154448,8,0.5554902840631261,tfidf
5,0.46271500959825324,8,0.5554902840631261,tfidf
5,0.43924790891973825,8,0.5445165706648806,tfidf
5,0.5218085359778193,8,0.04479600887048302,tfidf
5,0.41327699671792323,8,0.534330037839126,tfidf
10,0.44384249844118606,8,0.5281242572388924,tfidf
9,0.47060332093228824,16,0.45281013245166585,tfidf
5,0.504096125022643,8,0.45831944268292973,tfidf
5,0.39970961150665213,8,0.5294664110091024,tfidf
5,0.4199820111771592,8,0.5351673178476444,tfidf
5,0.46273202045413003,8,0.5554902840631261,tfidf
5,0.4834747459777351,8,0.45378112168846063,tfidf
5,0.4592121327626094,8,0.5547714803132356,tfidf
5,0.4882641834220769,2,0.02340792431971006,tfidf
5,0.44230001197767294,8,0.5451627691834284,tfidf
5,0.4698707821912105,8,0.5578177747548131,tfidf
5,0.5107234796075095,8,0.2574400790254728,tfidf
5,0.5372038321059394,8,0.04479600887048302,tfidf
5,0.49543480857084465,8,0.45831944268292973,tfidf
5,0.4701869142822239,8,0.5578177747548131,tfidf
5,0.47210942722891525,8,0.5557983459714549,tfidf
5,0.44042176823307555,8,0.5445165706648806,tfidf
5,0.4787087354223995,8,0.45378112168846063,tfidf
5,0.5094199632858527,8,0.2574400790254728,tfidf
5,0.4720739285740947,8,0.5557983459714549,tfidf
5,0.42327016869847245,8,0.5383496967972295,tfidf
5,0.44843603467287324,8,0.551037024075013,tfidf
5,0.5245595498094051,4,0.03678274635163047,tfidf
5,0.4897903614824564,8,0.45777501419844696,tfidf
5,0.4759443305500455,8,0.45673648415128626,tfidf
5,0.4615258283894981,8,0.5554296064420542,tfidf
5,0.4472195217778162,8,0.551037024075013,tfidf
5,0.4937419117092031,8,0.45831944268292973,tfidf
5,0.47158166806324625,8,0.5557983459714549,tfidf
5,0.4249842004218949,8,0.5386896380349306,tfidf
5,0.5038038655791275,8,0.45831944268292973,tfidf
5,0.47341663167602704,8,0.5406005670078686,tfidf
5,0.4827136907549643,8,0.45378112168846063,tfidf
5,0.44854734078825975,16,0.4777137978228707,tfidf
5,0.5230886835338885,8,0.04479600887048302,tfidf
5,0.4634019316847527,8,0.5554902840631261,tfidf
5,0.46998276003845335,8,0.5578177747548131,tfidf
5,0.4331268538657516,8,0.5388317237667589,tfidf
5,0.4952994320883901,8,0.45831944268292973,tfidf
5,0.4726864750400008,8,0.5557983459714549,tfidf
5,0.4832472008188537,2,0.024114849638998962,tfidf
5,0.4502864979477924,8,0.5510473330302134,tfidf
5,0.4043361582544159,8,0.5292485395284253,tfidf
5,0.506526678845654,8,0.45831944268292973,tfidf
5,0.4353397548749229,8,0.5388317237667589,tfidf
5,0.4694843652018165,8,0.5578177747548131,tfidf
5,0.4754852391493624,8,0.45673648415128626,tfidf
5,0.45662063326949454,8,0.5522021254062517,tfidf
5,0.48923982406430644,8,0.45777501419844696,tfidf
5,0.4712250535118753,8,0.5557983459714549,tfidf
5,0.51271693617297,8,0.2574400790254728,tfidf
5,0.47393453463001084,8,0.5393496298066471,tfidf
5,0.5418760036271876,8,0.04479600887048302,tfidf
5,0.44762875829426146,8,0.551037024075013,tfidf
8,0.6290023046504072,16,0.25191238887404827,fasttext
6,0.496760058291166,2,0.25014539167226896,fasttext
5,0.30413724928627195,2,0.24856733462504507,fasttext
10,0.6624742427644762,16,0.25191238887404827,fasttext
6,0.9377960582448723,16,0.25191238887404827,fasttext
8,0.12212586627527738,2,0.40022227160386437,fasttext
9,0.2634583768158898,2,0.4385000252787696,fasttext
10,0.3438270937280422,16,0.5059997486981306,fasttext
7,0.6294878891935565,4,0.25174098998392774,fasttext
8,0.609033588448276,4,0.25174098998392774,fasttext
10,0.41990962567422324,8,0.2516195962258407,fasttext
9,0.26969579479771855,8,0.46958188543202906,fasttext
9,0.11450515268966305,8,0.16850460988478108,fasttext
10,0.33458764674827846,8,0.46465717237133397,fasttext
9,0.24741100978023953,8,0.44009866545022924,fasttext
9,0.4210488295481411,16,0.25019732234163417,fasttext
10,0.1921683596056869,8,0.35489116303887114,fasttext
9,0.36605447152642356,16,0.4132994700333092,fasttext
7,0.22688211661147312,4,0.4491214047034015,fasttext
10,0.4632368651267,16,0.2501509017440799,fasttext
8,0.3623176924739172,8,0.41002904298970594,fasttext
10,0.3244154223434359,8,0.49327691129445744,fasttext
10,0.19150356935974835,8,0.3536111583314466,fasttext
9,0.29178276669942316,8,0.48747204666487837,fasttext
10,0.33814730373309804,8,0.46054420830315324,fasttext
9,0.40755024559259767,8,0.41491373665651593,fasttext
10,0.5272049132582671,16,0.25231239551545975,fasttext
9,0.29812623230941276,4,0.5015044289676887,fasttext
10,0.1797469352353321,4,0.35609240594201386,fasttext
8,0.46450094033670775,4,0.25286282447241715,fasttext
8,0.3169327876707899,4,0.5028867511894475,fasttext
8,0.3169086918354747,4,0.5028867511894475,fasttext
7,0.380969965454361,4,0.24977929392604445,fasttext
8,0.3008722778397249,4,0.5041608294162252,fasttext
6,0.23239385476215962,4,0.4741161027443656,fasttext
5,0.3138426438183162,4,0.4103476159885519,fasttext
8,0.48104012606783864,4,0.2533579616159211,fasttext
7,0.1666480915319674,2,0.4950420299153613,fasttext
8,0.2729988521929831,4,0.4917376928121125,fasttext
7,0.3933067942943739,16,0.25047764362721203,fasttext
6,0.5756771889670566,4,0.25174098998392774,fasttext
8,0.2957147209421854,4,0.5005725021629424,fasttext
8,0.32855589449575884,4,0.5130646252562434,fasttext
8,0.4295478178400721,4,0.25069238517807346,fasttext
7,0.3703010419948875,2,0.24957892848492733,fasttext
8,0.23573379646663112,4,0.4508729761477789,fasttext
8,0.33111340833706104,4,0.46401769924408476,fasttext
6,0.12646425459789115,16,0.25717845738850154,fasttext
7,0.27009176161313464,4,0.48973777217730396,fasttext
5,0.4406747951550437,2,0.25014539167226896,fasttext
9,0.49584060980218303,16,0.2530325828518164,fasttext
9,0.296347706134649,4,0.5013234880971233,fasttext
8,0.35432438271492056,4,0.4643641151877529,fasttext
9,0.252219980256971,4,0.477339002455151,fasttext
8,0.3169972513860231,4,0.5028867511894475,fasttext
8,0.3979765100407556,4,0.25081044495084,fasttext
8,0.3424249306806433,4,0.4602305381930028,fasttext
7,0.21522377500906692,16,0.4231098923164681,fasttext
8,0.26556162656997034,4,0.48922126405758554,fasttext
8,0.32073058694957063,4,0.5112600695334866,fasttext
9,0.37253547970943246,16,0.4158041973658505,fasttext
8,0.3150357912937047,4,0.5010512494103034,fasttext
8,0.3439596643109976,4,0.4602305381930028,fasttext
8,0.27941748667948585,4,0.4917336382338786,fasttext
8,0.4122473059768192,4,0.25175890432479286,fasttext
7,0.3165746727888779,4,0.5130806938604433,fasttext
7,0.21050942833966918,2,0.5408177008448072,fasttext
7,0.20972959793957266,2,0.5406275437989516,fasttext
7,0.21387689273017688,2,0.5408517236716792,fasttext
7,0.16446378563003441,2,0.49007006748384346,fasttext
6,0.21051934183413193,2,0.5380897101509283,fasttext
6,0.21141125766974117,2,0.5387993059544176,fasttext
6,0.21149085483576952,2,0.5387993059544176,fasttext
6,0.20472823977623586,2,0.5399583408462729,fasttext
6,0.1483255738387687,2,0.4703569805087258,fasttext
6,0.21340019144133873,2,0.5394396061779153,fasttext
6,0.20945099779746706,2,0.5373992146075327,fasttext
6,0.1885249681085259,2,0.534651922959814,fasttext
6,0.213743112678797,2,0.5394396061779153,fasttext
5,0.13812070294139442,2,0.47991988421013154,fasttext
6,0.11150306377272713,2,0.40784290106012117,fasttext
6,0.20729826001547774,2,0.5381940947757856,fasttext
6,0.2420309381892768,2,0.27983395071083367,fasttext
5,0.20020963476118056,2,0.5373066484896155,fasttext
6,0.1692865288444838,2,0.517864969863241,fasttext
6,0.10153618953702276,2,0.3803387535260269,fasttext
6,0.2265158340407897,2,0.4424666393460615,fasttext
6,0.14697106421112416,2,0.4674740629839758,fasttext
7,0.18528486344571815,2,0.5388712017942356,fasttext
7,0.1822848223174329,2,0.5343051621921899,fasttext
7,0.24833047739698705,2,0.2793657666975135,fasttext
6,0.20166358747689345,2,0.5391848409791403,fasttext
7,0.2257547715013123,2,0.44450267191934634,fasttext
7,0.18758721183351096,2,0.5400237355957324,fasttext
7,0.18595551890834763,2,0.5394796303508946,fasttext
7,0.1612222245634088,2,0.4877783055670413,fasttext
7,0.12699873707920756,2,0.42837662013716554,fasttext
7,0.18513885207498196,2,0.535587226446566,fasttext
7,0.2550145690922306,2,0.28062684642329355,fasttext
7,0.15268674778958666,2,0.46768663942169447,fasttext
7,0.17564758823853846,2,0.5223000809801023,fasttext
6,0.1955470247513671,2,0.533481724169798,fasttext
7,0.23466631975276225,2,0.43510898181350305,fasttext
6,0.2788447397406696,2,0.24973594683375294,fasttext
7,0.13282984581208762,2,0.4365266123953224,fasttext
5,0.1903362945316865,2,0.5374808997402889,fasttext
6,0.25741740656844064,2,0.2795787024598459,fasttext
7,0.22439070980292852,2,0.4441179348319102,fasttext
7,0.1659127128825671,2,0.49538416024195747,fasttext
6,0.1459831346453146,2,0.46954212219681957,fasttext
7,0.23953775130215627,2,0.43585314449199425,fasttext
6,0.21409558794764635,2,0.5394396061779153,fasttext
6,0.1986166350787949,2,0.5338548619141641,fasttext
6,0.21891275167229585,2,0.44042193150591924,fasttext
6,0.1772996790789828,2,0.5387884770198654,fasttext
6,0.2596973955218813,2,0.28064642213281155,fasttext
5,0.11820008899228107,8,0.27765597307157097,fasttext
7,0.2798308028966909,2,0.25050395122636404,fasttext
6,0.21017606127401778,2,0.5380897101509283,fasttext
6,0.24443287053747956,2,0.28050168581320944,fasttext
7,0.15310076753496193,2,0.4708599929273227,fasttext
6,0.2030151572798508,2,0.5391848409791403,fasttext
6,0.1956958997166346,2,0.533481724169798,fasttext
6,0.22309548283500233,2,0.44000236929756,fasttext
6,0.17315674496559288,2,0.5319995627866796,fasttext
7,0.19765956123709472,2,0.5381463370682321,fasttext
6,0.13628943834338964,2,0.461574117151911,fasttext
6,0.23508925893926017,2,0.28110570607871843,fasttext
7,0.16857470386644058,2,0.4961111132397356,fasttext
7,0.21125287243257648,2,0.5398850758821424,fasttext
7,0.26433958127637647,8,0.47922075564512057,fasttext
7,0.2089433971826318,2,0.5401763834134438,fasttext
7,0.18374545997882025,2,0.535587226446566,fasttext
7,0.21679846756908,2,0.5415788317346564,fasttext
7,0.21762572800057606,2,0.541486442238671,fasttext
7,0.22419953905511228,2,0.4441179348319102,fasttext
7,0.2494432612852098,2,0.2794996135176252,fasttext
7,0.2915122667507108,2,0.24863096552560782,fasttext
7,0.15502115879854808,2,0.4709323024528951,fasttext
7,0.23384338209332112,2,0.43510898181350305,fasttext
7,0.2717531692365167,2,0.2492320926941105,fasttext
7,0.22030593161451312,2,0.4443307490730847,fasttext
7,0.20731835723985373,2,0.540798398692059,fasttext
7,0.2009236533083388,2,0.5408614302737725,fasttext
7,0.18114018891829906,16,0.38570100879616614,fasttext
7,0.24683277164800807,2,0.43682467126863556,fasttext
7,0.21422193253088553,2,0.5408517236716792,fasttext
7,0.16252542153975869,2,0.48691228412687576,fasttext
7,0.20354895867389594,2,0.5412934772884633,fasttext
7,0.13569179007001916,2,0.4399638255593068,fasttext
7,0.19461083227834086,2,0.5293313673627698,fasttext
7,0.23030275095212324,2,0.4451466763084841,fasttext
7,0.20997690043951694,2,0.5406275437989516,fasttext
7,0.17866365812828527,2,0.5238605774740355,fasttext
7,0.21006477640483884,2,0.5408177008448072,fasttext
7,0.2572446379896304,2,0.27993570050721767,fasttext
7,0.20112143563710655,2,0.5408614302737725,fasttext
7,0.20550440212796367,2,0.5415093417045088,fasttext
7,0.2433658521685079,2,0.4364750229958552,fasttext
7,0.16440846481737592,8,0.3446970038333495,fasttext
7,0.20027065491797189,2,0.5408614302737725,fasttext
7,0.19808841446552392,2,0.5384885525175134,fasttext
7,0.23315985137531503,2,0.4454839614723303,fasttext
7,0.2057338126130672,2,0.5411308659874684,fasttext
7,0.15136140923039806,2,0.46830423741401234,fasttext
7,0.21771780292878484,2,0.541486442238671,fasttext
7,0.21860125154312382,2,0.541486442238671,fasttext
7,0.26842592655461806,16,0.47755826810786034,fasttext
7,0.22696480358421445,2,0.44450267191934634,fasttext
7,0.29299852774475243,2,0.24863096552560782,fasttext
7,0.2494047910550805,2,0.2794996135176252,fasttext
7,0.2073262334211252,2,0.540798398692059,fasttext
7,0.19848536511761558,2,0.5395607079287446,fasttext
7,0.21533457599495573,2,0.5415788317346564,fasttext
7,0.17428421039431374,2,0.5171116570274036,fasttext
7,0.2276505555562257,2,0.44450267191934634,fasttext
7,0.23930690904409915,2,0.43585314449199425,fasttext
7,0.1900520597003553,2,0.5284059428381102,fasttext
7,0.21809487866460225,2,0.541486442238671,fasttext
7,0.5293860795907293,2,0.25014539167226896,fasttext
7,0.2593172026433198,2,0.2789821229311521,fasttext
7,0.21377407950841867,2,0.5408517236716792,fasttext
7,0.23072255121793422,2,0.4451466763084841,fasttext
7,0.21319751932546185,2,0.5404670117025803,fasttext
7,0.17935857124950044,2,0.5244858189475506,fasttext
7,0.21984187599507152,2,0.541486442238671,fasttext
7,0.2761417182752206,2,0.25050395122636404,fasttext
7,0.7063724577443891,2,0.008509468744222776,fasttext
7,0.24656908974809472,2,0.43682467126863556,fasttext
7,0.19252116517992465,2,0.5290167133333866,fasttext
7,0.2249823425772449,2,0.44450267191934634,fasttext
7,0.209409265334655,2,0.5401763834134438,fasttext
7,0.2186075017525469,2,0.541486442238671,fasttext
7,0.22292570672306652,2,0.4441179348319102,fasttext
7,0.16613893006687677,2,0.49538416024195747,fasttext
7,0.19500835344114248,2,0.5293313673627698,fasttext
7,0.23931613785315684,8,0.44046931899272546,fasttext
7,0.17896359445911306,2,0.5242156040818975,fasttext
7,0.21882071666225467,2,0.541486442238671,fasttext
7,0.2552179122713897,2,0.28062684642329355,fasttext
