k,nc,umap_n_components,NMI,embedding
31,6,16,0.19606491587061314,BERT
21,6,4,0.14017044770759754,BERT
9,6,16,0.15820140479605513,BERT
39,6,8,0.24455169464378834,BERT
21,6,8,0.21037071374824956,BERT
35,6,8,0.2337377905151805,BERT
24,6,4,0.2263078873540529,BERT
24,6,16,0.1606079844404095,BERT
46,6,8,0.2490082245281366,BERT
28,6,2,0.20579187375357424,BERT
50,6,2,0.21681728449803198,BERT
46,6,8,0.2490082245281366,BERT
50,6,8,0.1961913055037249,BERT
43,6,8,0.24399137779541608,BERT
43,6,8,0.24399137779541608,BERT
45,6,8,0.2608043297181052,BERT
37,6,8,0.23895154674861926,BERT
13,6,4,0.21607785407101884,BERT
42,6,2,0.17942382393270126,BERT
33,6,8,0.23171935676128574,BERT
47,6,8,0.18051510498021026,BERT
46,6,8,0.2490082245281366,BERT
40,6,8,0.2382074093077838,BERT
47,6,8,0.18051510498021026,BERT
44,6,8,0.24499734920959337,BERT
37,6,8,0.23895154674861926,BERT
49,6,4,0.18884380582329455,BERT
40,6,2,0.16161956377443631,BERT
45,6,16,0.22558216843307682,BERT
30,6,16,0.22537358941822289,BERT
33,6,8,0.23171935676128574,BERT
48,6,8,0.1819568356482645,BERT
46,6,8,0.2490082245281366,BERT
41,6,8,0.24194954487771664,BERT
45,6,8,0.2608043297181052,BERT
5,6,4,0.02997281726468717,BERT
37,6,8,0.23895154674861926,BERT
44,6,16,0.22713273058934824,BERT
15,6,8,0.19007036246217568,BERT
38,6,8,0.24445887017871396,BERT
34,6,2,0.20444825145949636,BERT
47,6,8,0.18051510498021026,BERT
45,6,8,0.2608043297181052,BERT
50,6,8,0.1961913055037249,BERT
42,6,8,0.2400759918801192,BERT
45,6,8,0.2608043297181052,BERT
39,6,4,0.23536656558143515,BERT
43,6,8,0.24399137779541608,BERT
26,6,16,0.1628485869436703,BERT
19,6,8,0.20832151453306968,BERT
49,6,8,0.197516293341284,BERT
45,6,8,0.2608043297181052,BERT
45,6,8,0.2608043297181052,BERT
44,6,8,0.24499734920959337,BERT
42,6,8,0.2400759918801192,BERT
45,6,8,0.2608043297181052,BERT
48,6,2,0.21961033275275488,BERT
40,6,8,0.2382074093077838,BERT
45,6,8,0.2608043297181052,BERT
41,6,8,0.24194954487771664,BERT
47,6,4,0.19107689231248487,BERT
45,6,8,0.2608043297181052,BERT
43,6,8,0.24399137779541608,BERT
50,6,8,0.1961913055037249,BERT
48,6,8,0.1819568356482645,BERT
36,6,8,0.2255207043678256,BERT
45,6,8,0.2608043297181052,BERT
39,6,8,0.24455169464378834,BERT
41,6,2,0.1805172357196782,BERT
46,6,16,0.20652566242446455,BERT
44,6,8,0.24499734920959337,BERT
45,6,8,0.2608043297181052,BERT
42,6,8,0.2400759918801192,BERT
48,6,8,0.1819568356482645,BERT
46,6,8,0.2490082245281366,BERT
44,6,8,0.24499734920959337,BERT
49,6,8,0.197516293341284,BERT
47,6,8,0.18051510498021026,BERT
31,6,4,0.18597740977820335,BERT
43,6,8,0.24399137779541608,BERT
38,6,8,0.24445887017871396,BERT
45,6,8,0.2608043297181052,BERT
45,6,8,0.2608043297181052,BERT
42,6,8,0.2400759918801192,BERT
43,6,8,0.24399137779541608,BERT
41,6,8,0.24194954487771664,BERT
47,6,16,0.1562885091375793,BERT
49,6,2,0.22043579790681547,BERT
46,6,8,0.2490082245281366,BERT
40,6,8,0.2382074093077838,BERT
21,6,8,0.21037071374824956,BERT
45,6,8,0.2608043297181052,BERT
44,6,8,0.24499734920959337,BERT
45,6,8,0.2608043297181052,BERT
47,6,8,0.18051510498021026,BERT
46,6,8,0.2490082245281366,BERT
48,6,4,0.19047614025059542,BERT
44,6,8,0.24499734920959337,BERT
42,6,8,0.2400759918801192,BERT
50,6,8,0.1961913055037249,BERT
43,6,8,0.24399137779541608,BERT
45,6,8,0.2608043297181052,BERT
45,6,8,0.2608043297181052,BERT
46,6,8,0.2490082245281366,BERT
49,6,8,0.197516293341284,BERT
48,6,8,0.1819568356482645,BERT
41,6,2,0.1805172357196782,BERT
43,6,16,0.2129499999621952,BERT
44,6,8,0.24499734920959337,BERT
24,6,8,0.23042384800153667,BERT
13,6,8,0.1935880982492315,BERT
45,6,8,0.2608043297181052,BERT
47,6,8,0.18051510498021026,BERT
46,6,8,0.2490082245281366,BERT
45,6,8,0.2608043297181052,BERT
43,6,8,0.24399137779541608,BERT
44,6,8,0.24499734920959337,BERT
47,6,4,0.19107689231248487,BERT
42,6,8,0.2400759918801192,BERT
8,6,8,0.10604613980860048,BERT
46,6,8,0.2490082245281366,BERT
45,6,8,0.2608043297181052,BERT
48,6,8,0.1819568356482645,BERT
44,6,8,0.24499734920959337,BERT
45,6,8,0.2608043297181052,BERT
41,6,8,0.24194954487771664,BERT
49,6,8,0.197516293341284,BERT
47,6,16,0.1562885091375793,BERT
42,6,8,0.2400759918801192,BERT
43,6,2,0.1796502687498548,BERT
46,6,8,0.2490082245281366,BERT
45,6,8,0.2608043297181052,BERT
44,6,8,0.24499734920959337,BERT
45,6,8,0.2608043297181052,BERT
47,6,8,0.18051510498021026,BERT
43,6,8,0.24399137779541608,BERT
46,6,8,0.2490082245281366,BERT
44,6,8,0.24499734920959337,BERT
48,6,8,0.1819568356482645,BERT
45,6,8,0.2608043297181052,BERT
41,6,4,0.20445211934729524,BERT
45,6,8,0.2608043297181052,BERT
46,6,8,0.2490082245281366,BERT
43,6,8,0.24399137779541608,BERT
44,6,8,0.24499734920959337,BERT
47,6,8,0.18051510498021026,BERT
42,6,8,0.2400759918801192,BERT
28,6,8,0.24922039448736277,BERT
45,6,8,0.2608043297181052,BERT
46,6,8,0.2490082245281366,BERT
50,6,8,0.1961913055037249,BERT
45,6,8,0.2608043297181052,BERT
44,6,8,0.24499734920959337,BERT
45,6,8,0.2608043297181052,BERT
48,6,8,0.1819568356482645,BERT
40,6,8,0.2382074093077838,BERT
43,6,16,0.2129499999621952,BERT
46,6,8,0.2490082245281366,BERT
44,6,2,0.19149637577623194,BERT
47,6,8,0.18051510498021026,BERT
45,6,8,0.2608043297181052,BERT
45,6,8,0.2608043297181052,BERT
46,6,8,0.2490082245281366,BERT
44,6,8,0.24499734920959337,BERT
43,6,8,0.24399137779541608,BERT
45,6,8,0.2608043297181052,BERT
47,6,8,0.18051510498021026,BERT
42,6,8,0.2400759918801192,BERT
46,6,8,0.2490082245281366,BERT
48,6,8,0.1819568356482645,BERT
44,6,4,0.18708708079115924,BERT
45,6,8,0.2608043297181052,BERT
45,6,8,0.2608043297181052,BERT
46,6,8,0.2490082245281366,BERT
47,6,8,0.18051510498021026,BERT
18,6,8,0.20387593638398208,BERT
43,6,8,0.24399137779541608,BERT
44,6,8,0.24499734920959337,BERT
46,6,8,0.2490082245281366,BERT
45,6,8,0.2608043297181052,BERT
42,6,8,0.2400759918801192,BERT
45,6,8,0.2608043297181052,BERT
44,6,8,0.24499734920959337,BERT
46,6,8,0.2490082245281366,BERT
43,6,8,0.24399137779541608,BERT
47,6,8,0.18051510498021026,BERT
45,6,8,0.2608043297181052,BERT
46,6,16,0.20652566242446455,BERT
44,6,8,0.24499734920959337,BERT
47,6,2,0.22808626745903798,BERT
48,6,8,0.1819568356482645,BERT
45,6,8,0.2608043297181052,BERT
44,6,8,0.24499734920959337,BERT
45,6,8,0.2608043297181052,BERT
46,6,8,0.2490082245281366,BERT
43,6,8,0.24399137779541608,BERT
44,6,8,0.24499734920959337,BERT
45,6,8,0.2608043297181052,BERT
47,6,8,0.18051510498021026,BERT
35,6,8,0.2337377905151805,BERT
37,6,2,0.4088928430939745,word2vec
36,6,8,0.4445753289043472,word2vec
32,6,8,0.4389301919008985,word2vec
12,6,8,0.4723204847716897,word2vec
40,6,8,0.4880667056141881,word2vec
34,6,8,0.44495882792551605,word2vec
33,6,16,0.4412546258786775,word2vec
26,6,16,0.3890213370249996,word2vec
9,6,4,0.4648420010052589,word2vec
21,6,16,0.4211927643840122,word2vec
48,6,4,0.44435491103407726,word2vec
5,6,8,0.3370425681492086,word2vec
17,6,8,0.4023218058793273,word2vec
46,6,2,0.45341014177998495,word2vec
42,6,8,0.48303039001203,word2vec
43,6,8,0.48648317959761744,word2vec
43,6,8,0.48648317959761744,word2vec
50,6,4,0.4428593105664973,word2vec
41,6,2,0.43767718157272045,word2vec
27,6,8,0.4380799875498365,word2vec
39,6,8,0.4440691713864357,word2vec
45,6,8,0.48492656178980453,word2vec
43,6,8,0.48648317959761744,word2vec
30,6,8,0.4245135002671775,word2vec
40,6,8,0.4880667056141881,word2vec
39,6,8,0.4440691713864357,word2vec
50,6,4,0.4428593105664973,word2vec
22,6,2,0.38627380020050134,word2vec
39,6,16,0.49809597911230097,word2vec
37,6,16,0.4799692312316721,word2vec
37,6,16,0.4799692312316721,word2vec
40,6,16,0.494180128994356,word2vec
39,6,16,0.49809597911230097,word2vec
30,6,16,0.4445594544967674,word2vec
36,6,16,0.4729180630146093,word2vec
34,6,16,0.4486586918838121,word2vec
46,6,16,0.49491566664247255,word2vec
46,6,16,0.49491566664247255,word2vec
46,6,16,0.49491566664247255,word2vec
48,6,16,0.4930462346785379,word2vec
45,6,16,0.49289185682779335,word2vec
47,6,16,0.49403328151457543,word2vec
45,6,16,0.49289185682779335,word2vec
50,6,16,0.49029781605446493,word2vec
35,6,16,0.4459483055673275,word2vec
31,6,16,0.4196224186602933,word2vec
48,6,16,0.4930462346785379,word2vec
45,6,16,0.49289185682779335,word2vec
47,6,16,0.49403328151457543,word2vec
42,6,16,0.49613153736451293,word2vec
38,6,2,0.41635111436776256,word2vec
42,6,16,0.49613153736451293,word2vec
42,6,16,0.49613153736451293,word2vec
41,6,16,0.4936992862936351,word2vec
43,6,16,0.4932560265248114,word2vec
42,6,4,0.43955942144965765,word2vec
32,6,16,0.44217859423794775,word2vec
24,6,16,0.43932544600731815,word2vec
39,6,16,0.49809597911230097,word2vec
16,6,2,0.4057086467760338,word2vec
38,6,4,0.4337801341482375,word2vec
41,6,16,0.4936992862936351,word2vec
43,6,16,0.4932560265248114,word2vec
44,6,16,0.4926723916181522,word2vec
39,6,16,0.49809597911230097,word2vec
35,6,16,0.4459483055673275,word2vec
39,6,16,0.49809597911230097,word2vec
39,6,16,0.49809597911230097,word2vec
39,6,16,0.49809597911230097,word2vec
33,6,2,0.4050966129917832,word2vec
39,6,16,0.49809597911230097,word2vec
39,6,16,0.49809597911230097,word2vec
36,6,16,0.4729180630146093,word2vec
37,6,16,0.4799692312316721,word2vec
39,6,16,0.49809597911230097,word2vec
40,6,4,0.43237690787525374,word2vec
34,6,16,0.4486586918838121,word2vec
38,6,16,0.4938878780529226,word2vec
36,6,16,0.4729180630146093,word2vec
40,6,16,0.494180128994356,word2vec
29,6,16,0.4471683264745452,word2vec
39,6,16,0.49809597911230097,word2vec
37,6,16,0.4799692312316721,word2vec
35,6,16,0.4459483055673275,word2vec
40,6,16,0.494180128994356,word2vec
38,6,16,0.4938878780529226,word2vec
33,6,16,0.4412546258786775,word2vec
41,6,16,0.4936992862936351,word2vec
39,6,16,0.49809597911230097,word2vec
36,6,2,0.41390771066812304,word2vec
38,6,16,0.4938878780529226,word2vec
39,6,16,0.49809597911230097,word2vec
41,6,16,0.4936992862936351,word2vec
44,6,16,0.4926723916181522,word2vec
39,6,16,0.49809597911230097,word2vec
34,6,16,0.4486586918838121,word2vec
6,6,16,0.26171123778368366,word2vec
36,6,4,0.43337925484475215,word2vec
37,6,8,0.4479757725617066,word2vec
44,6,16,0.4926723916181522,word2vec
42,6,16,0.49613153736451293,word2vec
39,6,16,0.49809597911230097,word2vec
38,6,16,0.4938878780529226,word2vec
40,6,16,0.494180128994356,word2vec
41,6,16,0.4936992862936351,word2vec
35,6,16,0.4459483055673275,word2vec
39,6,16,0.49809597911230097,word2vec
37,6,16,0.4799692312316721,word2vec
43,6,16,0.4932560265248114,word2vec
42,6,2,0.4346956745261124,word2vec
32,6,16,0.44217859423794775,word2vec
40,6,16,0.494180128994356,word2vec
39,6,16,0.49809597911230097,word2vec
38,6,16,0.4938878780529226,word2vec
41,6,16,0.4936992862936351,word2vec
40,6,16,0.494180128994356,word2vec
39,6,4,0.4477798090814934,word2vec
37,6,16,0.4799692312316721,word2vec
35,6,8,0.44779569552385146,word2vec
19,6,16,0.41673382206120335,word2vec
36,6,16,0.4729180630146093,word2vec
39,6,16,0.49809597911230097,word2vec
38,6,16,0.4938878780529226,word2vec
39,6,16,0.49809597911230097,word2vec
41,6,16,0.4936992862936351,word2vec
37,6,16,0.4799692312316721,word2vec
43,6,16,0.4932560265248114,word2vec
39,6,16,0.49809597911230097,word2vec
12,6,16,0.43984692077648285,word2vec
40,6,16,0.494180128994356,word2vec
38,6,16,0.4938878780529226,word2vec
40,6,16,0.494180128994356,word2vec
42,6,16,0.49613153736451293,word2vec
39,6,16,0.49809597911230097,word2vec
41,6,16,0.4936992862936351,word2vec
37,6,16,0.4799692312316721,word2vec
38,6,2,0.41635111436776256,word2vec
40,6,16,0.494180128994356,word2vec
36,6,16,0.4729180630146093,word2vec
25,6,4,0.44199902518751827,word2vec
39,6,16,0.49809597911230097,word2vec
39,6,16,0.49809597911230097,word2vec
38,6,16,0.4938878780529226,word2vec
41,6,16,0.4936992862936351,word2vec
39,6,16,0.49809597911230097,word2vec
37,6,16,0.4799692312316721,word2vec
35,6,8,0.44779569552385146,word2vec
42,6,16,0.49613153736451293,word2vec
40,6,16,0.494180128994356,word2vec
36,6,16,0.4729180630146093,word2vec
38,6,16,0.4938878780529226,word2vec
39,6,16,0.49809597911230097,word2vec
40,6,16,0.494180128994356,word2vec
39,6,16,0.49809597911230097,word2vec
41,6,16,0.4936992862936351,word2vec
37,6,16,0.4799692312316721,word2vec
38,6,16,0.4938878780529226,word2vec
40,6,16,0.494180128994356,word2vec
43,6,16,0.4932560265248114,word2vec
38,6,16,0.4938878780529226,word2vec
41,6,16,0.4936992862936351,word2vec
39,6,16,0.49809597911230097,word2vec
37,6,16,0.4799692312316721,word2vec
39,6,16,0.49809597911230097,word2vec
40,6,16,0.494180128994356,word2vec
38,6,16,0.4938878780529226,word2vec
42,6,2,0.4346956745261124,word2vec
39,6,16,0.49809597911230097,word2vec
41,6,16,0.4936992862936351,word2vec
36,6,4,0.43337925484475215,word2vec
39,6,16,0.49809597911230097,word2vec
40,6,16,0.494180128994356,word2vec
38,6,16,0.4938878780529226,word2vec
39,6,16,0.49809597911230097,word2vec
37,6,16,0.4799692312316721,word2vec
41,6,16,0.4936992862936351,word2vec
39,6,16,0.49809597911230097,word2vec
40,6,8,0.4880667056141881,word2vec
38,6,16,0.4938878780529226,word2vec
36,6,16,0.4729180630146093,word2vec
37,6,16,0.4799692312316721,word2vec
39,6,16,0.49809597911230097,word2vec
40,6,16,0.494180128994356,word2vec
38,6,16,0.4938878780529226,word2vec
42,6,16,0.49613153736451293,word2vec
39,6,16,0.49809597911230097,word2vec
41,6,16,0.4936992862936351,word2vec
38,6,16,0.4938878780529226,word2vec
40,6,16,0.494180128994356,word2vec
39,6,16,0.49809597911230097,word2vec
37,6,16,0.4799692312316721,word2vec
39,6,16,0.49809597911230097,word2vec
39,6,16,0.49809597911230097,word2vec
40,6,16,0.494180128994356,word2vec
38,6,16,0.4938878780529226,word2vec
41,6,16,0.4936992862936351,word2vec
40,6,16,0.494180128994356,word2vec
39,6,16,0.49809597911230097,word2vec
38,6,2,0.41635111436776256,word2vec
37,6,16,0.4799692312316721,word2vec
39,6,2,0.4223132309892867,tfidf
33,6,4,0.5849301790802309,tfidf
48,6,4,0.6435804484617053,tfidf
9,6,16,0.5390028086501366,tfidf
47,6,16,0.5658424857820715,tfidf
38,6,2,0.47715825213295654,tfidf
32,6,16,0.5079523811460473,tfidf
6,6,16,0.37433217452177314,tfidf
48,6,16,0.5683337033240116,tfidf
33,6,4,0.5849301790802309,tfidf
20,6,8,0.6106350203280927,tfidf
19,6,8,0.5644736531174044,tfidf
21,6,8,0.600282538063401,tfidf
21,6,8,0.600282538063401,tfidf
14,6,4,0.42057428497917465,tfidf
26,6,4,0.4859211944325069,tfidf
43,6,8,0.5312203210216985,tfidf
27,6,4,0.5990169396476718,tfidf
14,6,8,0.3786251637395042,tfidf
50,6,2,0.4211754184228656,tfidf
15,6,8,0.37878020133812845,tfidf
22,6,8,0.6038196783608427,tfidf
24,6,8,0.5067633773246704,tfidf
30,6,8,0.6165993347917401,tfidf
29,6,4,0.570480146165007,tfidf
39,6,8,0.5852679986694901,tfidf
44,6,8,0.5364516717138433,tfidf
18,6,4,0.4473600052878935,tfidf
36,6,2,0.47931106421278447,tfidf
43,6,2,0.4371571426853649,tfidf
10,6,8,0.4648317152213869,tfidf
23,6,8,0.6149366611040288,tfidf
31,6,8,0.6111138085571057,tfidf
28,6,8,0.6328923965657339,tfidf
29,6,4,0.570480146165007,tfidf
35,6,8,0.5983198313193758,tfidf
40,6,8,0.5941326461537757,tfidf
24,6,16,0.4404321369715913,tfidf
17,6,4,0.453853977533148,tfidf
25,6,2,0.39504009632005427,tfidf
35,6,16,0.566158350467702,tfidf
30,6,8,0.6165993347917401,tfidf
31,6,8,0.6111138085571057,tfidf
29,6,8,0.6195183975358207,tfidf
30,6,8,0.6165993347917401,tfidf
28,6,8,0.6328923965657339,tfidf
33,6,8,0.567020278351024,tfidf
28,6,16,0.49464220913238854,tfidf
26,6,4,0.4859211944325069,tfidf
37,6,8,0.5997236880908811,tfidf
41,6,8,0.5188091842847047,tfidf
34,6,8,0.613062370676635,tfidf
32,6,8,0.5933558209578267,tfidf
27,6,8,0.5920272467906439,tfidf
47,6,8,0.5726221646523965,tfidf
28,6,8,0.6328923965657339,tfidf
28,6,4,0.5693701579482688,tfidf
22,6,8,0.6038196783608427,tfidf
25,6,8,0.5187568223707144,tfidf
20,6,2,0.4110704463963976,tfidf
8,6,4,0.47091706054901084,tfidf
29,6,8,0.6195183975358207,tfidf
32,6,8,0.5933558209578267,tfidf
27,6,8,0.5920272467906439,tfidf
29,6,8,0.6195183975358207,tfidf
29,6,8,0.6195183975358207,tfidf
26,6,8,0.603986229543335,tfidf
33,6,16,0.6418590099300701,tfidf
50,6,16,0.5733981940998393,tfidf
23,6,16,0.47765527577766503,tfidf
45,6,16,0.5549182600076437,tfidf
31,6,16,0.5083139943950508,tfidf
33,6,8,0.567020278351024,tfidf
28,6,4,0.5693701579482688,tfidf
26,6,8,0.603986229543335,tfidf
29,6,16,0.49535767527691743,tfidf
24,6,2,0.4799635444722394,tfidf
35,6,8,0.5983198313193758,tfidf
32,6,8,0.5933558209578267,tfidf
37,6,4,0.6358393623566758,tfidf
38,6,4,0.6153280822128131,tfidf
30,6,4,0.5742599925552806,tfidf
36,6,4,0.567669855432288,tfidf
34,6,4,0.5420507902981363,tfidf
41,6,4,0.6316128354865129,tfidf
41,6,4,0.6316128354865129,tfidf
41,6,4,0.6316128354865129,tfidf
43,6,4,0.6251432608631686,tfidf
41,6,4,0.6316128354865129,tfidf
45,6,4,0.6204493885304729,tfidf
39,6,4,0.6204337696532907,tfidf
41,6,4,0.6316128354865129,tfidf
41,6,4,0.6316128354865129,tfidf
42,6,4,0.6191043086788403,tfidf
38,6,4,0.6153280822128131,tfidf
46,6,4,0.6349686759104975,tfidf
47,6,4,0.6347842060166777,tfidf
48,6,4,0.6435804484617053,tfidf
48,6,4,0.6435804484617053,tfidf
48,6,4,0.6435804484617053,tfidf
48,6,4,0.6435804484617053,tfidf
48,6,4,0.6435804484617053,tfidf
49,6,4,0.6273688318201048,tfidf
48,6,4,0.6435804484617053,tfidf
47,6,4,0.6347842060166777,tfidf
48,6,4,0.6435804484617053,tfidf
48,6,4,0.6435804484617053,tfidf
48,6,4,0.6435804484617053,tfidf
49,6,4,0.6273688318201048,tfidf
48,6,4,0.6435804484617053,tfidf
48,6,4,0.6435804484617053,tfidf
48,6,4,0.6435804484617053,tfidf
48,6,4,0.6435804484617053,tfidf
50,6,4,0.6289816273558014,tfidf
46,6,4,0.6349686759104975,tfidf
49,6,4,0.6273688318201048,tfidf
45,6,4,0.6204493885304729,tfidf
46,6,4,0.6349686759104975,tfidf
44,6,4,0.6213884714384704,tfidf
48,6,4,0.6435804484617053,tfidf
50,6,4,0.6289816273558014,tfidf
48,6,4,0.6435804484617053,tfidf
47,6,4,0.6347842060166777,tfidf
49,6,4,0.6273688318201048,tfidf
48,6,4,0.6435804484617053,tfidf
46,6,4,0.6349686759104975,tfidf
44,6,4,0.6213884714384704,tfidf
50,6,4,0.6289816273558014,tfidf
48,6,4,0.6435804484617053,tfidf
47,6,4,0.6347842060166777,tfidf
49,6,2,0.41864887390218064,tfidf
48,6,4,0.6435804484617053,tfidf
45,6,4,0.6204493885304729,tfidf
48,6,4,0.6435804484617053,tfidf
47,6,4,0.6347842060166777,tfidf
46,6,4,0.6349686759104975,tfidf
50,6,4,0.6289816273558014,tfidf
49,6,4,0.6273688318201048,tfidf
45,6,4,0.6204493885304729,tfidf
47,6,4,0.6347842060166777,tfidf
43,6,4,0.6251432608631686,tfidf
48,6,4,0.6435804484617053,tfidf
49,6,4,0.6273688318201048,tfidf
48,6,4,0.6435804484617053,tfidf
46,6,4,0.6349686759104975,tfidf
50,6,4,0.6289816273558014,tfidf
47,6,4,0.6347842060166777,tfidf
48,6,4,0.6435804484617053,tfidf
49,6,4,0.6273688318201048,tfidf
46,6,4,0.6349686759104975,tfidf
44,6,2,0.3824156318721268,tfidf
48,6,4,0.6435804484617053,tfidf
47,6,4,0.6347842060166777,tfidf
48,6,4,0.6435804484617053,tfidf
50,6,4,0.6289816273558014,tfidf
49,6,4,0.6273688318201048,tfidf
45,6,4,0.6204493885304729,tfidf
48,6,4,0.6435804484617053,tfidf
46,6,4,0.6349686759104975,tfidf
47,6,4,0.6347842060166777,tfidf
49,6,4,0.6273688318201048,tfidf
48,6,4,0.6435804484617053,tfidf
50,6,4,0.6289816273558014,tfidf
47,6,4,0.6347842060166777,tfidf
48,6,4,0.6435804484617053,tfidf
49,6,4,0.6273688318201048,tfidf
46,6,4,0.6349686759104975,tfidf
50,6,4,0.6289816273558014,tfidf
47,6,4,0.6347842060166777,tfidf
48,6,4,0.6435804484617053,tfidf
44,6,4,0.6213884714384704,tfidf
48,6,4,0.6435804484617053,tfidf
12,6,4,0.41406797125051986,tfidf
49,6,4,0.6273688318201048,tfidf
47,6,4,0.6347842060166777,tfidf
45,6,4,0.6204493885304729,tfidf
48,6,2,0.4130126419662174,tfidf
46,6,4,0.6349686759104975,tfidf
50,6,4,0.6289816273558014,tfidf
49,6,4,0.6273688318201048,tfidf
47,6,4,0.6347842060166777,tfidf
48,6,4,0.6435804484617053,tfidf
49,6,4,0.6273688318201048,tfidf
48,6,4,0.6435804484617053,tfidf
47,6,4,0.6347842060166777,tfidf
46,6,4,0.6349686759104975,tfidf
48,6,4,0.6435804484617053,tfidf
49,6,4,0.6273688318201048,tfidf
50,6,4,0.6289816273558014,tfidf
47,6,4,0.6347842060166777,tfidf
48,6,16,0.5683337033240116,tfidf
48,6,4,0.6435804484617053,tfidf
49,6,4,0.6273688318201048,tfidf
46,6,4,0.6349686759104975,tfidf
48,6,4,0.6435804484617053,tfidf
47,6,4,0.6347842060166777,tfidf
50,6,4,0.6289816273558014,tfidf
49,6,4,0.6273688318201048,tfidf
45,6,4,0.6204493885304729,tfidf
48,6,4,0.6435804484617053,tfidf
31,6,16,0.5256312886924907,fasttext
27,6,4,0.47729291331491797,fasttext
45,6,4,0.42973765795582347,fasttext
37,6,2,0.4713565507878808,fasttext
22,6,16,0.4885872900159181,fasttext
21,6,4,0.5137799424075707,fasttext
10,6,8,0.4013495884929848,fasttext
49,6,2,0.501866687677562,fasttext
21,6,16,0.5080781365590289,fasttext
39,6,8,0.4489720418540009,fasttext
10,6,16,0.40452289664426033,fasttext
32,6,4,0.5469063223627194,fasttext
34,6,16,0.4951744878189802,fasttext
30,6,4,0.5498700691120928,fasttext
26,6,4,0.5080066604534044,fasttext
41,6,4,0.4674301390466744,fasttext
15,6,4,0.5024272215286275,fasttext
31,6,4,0.5219283696306966,fasttext
16,6,4,0.4660064519088926,fasttext
33,6,8,0.48822940458752556,fasttext
44,6,2,0.5140961903830893,fasttext
30,6,16,0.5534140378639115,fasttext
26,6,16,0.5112829463768211,fasttext
36,6,4,0.4283630892415645,fasttext
31,6,4,0.5219283696306966,fasttext
24,6,16,0.48547829656329633,fasttext
17,6,2,0.4881380043497433,fasttext
28,6,8,0.429713931250426,fasttext
6,6,4,0.4091943937048233,fasttext
29,6,16,0.5358696350967465,fasttext
34,6,16,0.4951744878189802,fasttext
30,6,16,0.5534140378639115,fasttext
30,6,16,0.5534140378639115,fasttext
29,6,16,0.5358696350967465,fasttext
37,6,16,0.5470687687334731,fasttext
24,6,16,0.48547829656329633,fasttext
40,6,16,0.4783591320913443,fasttext
19,6,16,0.49474663608459896,fasttext
25,6,16,0.48285468647732044,fasttext
35,6,2,0.46679977697659647,fasttext
30,6,16,0.5534140378639115,fasttext
30,6,16,0.5534140378639115,fasttext
28,6,16,0.5343230324957299,fasttext
23,6,16,0.4815995280853088,fasttext
32,6,16,0.5462439648618014,fasttext
38,6,16,0.4631647637836212,fasttext
43,6,16,0.49141647047741094,fasttext
27,6,16,0.5304394916039592,fasttext
21,6,16,0.5080781365590289,fasttext
30,6,8,0.41737191419518715,fasttext
33,6,16,0.5531555716835505,fasttext
33,6,16,0.5531555716835505,fasttext
49,6,16,0.5223115445964978,fasttext
36,6,16,0.5137592145848263,fasttext
31,6,16,0.5256312886924907,fasttext
26,6,16,0.5112829463768211,fasttext
34,6,16,0.4951744878189802,fasttext
29,6,2,0.4879353008051643,fasttext
32,6,16,0.5462439648618014,fasttext
38,6,8,0.4497345289281904,fasttext
27,6,16,0.5304394916039592,fasttext
33,6,16,0.5531555716835505,fasttext
30,6,16,0.5534140378639115,fasttext
30,6,16,0.5534140378639115,fasttext
30,6,16,0.5534140378639115,fasttext
30,6,16,0.5534140378639115,fasttext
25,6,16,0.48285468647732044,fasttext
35,6,2,0.46679977697659647,fasttext
28,6,16,0.5343230324957299,fasttext
23,6,8,0.497952990987,fasttext
31,6,16,0.5256312886924907,fasttext
29,6,16,0.5358696350967465,fasttext
27,6,16,0.5304394916039592,fasttext
30,6,16,0.5534140378639115,fasttext
32,6,16,0.5462439648618014,fasttext
25,6,16,0.48285468647732044,fasttext
35,6,16,0.49289617786904677,fasttext
31,6,16,0.5256312886924907,fasttext
28,6,16,0.5343230324957299,fasttext
26,6,16,0.5112829463768211,fasttext
29,6,2,0.4879353008051643,fasttext
30,6,16,0.5534140378639115,fasttext
30,6,16,0.5534140378639115,fasttext
34,6,16,0.4951744878189802,fasttext
32,6,16,0.5462439648618014,fasttext
27,6,4,0.47729291331491797,fasttext
30,6,16,0.5534140378639115,fasttext
33,6,16,0.5531555716835505,fasttext
36,6,16,0.5137592145848263,fasttext
28,6,8,0.429713931250426,fasttext
31,6,16,0.5256312886924907,fasttext
30,6,16,0.5534140378639115,fasttext
32,6,16,0.5462439648618014,fasttext
47,6,16,0.4673426562195024,fasttext
29,6,16,0.5358696350967465,fasttext
26,6,16,0.5112829463768211,fasttext
34,6,16,0.4951744878189802,fasttext
30,6,16,0.5534140378639115,fasttext
28,6,16,0.5343230324957299,fasttext
24,6,4,0.5129072879441253,fasttext
31,6,16,0.5256312886924907,fasttext
29,6,16,0.5358696350967465,fasttext
30,6,16,0.5534140378639115,fasttext
32,6,16,0.5462439648618014,fasttext
27,6,16,0.5304394916039592,fasttext
12,6,16,0.41646011939041094,fasttext
29,6,2,0.4879353008051643,fasttext
31,6,16,0.5256312886924907,fasttext
33,6,16,0.5531555716835505,fasttext
28,6,8,0.429713931250426,fasttext
35,6,16,0.49289617786904677,fasttext
30,6,16,0.5534140378639115,fasttext
30,6,16,0.5534140378639115,fasttext
32,6,16,0.5462439648618014,fasttext
26,6,16,0.5112829463768211,fasttext
29,6,16,0.5358696350967465,fasttext
33,6,16,0.5531555716835505,fasttext
30,6,16,0.5534140378639115,fasttext
31,6,16,0.5256312886924907,fasttext
27,6,16,0.5304394916039592,fasttext
25,6,4,0.5185719587979581,fasttext
30,6,16,0.5534140378639115,fasttext
31,6,16,0.5256312886924907,fasttext
28,6,16,0.5343230324957299,fasttext
29,6,16,0.5358696350967465,fasttext
32,6,16,0.5462439648618014,fasttext
30,6,16,0.5534140378639115,fasttext
34,6,2,0.48355491622067776,fasttext
27,6,16,0.5304394916039592,fasttext
28,6,16,0.5343230324957299,fasttext
33,6,16,0.5531555716835505,fasttext
30,6,16,0.5534140378639115,fasttext
30,6,16,0.5534140378639115,fasttext
31,6,16,0.5256312886924907,fasttext
29,6,16,0.5358696350967465,fasttext
32,6,16,0.5462439648618014,fasttext
28,6,8,0.429713931250426,fasttext
31,6,16,0.5256312886924907,fasttext
29,6,16,0.5358696350967465,fasttext
26,6,16,0.5112829463768211,fasttext
32,6,16,0.5462439648618014,fasttext
30,6,16,0.5534140378639115,fasttext
30,6,16,0.5534140378639115,fasttext
29,6,16,0.5358696350967465,fasttext
31,6,16,0.5256312886924907,fasttext
28,6,16,0.5343230324957299,fasttext
33,6,16,0.5531555716835505,fasttext
30,6,16,0.5534140378639115,fasttext
27,6,4,0.47729291331491797,fasttext
32,6,16,0.5462439648618014,fasttext
31,6,16,0.5256312886924907,fasttext
30,6,16,0.5534140378639115,fasttext
29,6,16,0.5358696350967465,fasttext
30,6,16,0.5534140378639115,fasttext
28,6,16,0.5343230324957299,fasttext
32,6,16,0.5462439648618014,fasttext
31,6,2,0.4813420342274587,fasttext
29,6,16,0.5358696350967465,fasttext
34,6,16,0.4951744878189802,fasttext
30,6,16,0.5534140378639115,fasttext
29,6,8,0.4281642589908955,fasttext
6,6,16,0.5096015627540365,fasttext
30,6,16,0.5534140378639115,fasttext
31,6,16,0.5256312886924907,fasttext
28,6,16,0.5343230324957299,fasttext
33,6,16,0.5531555716835505,fasttext
30,6,16,0.5534140378639115,fasttext
31,6,16,0.5256312886924907,fasttext
29,6,16,0.5358696350967465,fasttext
27,6,16,0.5304394916039592,fasttext
32,6,16,0.5462439648618014,fasttext
30,6,16,0.5534140378639115,fasttext
31,6,16,0.5256312886924907,fasttext
29,6,16,0.5358696350967465,fasttext
30,6,16,0.5534140378639115,fasttext
28,6,16,0.5343230324957299,fasttext
32,6,16,0.5462439648618014,fasttext
29,6,16,0.5358696350967465,fasttext
30,6,4,0.5498700691120928,fasttext
33,6,16,0.5531555716835505,fasttext
31,6,16,0.5256312886924907,fasttext
30,6,16,0.5534140378639115,fasttext
29,6,16,0.5358696350967465,fasttext
28,6,16,0.5343230324957299,fasttext
31,6,16,0.5256312886924907,fasttext
30,6,16,0.5534140378639115,fasttext
32,6,16,0.5462439648618014,fasttext
30,6,2,0.48463521539326326,fasttext
29,6,16,0.5358696350967465,fasttext
27,6,16,0.5304394916039592,fasttext
31,6,16,0.5256312886924907,fasttext
30,6,16,0.5534140378639115,fasttext
30,6,16,0.5534140378639115,fasttext
28,6,16,0.5343230324957299,fasttext
31,6,16,0.5256312886924907,fasttext
29,6,16,0.5358696350967465,fasttext
32,6,16,0.5462439648618014,fasttext
29,6,16,0.5358696350967465,fasttext
30,6,16,0.5534140378639115,fasttext
28,6,16,0.5343230324957299,fasttext
