min_cluster_size,rho,beta,umap_n_components,NMI,embedding
39,0.6176304524430202,0.18772598496391454,4,0.49511829367354526,BERT
128,0.07759363372547642,0.5919750368513967,16,0.5442416922301028,BERT
40,0.4228704351463598,0.3282377835846534,2,0.5036842099463371,BERT
114,0.7096807691685703,0.1899979273014015,2,0.5954073561627645,BERT
109,1.432426108102837,0.28043942326308624,8,0.5507217866276594,BERT
69,1.0984747052385802,0.1353374309298472,4,0.5071318569103935,BERT
109,0.7146598767312383,0.33038523766859995,2,0.5878337282156927,BERT
144,0.38030959339109893,0.5562480011488685,8,0.5722715000717719,BERT
111,0.11097448923959463,0.5758121833380456,16,0.549523256816685,BERT
63,0.2365144393348957,0.3242076877349578,8,0.5755873400051406,BERT
188,1.6188763728227056,0.1043873175057798,2,0.6209937972883168,BERT
194,1.966923855155361,0.1026934565728101,2,0.6314347421710735,BERT
195,1.9735161115100066,0.12214565129856686,2,0.6314347421710735,BERT
193,1.9973743672928208,0.11427701403073824,2,0.6063758805940213,BERT
161,1.9239674618834028,0.20687810909733687,2,0.5540979730047332,BERT
169,1.7276525239229046,0.24923117069613462,2,0.5844866751178304,BERT
172,1.3715954820753655,0.15654403892903476,2,0.6017948899669564,BERT
145,1.8001655910255077,0.22309414311422582,4,0.5749994534290596,BERT
78,1.9882389385018433,0.15328347645476043,16,0.47921074090679555,BERT
13,1.5863143714592975,0.10129323824165651,2,0.3837409856677175,BERT
195,1.758035413377185,0.4288411984196304,2,0.5536083123958273,BERT
185,1.6091734240478406,0.10199208132696137,2,0.6314462865491115,BERT
172,1.8442626230851935,0.16068154035324417,2,0.6107509817516495,BERT
151,1.5964414246686287,0.10027189657556654,2,0.5754839755670536,BERT
178,1.8655681419165973,0.16054500373196753,2,0.6018530827244242,BERT
133,1.3889007382305585,0.13508939041130125,2,0.5774137650334419,BERT
182,1.9908287904458828,0.2451398458297871,4,0.5666084583471829,BERT
154,1.7559305398212548,0.19016245922325897,16,0.5658488829412491,BERT
91,1.694278871861622,0.13455152274678392,8,0.5156888045705158,BERT
165,1.88292485254442,0.17470335234554973,4,0.5626088559832509,BERT
186,1.5018707514034277,0.19946598819053216,2,0.6335473149136562,BERT
183,1.5093456773263323,0.1316621046097949,2,0.59515514776666,BERT
194,1.2854956938612538,0.17798863611396354,2,0.5944109760939809,BERT
180,1.672911393083019,0.13300820109194228,2,0.6285898223598713,BERT
162,1.8360923214813376,0.19498602392433317,2,0.5602467976002842,BERT
129,1.5434951978337794,0.1023163551996422,2,0.5750801323105915,BERT
184,1.6969384474621718,0.21588180082080316,16,0.6322309434218272,BERT
136,1.247082158364678,0.21115209161912113,16,0.5764793480213747,BERT
156,1.5039728404280654,0.22618415491996038,16,0.5925905012281029,BERT
122,1.6419004628973823,0.26058728946523174,16,0.5520018177652175,BERT
175,0.9805804688971047,0.2801819638970182,16,0.6277165495904531,BERT
188,1.7701096523339055,0.17274337777013102,8,0.6062577295144818,BERT
184,1.9006480679156275,0.12439446972189261,2,0.6021677170735308,BERT
195,1.6842839975630832,0.1466771969447025,16,0.6226491338823303,BERT
170,1.9259330486258963,0.18863348184289136,2,0.5621568388511152,BERT
44,1.8084906835538008,0.12094285598291564,4,0.4489253902621904,BERT
188,1.4570436771283855,0.14342136595262248,8,0.6272926040557901,BERT
162,1.6163451355862921,0.11962558170267802,2,0.5981291178490218,BERT
148,1.7103668155516294,0.17128293973392006,2,0.5744832639245092,BERT
176,1.9421587166803276,0.20320206370530033,16,0.5918463688044107,BERT
184,1.8341403609966487,0.1529848682265808,2,0.6022826553612062,BERT
179,1.654460865257486,0.11986565265149764,2,0.6275935062614553,BERT
195,1.5458506670072143,0.14534346471014006,2,0.6053409671876486,BERT
168,1.7013189759367717,0.11779672982269448,2,0.581349291271366,BERT
187,1.7734430173802265,0.13546747767305087,2,0.5729342655372632,BERT
140,1.9866175635769374,0.10148499064259761,2,0.5447835347527777,BERT
178,1.8855452289021002,0.16386182859203374,2,0.6018530827244242,BERT
157,1.6007529045285553,0.18432007705943085,2,0.5980232653573578,BERT
96,1.7878495059026276,0.22558264006300133,4,0.49845596828557626,BERT
189,1.4434521963081373,0.15455649168893967,8,0.6272926040557901,BERT
169,1.7403611763310245,0.11272376575079712,2,0.5814181061807214,BERT
176,0.8724178191375864,0.3059069655469861,16,0.6070753620569241,BERT
174,1.0781436339212773,0.13430671169743258,16,0.6337068505224647,BERT
182,1.6580982710121817,0.13260179350006582,16,0.6322309434218272,BERT
189,1.3528537644116556,0.10122174029937497,16,0.6233628899456377,BERT
173,1.5452345022239342,0.16345088139693328,16,0.6369009061814046,BERT
165,1.485591325890847,0.17093510259666506,16,0.6329818103754403,BERT
165,1.5133034454938974,0.17350006382519068,16,0.6115652177900666,BERT
9,1.2380350149887052,0.21471381933542427,16,0.37539613670888977,BERT
157,1.5572335578078307,0.19680858119617056,16,0.5643807467605928,BERT
173,1.4602338645623263,0.15509287937585162,16,0.6369009061814046,BERT
173,1.446096107763927,0.1647007714253821,16,0.6369009061814046,BERT
172,1.4032573523168859,0.16193094362839472,16,0.6370185653990165,BERT
150,1.409919115831691,0.1878336629551932,16,0.5874991557543136,BERT
171,1.4728106318529945,0.16445499022982416,16,0.6369009061814046,BERT
163,1.3524078522687124,0.16249646550481817,16,0.6220422374859272,BERT
173,1.4700526368745668,0.18104247747830365,16,0.6369009061814046,BERT
173,1.420040642568562,0.19997963187416898,16,0.6369009061814046,BERT
144,1.3015518577495497,0.14694045904460715,16,0.5874991557543136,BERT
171,1.4464153512269777,0.17779813700523706,16,0.6369009061814046,BERT
159,1.4267556465530313,0.18277617810927155,16,0.6211823093146653,BERT
171,1.4591806857654508,0.16182737923049162,16,0.6369009061814046,BERT
172,1.4428711761977913,0.19620959669233717,16,0.6369009061814046,BERT
152,1.3830520945096434,0.15843198031478695,16,0.5862097558734624,BERT
169,1.4812482484817104,0.1785389402004922,16,0.6369009061814046,BERT
62,1.5689905121713212,0.2044009013636816,16,0.48462451431642806,BERT
167,1.320537077859259,0.16526536931989433,16,0.6230990383285435,BERT
121,1.3929937583495393,0.14810666010050705,16,0.5608801565718845,BERT
161,1.5270611254422477,0.2232926847330783,16,0.636160750106003,BERT
173,1.4665549948645284,0.18221760148248628,16,0.6369009061814046,BERT
145,1.5799684156332436,0.16175030588687625,16,0.5837330510233691,BERT
172,1.40569653415267,0.19712983903211895,16,0.6370185653990165,BERT
180,1.4220084461578384,0.20819153711483604,16,0.6206099294683487,BERT
154,1.2576596648170546,0.17047212941328835,16,0.6160807733589618,BERT
173,1.339493444826957,0.19039634824769405,16,0.6234616716957317,BERT
178,1.4790384328732875,0.23667853297215624,16,0.6231008507691289,BERT
165,1.5353299404658884,0.20029194569037712,16,0.6115652177900666,BERT
168,1.3681040465657406,0.1418850709661323,16,0.6396133114691558,BERT
105,1.3832909354326535,0.14152330401489363,16,0.558658318366382,BERT
191,1.20422856959643,0.17855613314761506,4,0.6272594161379144,BERT
161,1.2991997025245912,0.15434624808180825,16,0.6159144698789097,BERT
170,1.4289769947419446,0.15454449413727017,16,0.6369009061814046,BERT
176,1.3719274182054364,0.13841388640375474,16,0.6191235875111017,BERT
181,1.4662379400113776,0.12436694196798388,16,0.6206099294683487,BERT
167,1.6302982546833913,0.1653508234633833,16,0.6152509962995673,BERT
157,1.5087257014530173,0.18427258597298335,8,0.5959324813573388,BERT
176,1.409657560840318,0.21679756381167867,16,0.6231008507691289,BERT
184,1.5860537365226135,0.1957465476242761,16,0.6191966191937376,BERT
171,1.3212743419797595,0.14369076302426778,16,0.6234616716957317,BERT
160,1.5261049808090543,0.1698346352257672,16,0.636160750106003,BERT
180,1.4557993583130666,0.2070888343291304,16,0.6206099294683487,BERT
172,1.4405252461870686,0.19547014099733992,16,0.6369009061814046,BERT
30,1.5589540390559251,0.18996478434339548,16,0.42550427841891764,BERT
165,1.3898716197167122,0.15346850607977122,16,0.6346675860188998,BERT
173,1.4902739453275078,0.12852829788242323,16,0.6369009061814046,BERT
169,1.3390143930906544,0.1782425605731731,16,0.6214681710320944,BERT
191,1.4508414373351468,0.16377080632697827,16,0.6230178856781383,BERT
176,1.3682982419007808,0.14102536910514119,4,0.6281365382500574,BERT
185,1.5962868719052496,0.1774772995961994,16,0.6214515947014021,BERT
182,1.4154578237255122,0.11091740124449678,16,0.6206099294683487,BERT
162,1.5054847013846338,0.20034775432492444,8,0.6071940917145981,BERT
171,1.503392185670994,0.17455699446395043,16,0.6369009061814046,BERT
167,1.4691690918324616,0.18958135982580043,16,0.6329402135073285,BERT
169,1.53250058899645,0.1523331664928434,16,0.6330245722062154,BERT
178,1.6337308919852154,0.21454233033203826,16,0.6206970299315686,BERT
152,1.4326497116377706,0.16243173515739157,16,0.5862097558734624,BERT
174,1.2818533566695198,0.23330402815620674,16,0.6234616716957317,BERT
165,1.566064463390859,0.17778097650373556,16,0.6135116448566783,BERT
155,1.3604283438557945,0.1873171513191505,16,0.5836576304406178,BERT
179,1.4697431194715,0.14689838177560433,16,0.6206099294683487,BERT
163,1.3290733385984024,0.12908586809216588,16,0.6220422374859272,BERT
174,1.4661396602721943,0.18181151656381783,16,0.6191235875111017,BERT
170,1.4269679621246687,0.20384525677731044,16,0.6369009061814046,BERT
83,1.3932733305883138,0.1688805449873592,16,0.5252697167566448,BERT
186,1.5429027299318143,0.1583693631219388,16,0.6198998063459106,BERT
158,1.6054500489709955,0.18371641626851667,16,0.5863672761095413,BERT
175,1.4950693007105507,0.21262520983851058,16,0.6231008507691289,BERT
171,1.411082173255778,0.1970909147014945,16,0.6370185653990165,BERT
168,1.4067121991538942,0.20191733016710567,16,0.6375045949345642,BERT
166,1.361756448045292,0.2260566963946367,4,0.6233458120359371,BERT
148,1.2974246833857699,0.24931912088401456,16,0.5838007211669012,BERT
169,1.4152690641293413,0.19648816729497676,16,0.6375045949345642,BERT
181,1.410495538916492,0.19674622644293055,16,0.6206099294683487,BERT
161,1.4015352557197143,0.2041358474668084,16,0.6159144698789097,BERT
170,1.4470889316922402,0.16802664544928977,16,0.6369009061814046,BERT
178,1.3393052799609095,0.1929379739881882,16,0.6206099294683487,BERT
174,1.2555146115852491,0.2163811145795758,16,0.6234616716957317,BERT
167,1.2218182053371356,0.15232474661650172,8,0.6427499700644664,BERT
165,1.1764499565689643,0.13620495739820696,8,0.6188610289249497,BERT
168,1.3683090183194806,0.14939733452101275,8,0.6188610289249497,BERT
160,1.3214004336431648,0.15943041706639755,16,0.6159144698789097,BERT
171,1.4180150675362486,0.1676198749242802,8,0.6423549021620436,BERT
177,1.4085353417025055,0.16821919822107842,8,0.5956243105141218,BERT
172,1.4933112175215708,0.144573988995076,8,0.6188610289249497,BERT
164,1.5288977037084324,0.1730915520762202,8,0.587824030463638,BERT
183,1.2795680130346128,0.15693810485937587,8,0.6272926040557901,BERT
168,1.3823224220559416,0.12605121498317248,8,0.6188610289249497,BERT
179,1.4463395827140977,0.1853540664689301,8,0.5963745676922723,BERT
172,1.3413990130142794,0.1146005450489309,8,0.6188610289249497,BERT
158,1.4085020446366292,0.14164575656095962,16,0.6211823093146653,BERT
188,1.484958748138067,0.15343215755925965,16,0.6222972643742465,BERT
174,1.435272655235864,0.19003339820047707,16,0.6191235875111017,BERT
168,1.5534092509321955,0.19984592458790945,16,0.6330245722062154,BERT
171,1.3683540485439667,0.17521915056811221,16,0.6234616716957317,BERT
163,1.4595885856081432,0.16185184073479297,16,0.6220422374859272,BERT
181,1.3126775281136405,0.20727541510608716,16,0.6206099294683487,BERT
176,1.5140682386906863,0.17744204263423294,16,0.6379387660620525,BERT
177,1.5286486540526192,0.1715765352117796,16,0.6195697978491868,BERT
166,1.4965946419156748,0.18018012267174444,16,0.6329402135073285,BERT
176,1.2151961147770205,0.13873612829855542,4,0.6281365382500574,BERT
184,1.568809694466586,0.16411640374632006,16,0.6211118426173153,BERT
172,1.4401042085615001,0.1948958595223767,16,0.6369009061814046,BERT
169,1.3949865269543875,0.21952555371718943,16,0.6379185094714707,BERT
168,1.3889168943567058,0.22066747821598057,16,0.6375045949345642,BERT
167,1.3883238476091846,0.23342306559223244,16,0.6379533612007114,BERT
163,1.3787234505532928,0.22255092805871107,16,0.6220422374859272,BERT
168,1.2883589030396905,0.22951704203765042,16,0.6249464901550922,BERT
160,1.343793007807266,0.23954006064617747,16,0.6159144698789097,BERT
155,1.3963134638795471,0.2158942156087209,8,0.6188610289249497,BERT
117,1.4111794754705094,0.20537066824399988,16,0.5552382382628975,BERT
54,1.248569344566635,0.2251543577225446,16,0.5149704013235324,BERT
176,1.4949345285525717,0.21262490554732502,16,0.6231008507691289,BERT
168,1.4265682104164983,0.2542205799585722,16,0.6369009061814046,BERT
174,1.3690285991254005,0.24364745295537632,16,0.6231008507691289,BERT
166,1.4732095472297797,0.18557205245549882,16,0.6329402135073285,BERT
170,1.31242154722444,0.2352782701486216,16,0.6234616716957317,BERT
179,1.4062596441363884,0.1939196081697945,16,0.6206099294683487,BERT
164,1.5215556429687516,0.17718657909823715,16,0.6115652177900666,BERT
173,1.3472405809347563,0.2597883293870568,16,0.6234616716957317,BERT
169,1.4605011623906192,0.2060872076123011,16,0.6369009061814046,BERT
181,1.376248169844016,0.2189186017865684,8,0.6042564083527799,BERT
172,1.4458564643046132,0.152138386389228,16,0.6369009061814046,BERT
166,1.4770940603031275,0.16537022647989694,16,0.6329402135073285,BERT
176,1.4114837850800361,0.3881928590221821,16,0.6081596503599738,BERT
162,1.5153176017708596,0.18022355236929757,16,0.6135116448566783,BERT
171,1.4332529302455597,0.26939381499120585,16,0.6369009061814046,BERT
177,1.339103125684034,0.19085289989524365,16,0.6206099294683487,BERT
170,1.5620611809715914,0.15671313254689534,16,0.6330245722062154,BERT
175,1.3909557773819012,0.16957444620750928,16,0.6191235875111017,BERT
167,1.4744128171035655,0.14516001055061198,16,0.6329402135073285,BERT
73,0.2000535387445233,0.17267679678034284,16,0.6917641963104546,word2vec
6,1.7741341487398097,0.22928434124888755,8,0.364460939729963,word2vec
69,0.7123903577247153,0.5872933610332112,8,0.5635061577923707,word2vec
144,0.6890075129025164,0.5527522474650249,2,0.6461246269788251,word2vec
119,1.1427698178720331,0.24394800839539274,2,0.6190971107341305,word2vec
92,0.9293974623394835,0.5771329945632481,8,0.5923204480352838,word2vec
46,0.2978893672517144,0.4524569065580063,4,0.5314813206932794,word2vec
174,0.40732522122089776,0.2215171653458959,16,0.7009889302020865,word2vec
17,0.17740378418137032,0.33503001255135545,4,0.44312068096304497,word2vec
51,0.8649915482155545,0.4298150612318715,8,0.5249084609806871,word2vec
190,0.0531045268626647,0.11180212099854209,16,0.7020455645167397,word2vec
195,0.08805002646367338,0.10213928734092415,16,0.7020455645167397,word2vec
193,0.07872471057489179,0.12170279609109583,16,0.7020455645167397,word2vec
156,0.0531453979150577,0.10830842638578167,16,0.696862665662842,word2vec
193,0.4527530295347813,0.10144298579488856,16,0.7020455645167397,word2vec
136,0.4584700807464348,0.16099299338506362,16,0.696862665662842,word2vec
162,0.059933884420679595,0.2968253594000508,16,0.7025006967802675,word2vec
167,0.5592815002680378,0.29589767650353704,16,0.7025006967802675,word2vec
160,0.5589451567604283,0.3061014625691137,4,0.6781989868914312,word2vec
115,0.37024439158994416,0.28424791691334284,2,0.692351285306444,word2vec
129,0.28367997483737883,0.3758073794075376,16,0.6927372359642258,word2vec
172,0.25270028427950975,0.18196666813931742,16,0.7025006967802675,word2vec
169,0.280961894540428,0.29155243411833215,16,0.7025006967802675,word2vec
147,0.5875315243949285,0.2537696717598583,16,0.696862665662842,word2vec
175,0.25711930788761345,0.1991385440978053,16,0.7009889302020865,word2vec
99,0.4945495263657179,0.2734483037336946,16,0.6523396341820913,word2vec
175,0.3405414126697964,0.3391648155197361,16,0.7009889302020865,word2vec
157,0.2107091913666943,0.19576049420713637,2,0.615143469604041,word2vec
116,0.6262671381374629,0.25738017943902824,4,0.650024188540044,word2vec
132,0.16833408858996957,0.1619114693579975,16,0.696862665662842,word2vec
181,0.36800002123926545,0.20337176818950603,16,0.7020455645167397,word2vec
164,0.19690358327523858,0.2947299223244722,16,0.7025006967802675,word2vec
167,0.2779283590366161,0.31036067343417295,16,0.7025006967802675,word2vec
148,0.48018308095563006,0.24095013509958796,16,0.696862665662842,word2vec
183,0.7795492962110385,0.27216379569845467,8,0.6680931198281386,word2vec
142,0.6341424134485621,0.22971235296178727,16,0.696862665662842,word2vec
84,1.105140071812429,0.3710287591417578,2,0.5978525642444101,word2vec
151,0.15828737154011818,0.32330281764544694,8,0.6950166623673613,word2vec
168,0.737178970889095,0.2852173865755774,16,0.7025006967802675,word2vec
181,0.34940727541151,0.24949439283901098,4,0.6936855632395279,word2vec
120,1.3321545125535292,0.21899784119176713,16,0.6293242477280857,word2vec
165,0.23200114437233432,0.3003641266995355,16,0.7025006967802675,word2vec
164,0.16515486644199912,0.3529153393795615,16,0.7025006967802675,word2vec
138,0.2862084637064907,0.29984841008451485,16,0.696862665662842,word2vec
174,0.15850246833326942,0.27203458915378614,16,0.7009889302020865,word2vec
185,0.39819921525019153,0.3264485338865732,8,0.6911546156123936,word2vec
157,0.055685572633207836,0.35977623629933253,16,0.696862665662842,word2vec
55,0.5199677455941711,0.3921268244131472,2,0.5720623839481634,word2vec
171,0.4201925318549396,0.3232029010131498,16,0.7025006967802675,word2vec
32,0.12636201757832966,0.17411714434639516,16,0.5134001583227671,word2vec
124,0.21499822063359145,0.29582806580166937,4,0.6781989868914312,word2vec
163,0.2981954981235625,0.3195287721244093,16,0.7025006967802675,word2vec
151,0.28429066083593746,0.3425408617732692,16,0.696862665662842,word2vec
190,0.10909180903976344,0.31149276403272774,16,0.7020455645167397,word2vec
155,0.2298993898581222,0.2582165714017908,16,0.696862665662842,word2vec
170,0.4014821032136553,0.28530681470264707,16,0.7025006967802675,word2vec
181,0.11059495557128368,0.234592887471941,16,0.7020455645167397,word2vec
5,0.05003816127163726,0.31238136858000415,16,0.36410369754357297,word2vec
141,0.3326369918035983,0.26009381556438305,8,0.6950166623673613,word2vec
107,0.24783904886109112,0.33969920032843465,2,0.6883589898846365,word2vec
176,0.5282080896795115,0.13451191209372282,16,0.7009889302020865,word2vec
168,0.4497172092023393,0.26981275924094245,16,0.7025006967802675,word2vec
161,0.703460936619153,0.28760357585895796,16,0.696862665662842,word2vec
189,0.6154004800759516,0.2833235523662375,16,0.7020455645167397,word2vec
167,0.31614680354160407,0.305687595887519,16,0.7025006967802675,word2vec
195,0.5573834364456869,0.22022609154073333,16,0.7020455645167397,word2vec
155,0.20193439916976305,0.2447476585461911,4,0.6781989868914312,word2vec
146,0.46971301717595837,0.2916108618240489,16,0.696862665662842,word2vec
178,0.3726247664021645,0.332362536620348,16,0.7020455645167397,word2vec
133,0.12036955022982615,0.26809811450733934,16,0.696862665662842,word2vec
170,0.7964613177092394,0.23613740199611388,16,0.7025006967802675,word2vec
162,0.2461063671912121,0.306808316972882,16,0.7025006967802675,word2vec
151,0.20567087408754162,0.2834476937027757,16,0.696862665662842,word2vec
187,0.30905090698528354,0.3001192951858996,16,0.7020455645167397,word2vec
165,0.17907097142100753,0.25121354168849547,16,0.7025006967802675,word2vec
174,0.38309855212764,0.31442616496671677,8,0.6911546156123936,word2vec
158,0.24899440854141053,0.3306405714449069,16,0.696862665662842,word2vec
178,0.14109525789885125,0.276798711442807,16,0.7020455645167397,word2vec
166,0.08494135242509587,0.29576591686481946,2,0.615143469604041,word2vec
72,0.44715884525394134,0.3569948808020259,4,0.6409709391901233,word2vec
144,0.3312325626387216,0.21088640806910836,16,0.696862665662842,word2vec
162,0.1629967379881998,0.3490410918736966,16,0.7025006967802675,word2vec
172,0.20132664183632903,0.32133763040350394,16,0.7025006967802675,word2vec
183,0.2869207901289678,0.2638849217641107,16,0.7020455645167397,word2vec
153,0.11507024778834005,0.3353954241828286,16,0.696862665662842,word2vec
81,0.17060796649586626,0.2926497678027575,16,0.688585114160878,word2vec
166,0.23976774096109957,0.30537810059462356,16,0.7025006967802675,word2vec
158,0.3527806019572536,0.34953457249119574,16,0.696862665662842,word2vec
178,0.11182428649581622,0.2798108411345275,16,0.7020455645167397,word2vec
171,0.42253045946005996,0.37127018496840836,8,0.6911546156123936,word2vec
147,0.06824730236565246,0.3173200677702804,2,0.615143469604041,word2vec
161,0.29796803177202735,0.3260630114750981,16,0.696862665662842,word2vec
171,0.3889721060182611,0.296554201142044,16,0.7025006967802675,word2vec
186,0.25559755074794516,0.25880195519217314,16,0.7020455645167397,word2vec
17,0.42095795720848905,0.310406649457845,16,0.4329392504746904,word2vec
166,0.5161014231436147,0.2730489478928107,16,0.7025006967802675,word2vec
178,0.19292120027096027,0.24320453158710376,16,0.7020455645167397,word2vec
138,0.49040112103282996,0.3248987176427586,16,0.696862665662842,word2vec
154,0.32946194702919995,0.3378571694406973,4,0.6781989868914312,word2vec
160,0.14224377788902126,0.22678858365348323,16,0.7025006967802675,word2vec
174,0.28114877488581025,0.3905421009034943,16,0.6988154105368073,word2vec
164,0.22727608429485857,0.30331576130875876,16,0.7025006967802675,word2vec
169,0.28153123347566367,0.32008973981014943,16,0.7025006967802675,word2vec
149,0.3543595565385058,0.31516145639634463,16,0.696862665662842,word2vec
182,0.43325674424369065,0.28807420243958803,16,0.7020455645167397,word2vec
192,0.08796444356059836,0.3454298104620643,16,0.7020455645167397,word2vec
163,0.18700883328808998,0.2756465122108994,16,0.7025006967802675,word2vec
158,0.6684283383331406,0.33333090573062213,16,0.696862665662842,word2vec
169,0.5602808941817399,0.35818047716475465,16,0.7025006967802675,word2vec
175,0.3225344849582348,0.2992683796763993,8,0.6911546156123936,word2vec
154,0.14452079967019318,0.2519796268155623,16,0.696862665662842,word2vec
171,0.3805993262971823,0.28409932110104824,16,0.7025006967802675,word2vec
179,0.40271387706100426,0.2886647809205986,16,0.7020455645167397,word2vec
166,0.25562262219499643,0.3140079511687582,16,0.7025006967802675,word2vec
185,0.4817086793531094,0.26576866175362096,16,0.7020455645167397,word2vec
160,0.3087287702949128,0.30791836572043324,2,0.615143469604041,word2vec
173,0.2140431863206322,0.2794707178032876,16,0.7025006967802675,word2vec
169,0.3679039444952169,0.29514970918944183,16,0.7025006967802675,word2vec
164,0.44132635069025494,0.3262385573282389,16,0.7025006967802675,word2vec
157,0.16108682632880628,0.2642143642227215,4,0.6751974747810452,word2vec
107,0.22124076522887975,0.3191963808304527,16,0.688585114160878,word2vec
175,0.4044654943257444,0.2726475044486055,16,0.7009889302020865,word2vec
167,0.4530700928567406,0.2891670557760044,16,0.7025006967802675,word2vec
151,0.5807419480194833,0.24076783616268818,16,0.6612589161896041,word2vec
181,0.517203952296251,0.30758147701459465,16,0.7020455645167397,word2vec
164,0.33466668554546475,0.2967525576391679,16,0.7025006967802675,word2vec
169,0.6057590253344809,0.25300607798621255,16,0.7025006967802675,word2vec
172,0.2545704373934805,0.27951162058194035,16,0.7025006967802675,word2vec
160,0.2823417888797016,0.33512546053354664,16,0.696862665662842,word2vec
142,0.4854107966623108,0.2663621247534968,16,0.696862665662842,word2vec
59,0.09778362248606019,0.1844670419520763,16,0.6455740358123242,word2vec
167,0.32324335571131246,0.30700802478307887,16,0.7025006967802675,word2vec
177,0.3542258927013987,0.3021469180442098,16,0.7009889302020865,word2vec
162,0.40559826234628577,0.32342503660171734,16,0.696862665662842,word2vec
167,0.2795975879844591,0.2847950088130764,16,0.7025006967802675,word2vec
155,0.18673254105414822,0.34963734882296427,8,0.6950166623673613,word2vec
174,0.2306563854998078,0.3166584572536299,16,0.7009889302020865,word2vec
158,0.05671087043711147,0.2944208978720234,2,0.615143469604041,word2vec
188,0.4493995749536549,0.3412323716112437,16,0.7020455645167397,word2vec
39,0.5400146511593304,0.3309441565173116,16,0.5008399983554747,word2vec
170,0.31005124276747037,0.1443589389176225,16,0.7025006967802675,word2vec
163,0.7474837221265602,0.23410023267961455,16,0.696862665662842,word2vec
179,0.6625369905293714,0.30356652784334826,16,0.7020455645167397,word2vec
171,0.8328451132368785,0.2682095145035163,16,0.7025006967802675,word2vec
167,0.8688395653515483,0.2868559382700207,16,0.7025006967802675,word2vec
176,0.14431000110529704,0.2194090588917515,16,0.7009889302020865,word2vec
183,0.7377340296374435,0.25678380754733865,4,0.6936855632395279,word2vec
163,0.6455047052908829,0.281021199486332,16,0.696862665662842,word2vec
152,0.36510239598837596,0.2025816747946273,16,0.696862665662842,word2vec
171,0.6088323809972452,0.3156594036030716,16,0.7025006967802675,word2vec
158,1.0118679248855498,0.2961775880752663,16,0.6537564910327283,word2vec
162,0.24319382174351842,0.30552591648035565,16,0.7025006967802675,word2vec
166,0.6942856776707874,0.2750288527785285,16,0.7025006967802675,word2vec
172,0.19571341629468322,0.28958923002063097,16,0.7025006967802675,word2vec
169,0.27543621919598743,0.30873704118686596,16,0.7025006967802675,word2vec
160,0.3153995949809394,0.3237799465573874,16,0.696862665662842,word2vec
91,0.12919311250450227,0.3130498678842018,16,0.688585114160878,word2vec
155,0.4014359189007476,0.296919301121177,16,0.696862665662842,word2vec
176,0.23774683317433626,0.26473833068027336,16,0.7009889302020865,word2vec
148,0.3526482796908865,0.24604262231227292,8,0.6950166623673613,word2vec
165,0.5508483227932727,0.33131491567436694,16,0.7025006967802675,word2vec
164,0.16784248600172405,0.27410130780209924,16,0.7025006967802675,word2vec
169,0.20387202114498043,0.24002767470494324,16,0.7025006967802675,word2vec
161,0.2705574146814441,0.2559178561232775,16,0.696862665662842,word2vec
175,0.17441285122257263,0.18908038009705858,16,0.7009889302020865,word2vec
167,0.1010526359885096,0.2806707870509114,16,0.7025006967802675,word2vec
180,0.47712832097453056,0.2136703062521943,2,0.615143469604041,word2vec
173,0.22149905445969714,0.29334292141008433,16,0.7025006967802675,word2vec
157,0.3147559657356048,0.30371101842661324,16,0.696862665662842,word2vec
164,0.4271043309731214,0.2258284411023071,16,0.7025006967802675,word2vec
169,0.2787266561392207,0.2532230150977525,16,0.7025006967802675,word2vec
161,0.14936228067459406,0.36505259067073736,16,0.7025006967802675,word2vec
165,0.17298435882759164,0.3452712406882055,16,0.7025006967802675,word2vec
159,0.24391289051359794,0.3192560002064746,16,0.696862665662842,word2vec
172,0.08331280175097808,0.3541123374018357,16,0.7025006967802675,word2vec
154,0.3577632401859312,0.2873236873558919,4,0.6781989868914312,word2vec
167,0.12838504550689878,0.30245529077900557,16,0.7025006967802675,word2vec
162,0.19402171110593877,0.3410010448975071,16,0.7025006967802675,word2vec
178,0.31424220801764335,0.27175675841250296,16,0.7020455645167397,word2vec
170,0.8032350661314402,0.1663240635191284,16,0.7025006967802675,word2vec
174,0.25571856861144127,0.31248716863458564,16,0.7009889302020865,word2vec
164,0.20806581661299794,0.3141377239592728,16,0.7025006967802675,word2vec
172,0.1694188580460029,0.3253746206906785,16,0.7025006967802675,word2vec
168,0.050719807053937034,0.3311568407879054,16,0.7025006967802675,word2vec
156,0.5133158162031171,0.2996903477104369,16,0.696862665662842,word2vec
161,0.22538415428516717,0.28301264280065364,16,0.696862665662842,word2vec
176,0.12246507080178311,0.35539713497511255,16,0.7009889302020865,word2vec
166,0.7112962633857522,0.3214688053830481,16,0.7025006967802675,word2vec
171,0.30600095009380057,0.2922816165637476,16,0.7025006967802675,word2vec
183,0.37834439354348337,0.2647210369684704,16,0.7020455645167397,word2vec
158,0.6353084401131546,0.30692744592499344,8,0.6950166623673613,word2vec
166,0.23323844654877696,0.3068200373676837,16,0.7025006967802675,word2vec
163,0.26836719312181234,0.2927195713203146,16,0.7025006967802675,word2vec
170,0.19447943698607084,0.3359434513551785,16,0.7025006967802675,word2vec
174,0.5684903202898131,0.23374652384667324,16,0.7009889302020865,word2vec
167,0.29584125435107467,0.3204444728896526,16,0.7025006967802675,word2vec
161,0.8860247287058489,0.2781381979147108,16,0.696862665662842,word2vec
180,0.3410485742396427,0.3787444382801741,16,0.7016229942337601,word2vec
152,0.15183852262439185,0.30188335470589023,2,0.615143469604041,word2vec
169,0.2525585325981293,0.3443006619273061,16,0.7025006967802675,word2vec
130,1.313559133235895,0.10488083789365524,4,0.5832356624958265,tfidf
30,0.1436800978399065,0.4529768978942802,2,0.4630573426742033,tfidf
23,1.6217797194761738,0.5643982718579175,16,0.4243972640796713,tfidf
183,0.3028317937712094,0.19392190442976767,16,0.6602216741638814,tfidf
117,0.6841356183662323,0.5279007207632833,16,0.5656150079276243,tfidf
175,1.3703155103484017,0.32689225862688653,4,0.5290357259221645,tfidf
10,1.0281541318639134,0.5745099798950848,2,0.38549412822249,tfidf
27,0.29121986344862905,0.2621401974852836,8,0.454902893734916,tfidf
97,1.6321032969143443,0.48906398423727004,4,0.5259993945170575,tfidf
88,0.12140297353687719,0.3881775155644235,2,0.5967873705598766,tfidf
192,0.569927402580384,0.17627816052731862,16,0.6602216741638814,tfidf
194,0.5199311474981138,0.1983812964583475,16,0.6334415951247838,tfidf
157,0.622754034815135,0.1733837714741077,16,0.633464596419113,tfidf
149,0.43909057930253326,0.2563385973786002,16,0.6114506119226943,tfidf
190,0.7785782703911455,0.11099713365319597,8,0.624065544899136,tfidf
159,0.05116229489770252,0.20359163352479964,16,0.6306470133694322,tfidf
57,0.3571964672368644,0.31058446529915623,16,0.5136825918469858,tfidf
134,0.9227187896917624,0.15774873437449224,16,0.5986566675055989,tfidf
173,0.43552181598824014,0.23780415800266722,8,0.6456845048781978,tfidf
72,0.3144373555602885,0.14144552853531273,16,0.5542009081373004,tfidf
177,0.5967383185766134,0.289658902152798,16,0.6167740156722229,tfidf
176,0.4691779509083022,0.22778313581191564,8,0.6339492736453222,tfidf
165,0.252738909166429,0.2343850389883677,8,0.6456845048781978,tfidf
141,0.4534151056137108,0.18834702081502105,8,0.639725793078493,tfidf
194,0.7597571239892892,0.14647206104649674,8,0.6293085526620017,tfidf
177,0.2245053096678584,0.2685722377403209,8,0.6358598537261502,tfidf
117,0.3741604066941948,0.22317607008222615,2,0.6476269773348874,tfidf
117,0.21749433215368796,0.20961039986589844,2,0.6476269773348874,tfidf
116,0.05856623465429878,0.3630903088925712,2,0.6415726834207396,tfidf
54,1.9617614905372953,0.11035393749215514,4,0.47232329904066056,tfidf
129,0.5699425417693729,0.17116783111163694,2,0.6476269773348874,tfidf
106,0.20347491047560728,0.1956839858048952,2,0.6123970725745199,tfidf
83,0.361455952341354,0.21623088366257792,2,0.5549375867932547,tfidf
124,0.2150569829897035,0.12802863038341683,2,0.6476269773348874,tfidf
148,0.35289704641259867,0.1549403145898357,2,0.6426623799208632,tfidf
101,0.21183370925829612,0.21313004924212353,2,0.5993204297940915,tfidf
116,0.666779610057193,0.17714599911980133,16,0.5900703252447526,tfidf
185,0.5205707488388478,0.2871458963112059,4,0.6381306250577169,tfidf
47,0.10118636468144382,0.24330262322688043,2,0.5049132727465325,tfidf
75,0.16713474328071692,0.12700442047866636,16,0.5877663596002265,tfidf
145,0.31810102121736394,0.10135290160809142,2,0.6426623799208632,tfidf
133,0.5515031121861447,0.17135869719014968,2,0.6204806624343051,tfidf
123,0.41699080124924975,0.18360426914481445,2,0.6476269773348874,tfidf
108,0.571358055404182,0.21645875667158077,2,0.6144165728305,tfidf
165,0.27208809266182576,0.16304422936025093,2,0.6533500228983412,tfidf
167,0.1694355755792631,0.20354204864616005,4,0.6249677725759204,tfidf
159,0.14166354683955143,0.13842325493014923,16,0.6593342289741356,tfidf
184,0.11808382723453925,0.13190149823754,16,0.6334415951247838,tfidf
158,0.28100612250283274,0.16165664574428262,16,0.6593342289741356,tfidf
155,0.2848456662298958,0.15743065320889224,16,0.6685993209255009,tfidf
156,0.30536365442169366,0.1456465158060952,16,0.6685993209255009,tfidf
152,0.2699650354988463,0.15304627096152024,16,0.6685993209255009,tfidf
154,0.05718264127311801,0.13422574723096328,16,0.6685993209255009,tfidf
152,0.07945513697806378,0.11643658284318621,16,0.6685993209255009,tfidf
152,0.06720427203820731,0.1150424366355575,16,0.6685993209255009,tfidf
140,0.10254330402171788,0.10077304518256466,16,0.6704374270026565,tfidf
143,0.13209051420411197,0.10084547289722384,16,0.6467869299306961,tfidf
136,0.08039033547684304,0.12376404750691221,16,0.6704374270026565,tfidf
132,0.2805638259027702,0.1467881827288193,16,0.6114506119226943,tfidf
141,0.17046374654467075,0.12530551463259787,16,0.6467869299306961,tfidf
138,0.408713670866431,0.14006306117769307,16,0.6114506119226943,tfidf
153,0.08483338918985173,0.10969901079132129,16,0.6685993209255009,tfidf
167,0.06926542446334019,0.12434108361568388,16,0.6602216741638814,tfidf
155,0.05139798680267721,0.1530064222334115,16,0.6685993209255009,tfidf
149,0.15102666921173763,0.11738317238442121,16,0.6470352104971131,tfidf
137,0.2541915057110736,0.10095777832461843,16,0.6467869299306961,tfidf
172,0.3305195267052216,0.188015150582531,16,0.6593342289741356,tfidf
8,0.4870599386682734,0.14381235636321033,16,0.3877294187657257,tfidf
162,0.20796737408323587,0.16224168471398123,16,0.6593342289741356,tfidf
171,0.1313304254121314,0.12051407520198087,16,0.6602216741638814,tfidf
124,0.3061107458942234,0.14070586945495017,16,0.6255138259588516,tfidf
151,0.10122317591864566,0.11635815676252301,16,0.6470352104971131,tfidf
154,0.07821518061894225,0.13172318172045927,16,0.6685993209255009,tfidf
145,0.05433419898188431,0.1160249232148721,16,0.6704374270026565,tfidf
145,0.23412261872353107,0.14977776712733032,16,0.6467869299306961,tfidf
161,0.18815054074515988,0.1713845587118128,16,0.6593342289741356,tfidf
128,0.38527713666632835,0.1015366690076248,16,0.6255138259588516,tfidf
139,0.24324726195433966,0.19136030113474345,4,0.5863446624875762,tfidf
180,0.1399232598302781,0.13106878450851822,16,0.6602216741638814,tfidf
145,0.05079635731906398,0.15538202911842486,16,0.6704374270026565,tfidf
145,0.3398576581411683,0.17801311585466756,16,0.6467869299306961,tfidf
135,0.05660364613569975,0.15591708652635697,16,0.6704374270026565,tfidf
137,0.18615699611295733,0.15428013855272585,16,0.6467869299306961,tfidf
130,0.05119594005335727,0.1621829147406319,16,0.6607442941380782,tfidf
147,0.12428201517573859,0.19828626538710292,16,0.6470352104971131,tfidf
111,0.1747124621725495,0.13737145776706303,8,0.5836015547482479,tfidf
157,0.2509627276248949,0.1826194069881454,16,0.6685993209255009,tfidf
127,0.1101246121590983,0.16826168000977695,16,0.6607442941380782,tfidf
134,0.2115525339585558,0.1493353739055209,16,0.6114506119226943,tfidf
163,0.30620338073312336,0.1152085418258259,16,0.6593342289741356,tfidf
121,0.0516884031311799,0.13145019249721293,4,0.5753523761215669,tfidf
150,0.10736232856260321,0.11148634315036215,16,0.6470352104971131,tfidf
142,0.15797838730405245,0.1235650568287247,16,0.6467869299306961,tfidf
19,0.10036374253669843,0.15374526560174226,16,0.43284029287590764,tfidf
170,0.2663125552699533,0.14050679931422272,16,0.6593342289741356,tfidf
156,0.17475797010696642,0.10766394962041012,16,0.6685993209255009,tfidf
147,0.09563961194139467,0.12189577639221018,16,0.6470352104971131,tfidf
135,0.13981847349028,0.17399996269188864,8,0.6464678372915175,tfidf
93,0.05018026427032135,0.1619459228730632,16,0.5871280356400603,tfidf
142,0.1955716091862677,0.13481379722329706,16,0.6467869299306961,tfidf
167,0.23427441111790395,0.10936274246689012,16,0.6593342289741356,tfidf
151,0.08536036910213088,0.11559757129155948,16,0.6470352104971131,tfidf
154,0.15123419673124888,0.10056915175165743,16,0.6685993209255009,tfidf
160,0.0873968048998081,0.12650147697058867,16,0.6593342289741356,tfidf
139,0.0517491886783752,0.1472623922680885,16,0.6704374270026565,tfidf
139,0.28012770285992317,0.14964682328358847,16,0.6467869299306961,tfidf
131,0.12771413613927607,0.14278586758967735,16,0.6467869299306961,tfidf
148,0.38119875550896687,0.18773684206490263,16,0.6114506119226943,tfidf
143,0.21566353323011705,0.15797861366763633,4,0.5863446624875762,tfidf
158,0.16690651328049658,0.20670464221317014,16,0.6685993209255009,tfidf
136,0.09640115891864207,0.16840181777612967,16,0.6704374270026565,tfidf
120,0.08525758782720769,0.16896964693844835,16,0.6332242667641874,tfidf
126,0.11988684045010756,0.13438980428757286,16,0.6332242667641874,tfidf
135,0.05754276797562943,0.1792040726417789,16,0.6704374270026565,tfidf
136,0.19928507779433946,0.18134426146988694,16,0.6467869299306961,tfidf
133,0.05574261803071809,0.19606960662390935,16,0.6704374270026565,tfidf
132,0.3172126273982947,0.19328420421206965,16,0.6114506119226943,tfidf
144,0.050724274415773984,0.20025687978254064,16,0.6704374270026565,tfidf
141,0.05203901247756702,0.20922530437909936,8,0.6508683469806958,tfidf
127,0.14807304858996065,0.22338840785613873,16,0.6607442941380782,tfidf
115,0.10517373819227013,0.20123099833893446,16,0.6332242667641874,tfidf
145,0.13239020064889573,0.16920659654133793,16,0.6467869299306961,tfidf
138,0.17095923000202107,0.15742658202670326,16,0.6467869299306961,tfidf
132,0.2289821387835531,0.17945807637744443,16,0.6114506119226943,tfidf
147,0.09170937706202303,0.1464798701954295,16,0.6470352104971131,tfidf
135,0.05613097747531145,0.19112124744709327,16,0.6704374270026565,tfidf
135,0.058830589493163395,0.230725537636708,16,0.6704374270026565,tfidf
121,0.05533730617747709,0.23388486845673256,16,0.6332242667641874,tfidf
135,0.11221033046955012,0.19796996085936241,16,0.6467869299306961,tfidf
125,0.0835619169860343,0.21655550535415838,16,0.6332242667641874,tfidf
140,0.14969770357196371,0.187908883774844,4,0.5863446624875762,tfidf
129,0.053572383136638105,0.1741244434346918,16,0.6607442941380782,tfidf
135,0.1904897371813412,0.16609975361605583,16,0.6467869299306961,tfidf
143,0.11926918128952857,0.19109431591600876,16,0.6467869299306961,tfidf
138,0.08932000308041033,0.18287298551916215,16,0.6704374270026565,tfidf
131,0.050440203004135216,0.21446717419544753,16,0.6467869299306961,tfidf
140,0.10236420526151566,0.24563135320728452,16,0.6704374270026565,tfidf
138,0.09244974310798654,0.2433408762791634,16,0.6704374270026565,tfidf
134,0.15508665851463127,0.224690223363817,16,0.6467869299306961,tfidf
144,0.12010391230819922,0.20012806972501374,16,0.6467869299306961,tfidf
129,0.191220866627352,0.24927634498036438,16,0.6607442941380782,tfidf
139,0.08444567336529868,0.23564878995654864,16,0.6704374270026565,tfidf
137,0.09924490944172491,0.2583590289457663,16,0.6704374270026565,tfidf
141,0.14067467202274903,0.2753271102725223,16,0.6467869299306961,tfidf
149,0.05061169031348906,0.22699392410919067,16,0.6470352104971131,tfidf
124,0.10050909999473212,0.24388568066596067,16,0.6332242667641874,tfidf
39,0.1671280271459005,0.1814701149278744,8,0.4909246028769764,tfidf
133,0.05087600276599053,0.20606384873688358,16,0.6704374270026565,tfidf
146,0.22817680675112506,0.21662629737095868,16,0.6467869299306961,tfidf
138,0.12031194412929522,0.19370199175142158,16,0.6467869299306961,tfidf
129,0.08662919945173514,0.17672137287728162,16,0.6607442941380782,tfidf
140,0.07604866980377836,0.2356695131342257,16,0.6704374270026565,tfidf
137,0.09095613989177301,0.23931133889510198,16,0.6704374270026565,tfidf
143,0.1398842631139966,0.26724800147964345,16,0.6467869299306961,tfidf
134,0.1833914334210931,0.2463059475487257,16,0.6114506119226943,tfidf
149,0.9484634683660708,0.2539442961201753,16,0.6171659100983162,tfidf
139,0.08743079438373734,0.2163134637274835,16,0.6704374270026565,tfidf
145,0.05106456109746549,0.20530748036996033,16,0.6704374270026565,tfidf
120,0.12834062457357734,0.2264316523721376,16,0.6332242667641874,tfidf
130,0.7995464671336173,0.1635424733166717,4,0.5648609880554886,tfidf
136,0.16567275244433816,0.23180799846964106,16,0.6467869299306961,tfidf
140,0.1000672922838246,0.25515674768783597,16,0.6704374270026565,tfidf
137,0.09801931453147104,0.23785529002507871,16,0.6704374270026565,tfidf
126,0.12249063969604387,0.2507808598630103,16,0.6332242667641874,tfidf
133,1.163982881581538,0.2613540620166984,16,0.5677989012218828,tfidf
145,0.050020436285373525,0.3129866886888702,16,0.6704374270026565,tfidf
141,0.2036304026431202,0.2764092340378324,16,0.6467869299306961,tfidf
151,0.08462161421563169,0.18794985775934994,16,0.6470352104971131,tfidf
136,0.13730999565213725,0.2011096728545038,16,0.6467869299306961,tfidf
130,0.24152572590236346,0.2608655043698752,16,0.6255138259588516,tfidf
142,0.49668008243804046,0.22318869347459588,2,0.6426623799208632,tfidf
135,0.0749397983424249,0.2061456215769622,16,0.6704374270026565,tfidf
132,0.08718285427990148,0.2133364220289889,16,0.6467869299306961,tfidf
138,0.05233073959514733,0.18485105878830918,16,0.6704374270026565,tfidf
147,0.15670538319138266,0.1742864996544083,16,0.6704374270026564,tfidf
133,0.1146440188548066,0.24229246881816344,16,0.6467869299306961,tfidf
128,0.0505024483172408,0.20615515481236862,16,0.6607442941380782,tfidf
123,0.11359436055350794,0.34512170252239044,8,0.6325609904494809,tfidf
143,0.16688023444152716,0.23014006493616374,16,0.6467869299306961,tfidf
139,0.44464938033014845,0.12412958833070123,16,0.6114506119226943,tfidf
132,0.6146159492527313,0.19751390935310348,16,0.6251047117968502,tfidf
140,0.08854660395713945,0.23465301667466987,16,0.6704374270026565,tfidf
137,0.07962701144123961,0.15525429710743496,16,0.6704374270026565,tfidf
146,0.12453871720003981,0.25233926878699053,16,0.6467869299306961,tfidf
74,0.08211721354294088,0.23805308444507717,16,0.5875050401109052,tfidf
140,0.05150674127642565,0.21727030672059378,16,0.6704374270026565,tfidf
62,0.15148008315580977,0.1424222738979807,16,0.5445835892546358,tfidf
150,0.11024685551794494,0.1669125008394866,16,0.6470352104971131,tfidf
134,0.050013765574768596,0.1917483620301297,16,0.6704374270026565,tfidf
142,0.19532953028152,0.2888176299532772,16,0.6467869299306961,tfidf
129,0.1436950312344052,0.22363749052708826,16,0.6607442941380782,tfidf
137,0.08577784373748114,0.2453612922027891,16,0.6704374270026565,tfidf
137,0.09502555439910765,0.23846864909970222,16,0.6704374270026565,tfidf
142,0.08806385988132825,0.23240180224713222,16,0.6704374270026565,tfidf
133,0.05039251672113388,0.1827202539790954,16,0.6704374270026565,tfidf
146,0.11859910952074684,0.26689249970009865,16,0.6467869299306961,tfidf
125,0.1475774271817174,0.40221130199408867,16,0.6261255351266722,tfidf
138,0.17307666778923844,0.244150942995515,4,0.5863446624875762,tfidf
144,0.5199951503784509,0.21015765383992777,16,0.6114506119226943,tfidf
135,0.08964185645727697,0.11386791595637166,16,0.6704374270026565,tfidf
122,1.2664454477052034,0.10270007743590928,16,0.6631088745942564,fasttext
86,1.6414518805070906,0.26756583149612156,2,0.5717285432106268,fasttext
117,1.4328807520914864,0.17492700824788657,2,0.6260266491626285,fasttext
154,1.9848750444519818,0.14078230946655626,16,0.6166248545732391,fasttext
156,0.34771259367898205,0.565853786114952,8,0.6729020286711107,fasttext
52,1.1733769946684005,0.5585766967284385,4,0.5176121244687274,fasttext
115,1.4122798975427528,0.21197993667436946,16,0.639142123443254,fasttext
93,0.3192036878149632,0.1115215615208375,4,0.7195838261887701,fasttext
57,1.1034156888467583,0.12897405454868247,4,0.5519140357359992,fasttext
87,0.2900324582968101,0.14123832533329148,8,0.681758210090757,fasttext
10,0.7188855211528671,0.33749428563936523,4,0.4071148757677678,fasttext
82,0.13900042737780724,0.24025941467573367,8,0.7131875171354357,fasttext
56,0.058580809395663735,0.22893635838010631,8,0.6257831673872101,fasttext
16,0.7048457409549436,0.2927969150990267,8,0.43884194249572195,fasttext
78,0.06529778440130247,0.20778082373313694,4,0.6661844342740211,fasttext
139,0.621759352270963,0.38418922264789884,4,0.7206863028707516,fasttext
184,0.6268769748882065,0.4212835670627606,4,0.7123220221650027,fasttext
145,0.8552830752188803,0.40085361329961594,4,0.7101555605826643,fasttext
192,0.4975674783307419,0.31111528372152897,4,0.762948008748515,fasttext
192,0.5453323253195383,0.3330793099620526,4,0.762948008748515,fasttext
192,0.9077050391194885,0.3168832530519579,2,0.7090476883977437,fasttext
170,0.4865560213057099,0.3768311916037222,4,0.7494659865271404,fasttext
175,0.5709229341026487,0.35696497379279046,4,0.7612657903600136,fasttext
176,0.48154889995448524,0.3240842863813849,4,0.7612657903600136,fasttext
193,0.79908325818701,0.2742705564457702,4,0.762948008748515,fasttext
163,0.8350339511175168,0.28971668707435705,4,0.7203550607125444,fasttext
194,1.028324534919648,0.2738592208099008,4,0.7192038544368775,fasttext
136,0.7723758332852823,0.43295258158485256,4,0.6839715892861141,fasttext
186,0.9322380723296655,0.24928500838560974,2,0.7090476883977437,fasttext
126,0.48085448485114335,0.3089469169567313,16,0.7167669101493448,fasttext
165,0.7522469365095301,0.33831596665192526,16,0.743389947176242,fasttext
175,0.5223093330570143,0.36088426768075604,4,0.7612657903600136,fasttext
182,0.6673020090570498,0.2691738364277433,4,0.7612657903600136,fasttext
195,0.5807942414449833,0.3470304986617346,4,0.762948008748515,fasttext
195,0.9734099101459885,0.29991774800834314,2,0.7216911710919909,fasttext
151,0.41121937154417143,0.2585244418988216,4,0.7496047811703839,fasttext
166,0.5845596402207364,0.33657764974212895,4,0.7501317735278493,fasttext
182,0.8086673510032528,0.29185748346876184,16,0.7545681249493007,fasttext
157,0.24938619328242706,0.18630479054141952,4,0.7501317735278493,fasttext
194,0.3753567635593004,0.4451954410492927,2,0.6753113798307391,fasttext
111,0.40507761036435713,0.2669083961639123,4,0.6928187722161102,fasttext
177,0.6490018990563761,0.3527812736693853,4,0.7612657903600136,fasttext
171,0.558103566606974,0.35866854394185815,4,0.7501317735278493,fasttext
187,0.5841691660776971,0.32785467946105584,4,0.7612657903600136,fasttext
162,0.7216513411638263,0.3085409145881738,4,0.7243016088280593,fasttext
179,0.24332363211725377,0.37884869436023627,4,0.7602927424829822,fasttext
151,0.46109842204245266,0.2345860463599429,8,0.7325060662542355,fasttext
30,0.3109373102459315,0.34650852828589357,4,0.49266171349730575,fasttext
188,0.5467519662021558,0.2831471606448306,16,0.7545681249493007,fasttext
195,0.6548411727961814,0.31321340129294156,4,0.762948008748515,fasttext
102,0.7178453247769939,0.3182374253885598,8,0.6993394297665972,fasttext
195,0.6140703841769705,0.3056277698869382,4,0.762948008748515,fasttext
195,0.6550550675762277,0.30228713041653044,4,0.762948008748515,fasttext
186,0.8670526221859824,0.2778254769116698,4,0.7192038544368775,fasttext
171,0.7974313152803757,0.2239560722384032,4,0.72216820122929,fasttext
186,0.6405401171538374,0.25936564741235507,4,0.7612657903600136,fasttext
179,0.42408681549386607,0.24711118233209184,4,0.7612657903600136,fasttext
158,0.5200002356993724,0.3245147332387399,4,0.7380520408520385,fasttext
189,0.7537812027564784,0.2853771199915172,4,0.7612657903600136,fasttext
168,0.3666459735806327,0.31368117170746884,2,0.7094299622459358,fasttext
145,0.6894359598889036,0.33884535480927935,8,0.7139591826925995,fasttext
193,0.6282483323896607,0.2973424129946543,4,0.762948008748515,fasttext
193,0.68066125283925,0.3053073030784663,4,0.762948008748515,fasttext
69,0.4726110059006748,0.32249703877368485,4,0.6266515117538253,fasttext
195,0.814717588806143,0.2781177693423132,4,0.762948008748515,fasttext
181,0.5937910307790559,0.3709588175462065,4,0.7609384890804949,fasttext
173,0.5436336391788639,0.3006449815288717,4,0.7612657903600136,fasttext
185,0.8690142919584545,0.395229262885678,4,0.7280671610000774,fasttext
190,0.7325115262471081,0.3471081649871005,16,0.7545681249493007,fasttext
178,0.6283735203869671,0.25817010118143624,4,0.7612657903600136,fasttext
195,0.4981524832240129,0.29148219296976163,4,0.762948008748515,fasttext
189,0.6148029339618746,0.30140752460749587,4,0.7612657903600136,fasttext
184,0.686618976354794,0.3304794707540545,4,0.7192038544368775,fasttext
190,0.7711066890668943,0.3133416608648226,4,0.7192038544368775,fasttext
181,0.44180673341920057,0.274297937159129,4,0.7612657903600136,fasttext
195,0.5918674338673918,0.2933518454881714,2,0.7216911710919909,fasttext
174,0.6565549812183612,0.3362548420436568,4,0.7612657903600136,fasttext
168,0.528414367013813,0.36533034484791366,4,0.7501317735278493,fasttext
38,0.7728018252978727,0.24562602366302197,4,0.5014149161889316,fasttext
190,0.5720127245073693,0.3554817030607188,4,0.7612657903600136,fasttext
125,0.9108384162856972,0.31338195874704905,8,0.7218173235696635,fasttext
195,0.664799700465039,0.30591216512388125,4,0.762948008748515,fasttext
182,0.7158586540524561,0.294222492400818,4,0.7192038544368775,fasttext
191,0.5044499294895537,0.3253290533322111,4,0.7612657903600136,fasttext
177,0.6806146215460551,0.34527839339876715,4,0.7612657903600136,fasttext
187,0.6335197682744225,0.27030272327043836,4,0.7612657903600136,fasttext
162,0.5674349955498051,0.3047018067357444,16,0.743389947176242,fasttext
184,0.45554137252056326,0.3333740294155322,4,0.7612657903600136,fasttext
191,0.8111805583708998,0.2843106878536956,4,0.7192038544368775,fasttext
173,0.7459282555302137,0.31848123707106907,4,0.7412539532185477,fasttext
180,0.39383468672167554,0.2651941250820885,4,0.7612657903600136,fasttext
195,0.8621211997102706,0.28061133411886996,4,0.762948008748515,fasttext
192,0.7983290117551415,0.3005876968158924,4,0.7205785226304968,fasttext
185,0.6153718602533007,0.27854496603879314,4,0.7612657903600136,fasttext
195,0.6940104294460929,0.2523242078288111,2,0.7216911710919909,fasttext
188,0.8369826177358913,0.2887001811788763,4,0.7192038544368775,fasttext
177,0.540765215340936,0.3099852983184975,4,0.7612657903600136,fasttext
190,0.6708987751913761,0.26869049755301044,4,0.7192038544368775,fasttext
183,0.950184450134407,0.32543243563473945,4,0.7192038544368775,fasttext
192,0.7326292819535357,0.34518541620092996,8,0.7187099729636698,fasttext
185,0.6020455546641305,0.23722123780250426,4,0.7612657903600136,fasttext
195,0.4872095026476062,0.29631348717502065,4,0.762948008748515,fasttext
195,0.5096182237768334,0.292361493913448,4,0.762948008748515,fasttext
187,0.5301180518105456,0.31756136200158824,4,0.7612657903600136,fasttext
182,0.6405479763765942,0.28124661165439097,4,0.7612657903600136,fasttext
191,0.4308694137174951,0.2582446539029617,16,0.7545681249493007,fasttext
178,0.3462523490731298,0.304511274442191,4,0.7612657903600136,fasttext
94,0.5632426953701849,0.2896443194810235,4,0.6620331848937493,fasttext
171,0.7099682596696637,0.32860787186229784,4,0.72216820122929,fasttext
134,0.4777130048845797,0.34082786562812856,4,0.7231607209824019,fasttext
188,0.5988141136777697,0.3539635914326624,2,0.707482631041211,fasttext
192,0.6703574536261724,0.3079565008212344,4,0.762948008748515,fasttext
195,0.6640867002083748,0.3000732788646182,4,0.762948008748515,fasttext
187,0.7632964635370233,0.31897953656645384,4,0.7192038544368775,fasttext
181,0.6277495017790395,0.27885515471982764,4,0.7612657903600136,fasttext
192,0.5694517337437287,0.30919032340174757,4,0.762948008748515,fasttext
195,0.708949787577091,0.333682687053053,4,0.762948008748515,fasttext
184,0.5097361701454555,0.2688528148574744,4,0.7612657903600136,fasttext
175,0.8267984334868514,0.2995035195594937,4,0.7412539532185477,fasttext
189,0.7895166886101492,0.3243559822917071,4,0.7192038544368775,fasttext
113,0.6426955092102822,0.28743974886562296,8,0.6997743370536262,fasttext
195,0.9907179075023307,0.28159024977250047,4,0.7205785226304968,fasttext
192,0.9052666656241339,0.27626519372588965,4,0.7205785226304968,fasttext
186,0.8441980249205512,0.31474263178984735,4,0.7192038544368775,fasttext
180,0.761740417099173,0.2624903797174642,4,0.7612657903600136,fasttext
189,0.8717205167651358,0.24931792534525044,4,0.7192038544368775,fasttext
195,0.6929752741340146,0.3378376668381828,4,0.762948008748515,fasttext
184,0.587935548606043,0.29364872978267537,4,0.7612657903600136,fasttext
192,0.7363151343199398,0.3094673018390544,16,0.7545681249493007,fasttext
187,0.4407810530533596,0.27226517375297477,4,0.762948008748515,fasttext
6,0.5387626986419634,0.2868260791168526,4,0.3789293359019623,fasttext
195,0.4934682162279389,0.29945978434841175,4,0.762948008748515,fasttext
66,0.6063950607479143,0.29430687717411375,4,0.6254628811733361,fasttext
195,0.49454628388695165,0.31905611092198316,4,0.762948008748515,fasttext
190,0.6511516302201823,0.3065815398896424,4,0.7612657903600136,fasttext
182,0.5670111733343275,0.3266675787770978,4,0.7612657903600136,fasttext
192,0.7980403719366149,0.25826401843863755,4,0.7205785226304968,fasttext
187,0.39789475966762144,0.2817838659485647,4,0.762948008748515,fasttext
178,0.4482129205583034,0.36584069373061345,4,0.7612657903600136,fasttext
195,0.6843974725954283,0.29452920834955876,4,0.762948008748515,fasttext
190,0.5302848893578722,0.2716978330733573,2,0.7216911710919909,fasttext
195,0.48209432615112063,0.29511223954212307,4,0.762948008748515,fasttext
185,0.6303319323539855,0.30369382063310646,4,0.7612657903600136,fasttext
191,0.5052811068614131,0.2871910099942856,4,0.7612657903600136,fasttext
188,0.5559350869164579,0.31745580201775,4,0.7612657903600136,fasttext
195,0.6028364253162963,0.3322138676818557,4,0.762948008748515,fasttext
183,0.7033895265608193,0.30962861925424817,4,0.7612657903600136,fasttext
191,0.6564708592742645,0.27668585511150035,4,0.7612657903600136,fasttext
187,0.7574699186113264,0.35249362485655295,8,0.7187099729636698,fasttext
179,0.41902475832399744,0.26295565835352114,4,0.7612657903600136,fasttext
191,0.5301402977716084,0.29000270788385957,4,0.7612657903600136,fasttext
195,0.6759338170417176,0.31089978884549213,4,0.762948008748515,fasttext
192,0.6001250567882361,0.3017478043963466,4,0.762948008748515,fasttext
184,0.7312516249609557,0.3427220418966578,4,0.7192038544368775,fasttext
188,0.658453845008284,0.3220510583355532,4,0.7612657903600136,fasttext
192,0.4591429730153007,0.3042205781764377,4,0.762948008748515,fasttext
189,0.8128274875091797,0.33022456169244135,16,0.7545681249493007,fasttext
195,0.5705569739433894,0.28330197047117256,4,0.762948008748515,fasttext
184,0.6235767502755687,0.3154818358290448,4,0.7612657903600136,fasttext
181,0.37144531988264384,0.2957421172831906,4,0.7612657903600136,fasttext
192,0.7087563507280763,0.2695949007579522,4,0.7205785226304968,fasttext
192,0.667550983581541,0.30295012821715944,4,0.762948008748515,fasttext
195,0.7729613206151942,0.29396685592618466,4,0.762948008748515,fasttext
187,0.5739694416549399,0.311468747832226,4,0.7612657903600136,fasttext
195,0.8802664072068649,0.28373384418369574,4,0.762948008748515,fasttext
189,0.5167121436302325,0.3001927261492731,4,0.7612657903600136,fasttext
46,0.6361905126516828,0.3218950527014017,4,0.5533544959701784,fasttext
107,0.7367953282558035,0.33684134226973605,2,0.720198003880636,fasttext
186,0.6706810886464534,0.27661451438295415,4,0.7612657903600136,fasttext
195,0.6030730733146069,0.25229263852940975,4,0.762948008748515,fasttext
191,0.8311007288820066,0.29062754633984883,4,0.7192038544368775,fasttext
16,0.5613061322774272,0.3092019001325496,4,0.43848780456593706,fasttext
191,0.4714331406444811,0.3087836080302041,4,0.762948008748515,fasttext
192,0.5433284417468514,0.32469893583562004,4,0.762948008748515,fasttext
188,0.5850814769951135,0.2995471684152067,4,0.7612657903600136,fasttext
195,0.4934023431266815,0.31359909127476865,4,0.762948008748515,fasttext
183,1.0430846174640744,0.28617042575789114,4,0.7192038544368775,fasttext
186,0.6258921926066314,0.3471642283344198,4,0.7612657903600136,fasttext
191,0.6847891900907408,0.2743401690613424,8,0.7187099729636698,fasttext
195,0.7184930817187233,0.297168669098154,4,0.762948008748515,fasttext
189,0.5353490515174597,0.33076558169431025,4,0.7612657903600136,fasttext
195,0.7099319519334869,0.33370788800819656,4,0.762948008748515,fasttext
192,0.778923926791647,0.3187140566087312,4,0.7205785226304968,fasttext
188,0.6446321318622419,0.3053125955840636,4,0.7612657903600136,fasttext
195,0.6695846630765735,0.35901802830909013,4,0.762948008748515,fasttext
183,0.6006277238205129,0.29091592812542727,4,0.7612657903600136,fasttext
191,0.7535329178326193,0.3174939291283535,4,0.7192038544368775,fasttext
186,0.570204136784539,0.34106781510216283,16,0.7545681249493007,fasttext
79,0.7062307381891523,0.2635972824912931,4,0.6450016843231855,fasttext
191,0.8592560840682311,0.30682801310828645,4,0.7192038544368775,fasttext
195,0.49960886665364607,0.27898691885790877,4,0.762948008748515,fasttext
195,0.6892118894175987,0.3371505802378937,4,0.762948008748515,fasttext
189,0.7975147172166142,0.3263459840538943,4,0.7192038544368775,fasttext
192,0.6497219575856865,0.3533517300367491,4,0.762948008748515,fasttext
195,0.620504053962811,0.29959442296609534,4,0.762948008748515,fasttext
186,0.7048336456045217,0.3332786295678373,4,0.7192038544368775,fasttext
191,0.7387056421247292,0.2880745598684575,4,0.7192038544368775,fasttext
181,0.5623865158526764,0.31708375325401633,4,0.7612657903600136,fasttext
188,0.666250645750196,0.30655456939755366,4,0.7612657903600136,fasttext
195,0.4373358526344645,0.34515898441969206,4,0.762948008748515,fasttext
