n_clusters,umap_n_components,NMI,embedding
2,8,0.4647401688211061,BERT
5,2,0.6483356583868514,BERT
6,8,0.7155952351027647,BERT
2,16,0.4258144787964708,BERT
5,4,0.6723861329080945,BERT
2,8,0.4647401688211061,BERT
6,2,0.6863062317286813,BERT
6,8,0.7155952351027647,BERT
2,4,0.4474258496054316,BERT
2,8,0.4647401688211061,BERT
4,16,0.6660495259389848,BERT
6,8,0.7155952351027647,BERT
5,8,0.6690933199987724,BERT
6,8,0.7155952351027647,BERT
4,8,0.6721138521034713,BERT
5,8,0.6690933199987723,BERT
3,4,0.7065694356874873,BERT
6,16,0.7257536466971438,BERT
6,16,0.7257536466971438,BERT
5,16,0.6609348000821537,BERT
4,16,0.6660495259389849,BERT
6,16,0.725753646697144,BERT
6,16,0.7257536466971438,BERT
6,16,0.7257536466971438,BERT
5,16,0.6609348000821537,BERT
3,16,0.6809724898478023,BERT
6,16,0.725753646697144,BERT
5,16,0.6609348000821537,BERT
6,2,0.6857415220822974,BERT
3,16,0.6809724898478026,BERT
4,16,0.6660495259389849,BERT
6,16,0.7257536466971438,BERT
6,16,0.7257536466971438,BERT
6,16,0.7257536466971438,BERT
5,2,0.6483356583868515,BERT
6,16,0.7257536466971439,BERT
5,16,0.6609348000821537,BERT
6,4,0.7219602757731648,BERT
6,16,0.7257536466971438,BERT
5,2,0.6483356583868516,BERT
6,16,0.725753646697144,BERT
6,16,0.7257536466971438,BERT
6,16,0.7257536466971439,BERT
6,16,0.7257536466971438,BERT
6,16,0.7257536466971438,BERT
5,4,0.6723861329080945,BERT
6,16,0.7257536466971438,BERT
6,16,0.7257536466971438,BERT
5,2,0.6483356583868515,BERT
6,16,0.7257536466971438,BERT
6,4,0.7219602757731647,BERT
6,16,0.725753646697144,BERT
6,16,0.7257536466971438,BERT
6,16,0.725753646697144,BERT
6,16,0.7257536466971438,BERT
6,16,0.725753646697144,BERT
5,16,0.6609348000821538,BERT
6,16,0.725753646697144,BERT
6,8,0.7155952351027647,BERT
5,16,0.6609348000821537,BERT
6,16,0.7257536466971438,BERT
6,16,0.7257536466971438,BERT
6,16,0.7257536466971438,BERT
6,16,0.7257536466971438,BERT
6,16,0.7257536466971438,BERT
6,16,0.7257536466971438,BERT
6,8,0.7155952351027647,BERT
2,16,0.4258144787964708,BERT
5,4,0.6723861329080945,BERT
6,16,0.7257536466971438,BERT
4,2,0.6390210824133937,BERT
6,16,0.7257536466971438,BERT
6,16,0.725753646697144,BERT
6,16,0.7257536466971438,BERT
6,16,0.7257536466971438,BERT
6,16,0.7257536466971438,BERT
6,16,0.7257536466971438,BERT
6,16,0.7257536466971439,BERT
3,16,0.6809724898478023,BERT
6,16,0.725753646697144,BERT
6,8,0.7155952351027645,BERT
6,16,0.7257536466971438,BERT
6,16,0.725753646697144,BERT
6,16,0.7257536466971439,BERT
6,16,0.7257536466971438,BERT
6,16,0.7257536466971438,BERT
6,16,0.7257536466971438,BERT
6,2,0.6857415220822971,BERT
5,4,0.6723861329080945,BERT
6,16,0.7257536466971438,BERT
6,16,0.725753646697144,BERT
6,16,0.725753646697144,BERT
6,16,0.7257536466971439,BERT
6,16,0.7257536466971438,BERT
6,16,0.7257536466971438,BERT
6,16,0.7257536466971438,BERT
6,16,0.7257536466971438,BERT
6,16,0.7257536466971438,BERT
5,16,0.6609348000821536,BERT
6,16,0.7257536466971437,BERT
6,8,0.7155952351027647,BERT
6,16,0.7257536466971438,BERT
6,16,0.7257536466971439,BERT
6,16,0.7257536466971438,BERT
6,16,0.7257536466971438,BERT
6,16,0.7257536466971438,BERT
6,16,0.7257536466971438,BERT
6,2,0.6863062317286812,BERT
4,4,0.7113277820336973,BERT
6,16,0.7257536466971438,BERT
6,16,0.7257536466971438,BERT
6,16,0.7257536466971438,BERT
6,16,0.725753646697144,BERT
6,16,0.7257536466971438,BERT
6,16,0.7257536466971439,BERT
6,16,0.725753646697144,BERT
6,16,0.7257536466971438,BERT
6,16,0.7257536466971438,BERT
6,16,0.7257536466971438,BERT
6,16,0.7257536466971438,BERT
6,16,0.7257536466971438,BERT
6,16,0.7257536466971438,BERT
6,16,0.725753646697144,BERT
6,16,0.725753646697144,BERT
6,16,0.7257536466971438,BERT
6,16,0.7257536466971438,BERT
6,16,0.725753646697144,BERT
6,8,0.7155952351027647,BERT
6,16,0.7257536466971438,BERT
3,16,0.6809724898478023,BERT
6,4,0.7219602757731646,BERT
6,16,0.7257536466971438,BERT
6,16,0.7257536466971438,BERT
6,16,0.725753646697144,BERT
6,16,0.7257536466971438,BERT
6,2,0.6863062317286812,BERT
6,16,0.7257536466971439,BERT
6,16,0.7257536466971438,BERT
6,16,0.7257536466971439,BERT
6,16,0.7257536466971438,BERT
6,16,0.7257536466971438,BERT
6,16,0.7257536466971438,BERT
6,16,0.7257536466971438,BERT
6,16,0.7257536466971438,BERT
6,16,0.7257536466971438,BERT
6,16,0.725753646697144,BERT
6,16,0.7257536466971438,BERT
6,16,0.725753646697144,BERT
6,16,0.725753646697144,BERT
6,16,0.7257536466971438,BERT
6,8,0.7155952351027647,BERT
6,16,0.7257536466971438,BERT
6,16,0.7257536466971438,BERT
6,16,0.725753646697144,BERT
6,16,0.7257536466971438,BERT
6,16,0.7257536466971438,BERT
6,16,0.7257536466971438,BERT
6,16,0.725753646697144,BERT
6,16,0.7257536466971438,BERT
6,2,0.6857415220822974,BERT
6,16,0.7257536466971437,BERT
6,16,0.7257536466971438,BERT
6,16,0.7257536466971438,BERT
6,16,0.7257536466971438,BERT
6,16,0.7257536466971438,BERT
6,16,0.7257536466971438,BERT
6,16,0.7257536466971438,BERT
6,16,0.7257536466971438,BERT
6,16,0.7257536466971438,BERT
4,16,0.6660495259389849,BERT
2,4,0.4474258496054316,BERT
6,16,0.725753646697144,BERT
6,16,0.7257536466971438,BERT
6,16,0.7257536466971438,BERT
6,16,0.7257536466971438,BERT
6,16,0.7257536466971438,BERT
6,16,0.7257536466971438,BERT
6,16,0.7257536466971438,BERT
6,16,0.7257536466971438,BERT
6,16,0.7257536466971438,BERT
6,16,0.725753646697144,BERT
6,16,0.7257536466971438,BERT
6,16,0.7257536466971438,BERT
6,16,0.7257536466971438,BERT
6,16,0.7257536466971438,BERT
6,16,0.7257536466971437,BERT
6,16,0.7257536466971438,BERT
6,8,0.7155952351027645,BERT
6,16,0.7257536466971438,BERT
6,16,0.7257536466971438,BERT
6,16,0.725753646697144,BERT
6,16,0.7257536466971438,BERT
6,16,0.7257536466971439,BERT
6,16,0.7257536466971438,BERT
6,16,0.725753646697144,BERT
6,16,0.7257536466971438,BERT
6,2,0.6863062317286813,BERT
6,16,0.7257536466971439,BERT
6,16,0.725753646697144,BERT
6,4,0.7219602757731646,BERT
4,2,0.6751416247796393,word2vec
5,2,0.7427755843673082,word2vec
5,4,0.7608396505007397,word2vec
3,2,0.6667363986943396,word2vec
3,16,0.6793716278538509,word2vec
4,4,0.7613446184675907,word2vec
2,16,0.5263445759107133,word2vec
3,4,0.6783481601312642,word2vec
3,4,0.6783481601312642,word2vec
6,4,0.7528894329902424,word2vec
5,8,0.7608396505007395,word2vec
5,4,0.7608396505007395,word2vec
6,4,0.7528894329902427,word2vec
4,8,0.7613446184675907,word2vec
4,8,0.7613446184675907,word2vec
4,8,0.7613446184675907,word2vec
2,8,0.525389595691259,word2vec
4,8,0.7613446184675906,word2vec
4,16,0.7620647185390985,word2vec
5,16,0.7479149747896928,word2vec
3,16,0.6793716278538509,word2vec
4,16,0.7620647185390985,word2vec
4,16,0.7620647185390985,word2vec
4,16,0.7620647185390985,word2vec
4,16,0.7620647185390989,word2vec
5,16,0.747914974789693,word2vec
3,16,0.6793716278538509,word2vec
4,16,0.7620647185390985,word2vec
5,16,0.7479149747896928,word2vec
3,2,0.6667363986943398,word2vec
6,16,0.7539814184446871,word2vec
4,16,0.7620647185390989,word2vec
4,16,0.7620647185390985,word2vec
4,16,0.7620647185390985,word2vec
5,2,0.7427755843673083,word2vec
5,16,0.7479149747896928,word2vec
4,16,0.7620647185390987,word2vec
4,16,0.7620647185390985,word2vec
3,2,0.6667363986943398,word2vec
4,16,0.7620647185390989,word2vec
3,16,0.6793716278538509,word2vec
4,16,0.7620647185390989,word2vec
4,16,0.7620647185390987,word2vec
4,16,0.7620647185390985,word2vec
3,16,0.6793716278538509,word2vec
4,16,0.7620647185390986,word2vec
5,16,0.7479149747896928,word2vec
4,2,0.6751416247796393,word2vec
3,4,0.6783481601312642,word2vec
5,16,0.7479149747896928,word2vec
2,16,0.5263445759107133,word2vec
4,16,0.7620647185390989,word2vec
4,16,0.7620647185390989,word2vec
4,16,0.7620647185390985,word2vec
4,16,0.7620647185390985,word2vec
4,4,0.7613446184675907,word2vec
4,16,0.7620647185390989,word2vec
4,8,0.7613446184675906,word2vec
3,16,0.6793716278538509,word2vec
5,16,0.7479149747896928,word2vec
4,16,0.7620647185390985,word2vec
4,16,0.7620647185390989,word2vec
4,16,0.7620647185390985,word2vec
4,16,0.7620647185390989,word2vec
4,16,0.7620647185390985,word2vec
4,8,0.7613446184675906,word2vec
4,16,0.7620647185390989,word2vec
3,4,0.6783481601312641,word2vec
4,16,0.7620647185390989,word2vec
4,2,0.6535492332094882,word2vec
5,16,0.7479149747896928,word2vec
4,16,0.7620647185390985,word2vec
4,16,0.7620647185390985,word2vec
4,16,0.7620647185390989,word2vec
4,16,0.7620647185390989,word2vec
4,16,0.7620647185390985,word2vec
4,16,0.7620647185390985,word2vec
4,16,0.7620647185390989,word2vec
4,16,0.7620647185390985,word2vec
3,8,0.6783481601312642,word2vec
5,16,0.7619438331029467,word2vec
4,16,0.7620647185390985,word2vec
4,16,0.7620647185390985,word2vec
4,16,0.7620647185390985,word2vec
4,16,0.7620647185390985,word2vec
4,16,0.7620647185390989,word2vec
4,2,0.6751416247796393,word2vec
4,16,0.7620647185390985,word2vec
4,16,0.7620647185390989,word2vec
4,4,0.7613446184675907,word2vec
4,16,0.7620647185390987,word2vec
4,16,0.7620647185390985,word2vec
4,16,0.7620647185390985,word2vec
4,16,0.7620647185390989,word2vec
4,16,0.7620647185390985,word2vec
4,16,0.7620647185390987,word2vec
4,16,0.7620647185390985,word2vec
4,16,0.7620647185390985,word2vec
4,16,0.7620647185390985,word2vec
3,8,0.6783481601312642,word2vec
5,16,0.747914974789693,word2vec
4,16,0.7620647185390985,word2vec
4,16,0.7620647185390989,word2vec
4,16,0.7620647185390985,word2vec
4,16,0.7620647185390989,word2vec
4,16,0.7620647185390985,word2vec
4,2,0.6535492332094882,word2vec
4,16,0.7620647185390985,word2vec
4,4,0.7613446184675907,word2vec
4,16,0.7620647185390985,word2vec
4,16,0.7620647185390989,word2vec
4,16,0.7620647185390987,word2vec
4,16,0.7620647185390985,word2vec
4,16,0.7620647185390989,word2vec
4,16,0.7620647185390987,word2vec
4,16,0.7620647185390985,word2vec
6,16,0.7539814184446872,word2vec
4,16,0.7620647185390989,word2vec
4,16,0.7620647185390989,word2vec
4,16,0.7620647185390989,word2vec
4,8,0.7613446184675906,word2vec
4,16,0.7620647185390985,word2vec
4,16,0.7620647185390985,word2vec
4,16,0.7620647185390989,word2vec
4,16,0.7620647185390986,word2vec
4,16,0.7620647185390989,word2vec
4,16,0.7620647185390989,word2vec
4,2,0.6535492332094882,word2vec
4,16,0.7620647185390989,word2vec
4,4,0.7613446184675906,word2vec
4,16,0.7620647185390985,word2vec
4,16,0.7620647185390989,word2vec
4,16,0.7620647185390985,word2vec
4,16,0.7620647185390985,word2vec
4,16,0.7620647185390985,word2vec
4,16,0.7620647185390989,word2vec
4,16,0.7620647185390985,word2vec
4,16,0.7620647185390989,word2vec
4,16,0.7620647185390987,word2vec
4,16,0.7620647185390985,word2vec
4,16,0.7620647185390985,word2vec
4,16,0.7620647185390985,word2vec
4,16,0.7620647185390985,word2vec
4,16,0.7620647185390989,word2vec
4,16,0.7620647185390985,word2vec
4,16,0.7620647185390989,word2vec
4,16,0.7620647185390989,word2vec
4,8,0.7613446184675907,word2vec
4,16,0.7620647185390985,word2vec
4,16,0.7620647185390985,word2vec
4,16,0.7620647185390989,word2vec
4,16,0.7620647185390985,word2vec
4,16,0.7620647185390985,word2vec
4,16,0.7620647185390989,word2vec
4,16,0.7620647185390987,word2vec
4,16,0.7620647185390985,word2vec
4,2,0.6751416247796393,word2vec
4,16,0.7620647185390985,word2vec
4,4,0.7613446184675907,word2vec
4,16,0.7620647185390986,word2vec
4,16,0.7620647185390985,word2vec
4,16,0.7620647185390985,word2vec
4,16,0.7620647185390985,word2vec
4,16,0.7620647185390987,word2vec
4,16,0.7620647185390987,word2vec
4,16,0.7620647185390985,word2vec
2,16,0.5263445759107133,word2vec
4,16,0.7620647185390989,word2vec
4,16,0.7620647185390985,word2vec
4,16,0.7620647185390985,word2vec
4,16,0.7620647185390989,word2vec
4,16,0.7620647185390985,word2vec
4,16,0.7620647185390989,word2vec
4,16,0.7620647185390987,word2vec
4,16,0.7620647185390985,word2vec
4,16,0.7620647185390985,word2vec
4,16,0.7620647185390985,word2vec
4,8,0.7613446184675907,word2vec
4,16,0.7620647185390987,word2vec
4,16,0.7620647185390985,word2vec
4,16,0.7620647185390985,word2vec
4,16,0.7620647185390985,word2vec
4,16,0.7620647185390987,word2vec
4,16,0.7620647185390989,word2vec
4,16,0.7620647185390985,word2vec
4,16,0.7620647185390985,word2vec
4,16,0.7620647185390987,word2vec
4,16,0.7620647185390985,word2vec
4,4,0.7613446184675906,word2vec
4,16,0.7620647185390985,word2vec
4,2,0.6751416247796393,word2vec
4,16,0.7620647185390985,word2vec
4,16,0.7620647185390989,word2vec
4,16,0.7620647185390985,word2vec
4,16,0.7620647185390989,word2vec
4,16,0.7620647185390985,word2vec
4,16,0.7620647185390987,word2vec
4,16,0.7620647185390985,word2vec
4,16,0.7620647185390987,word2vec
4,16,0.7620647185390987,word2vec
2,8,0.4405541802617297,tfidf
5,2,0.727421310671997,tfidf
4,8,0.755982616156555,tfidf
2,16,0.4405541802617297,tfidf
4,2,0.6765007253025218,tfidf
3,4,0.6393679511935187,tfidf
6,16,0.703921189820891,tfidf
3,16,0.7079670014240235,tfidf
2,16,0.4405541802617297,tfidf
6,4,0.6962611471253428,tfidf
4,8,0.7559826161565552,tfidf
4,8,0.755982616156555,tfidf
5,8,0.7675352570091089,tfidf
5,8,0.767535257009109,tfidf
5,8,0.7258749683254545,tfidf
5,8,0.7258749683254545,tfidf
5,8,0.7675352570091089,tfidf
6,8,0.7009980155804151,tfidf
5,2,0.727421310671997,tfidf
3,4,0.6393679511935187,tfidf
6,8,0.700998015580415,tfidf
5,8,0.767535257009109,tfidf
5,8,0.767535257009109,tfidf
5,8,0.6884987178709117,tfidf
6,8,0.7009980155804151,tfidf
5,8,0.6894224309337703,tfidf
4,8,0.755982616156555,tfidf
4,2,0.6774004905683866,tfidf
5,4,0.6843792261120728,tfidf
6,8,0.700998015580415,tfidf
5,8,0.7258749683254546,tfidf
5,8,0.7675352570091089,tfidf
5,8,0.7675352570091089,tfidf
4,8,0.755982616156555,tfidf
5,8,0.7258749683254545,tfidf
6,2,0.692013548235743,tfidf
4,8,0.7559826161565552,tfidf
5,16,0.7932087362306317,tfidf
4,16,0.8027558593342526,tfidf
3,16,0.7079670014240235,tfidf
4,16,0.8027558593342524,tfidf
4,16,0.8027558593342524,tfidf
3,16,0.7357256639523693,tfidf
4,16,0.8027558593342526,tfidf
4,16,0.8027558593342526,tfidf
4,16,0.8027558593342526,tfidf
3,16,0.7079670014240234,tfidf
4,16,0.8027558593342524,tfidf
4,16,0.8027558593342524,tfidf
4,16,0.8027558593342524,tfidf
3,16,0.7079670014240232,tfidf
4,16,0.8027558593342524,tfidf
4,16,0.8027558593342526,tfidf
4,16,0.8027558593342526,tfidf
4,16,0.8027558593342526,tfidf
4,16,0.8027558593342526,tfidf
3,16,0.7079670014240234,tfidf
4,16,0.8027558593342526,tfidf
4,16,0.8027558593342526,tfidf
3,16,0.7079670014240235,tfidf
4,4,0.6535967070637538,tfidf
4,16,0.8027558593342526,tfidf
4,16,0.8027558593342524,tfidf
4,16,0.8027558593342526,tfidf
4,16,0.8027558593342526,tfidf
4,16,0.8027558593342526,tfidf
4,16,0.8027558593342526,tfidf
2,2,0.4654199471177024,tfidf
4,16,0.8027558593342524,tfidf
4,4,0.6535967070637538,tfidf
3,16,0.7079670014240232,tfidf
4,16,0.8027558593342526,tfidf
4,16,0.8027558593342524,tfidf
4,16,0.8027558593342524,tfidf
4,16,0.8027558593342526,tfidf
4,16,0.8027558593342526,tfidf
4,16,0.8027558593342526,tfidf
4,2,0.6774004905683865,tfidf
4,16,0.8027558593342526,tfidf
4,16,0.8027558593342524,tfidf
4,16,0.8027558593342526,tfidf
4,16,0.8027558593342526,tfidf
4,16,0.8027558593342526,tfidf
4,16,0.8027558593342526,tfidf
4,16,0.8027558593342524,tfidf
4,4,0.6377280431846973,tfidf
3,16,0.7079670014240234,tfidf
4,16,0.8027558593342526,tfidf
4,16,0.8027558593342526,tfidf
5,16,0.7932087362306319,tfidf
3,2,0.6774584483662355,tfidf
4,16,0.8027558593342526,tfidf
4,16,0.8027558593342524,tfidf
4,16,0.8027558593342526,tfidf
4,16,0.8027558593342526,tfidf
4,16,0.8027558593342524,tfidf
4,16,0.8027558593342524,tfidf
4,16,0.8027558593342524,tfidf
4,16,0.8027558593342526,tfidf
4,4,0.6535967070637538,tfidf
4,16,0.8027558593342524,tfidf
4,16,0.8027558593342526,tfidf
4,16,0.8027558593342526,tfidf
4,16,0.8027558593342526,tfidf
4,16,0.8027558593342526,tfidf
4,16,0.8027558593342526,tfidf
4,16,0.8027558593342526,tfidf
4,16,0.8027558593342524,tfidf
4,16,0.8027558593342526,tfidf
4,16,0.8027558593342526,tfidf
4,2,0.7188254383693741,tfidf
4,16,0.8027558593342526,tfidf
4,16,0.8027558593342526,tfidf
4,16,0.8027558593342526,tfidf
4,16,0.8027558593342526,tfidf
4,16,0.8027558593342526,tfidf
4,16,0.8027558593342526,tfidf
4,16,0.8027558593342526,tfidf
4,16,0.8027558593342526,tfidf
4,4,0.6535967070637538,tfidf
4,16,0.8027558593342526,tfidf
4,16,0.8027558593342524,tfidf
4,16,0.8027558593342526,tfidf
4,16,0.8027558593342526,tfidf
4,16,0.8027558593342524,tfidf
4,16,0.8027558593342526,tfidf
4,16,0.8027558593342526,tfidf
4,16,0.8027558593342526,tfidf
4,16,0.8027558593342526,tfidf
4,2,0.7207022653849694,tfidf
2,16,0.4405541802617297,tfidf
4,16,0.8027558593342526,tfidf
4,16,0.8027558593342526,tfidf
4,16,0.8027558593342526,tfidf
4,16,0.8027558593342526,tfidf
4,16,0.8027558593342526,tfidf
4,16,0.8027558593342526,tfidf
4,16,0.8027558593342526,tfidf
4,16,0.8027558593342526,tfidf
4,16,0.8027558593342524,tfidf
4,16,0.8027558593342526,tfidf
4,16,0.8027558593342524,tfidf
4,16,0.8027558593342526,tfidf
4,16,0.8027558593342526,tfidf
4,16,0.8027558593342526,tfidf
4,4,0.6535967070637538,tfidf
4,16,0.8027558593342524,tfidf
4,16,0.8027558593342524,tfidf
4,16,0.8027558593342526,tfidf
4,16,0.8027558593342526,tfidf
4,16,0.8027558593342526,tfidf
4,16,0.8027558593342526,tfidf
4,16,0.8027558593342524,tfidf
4,16,0.8027558593342524,tfidf
4,16,0.8027558593342526,tfidf
4,16,0.8027558593342526,tfidf
4,2,0.7188254383693741,tfidf
4,16,0.8027558593342526,tfidf
4,16,0.8027558593342526,tfidf
4,16,0.8027558593342526,tfidf
4,16,0.8027558593342526,tfidf
4,16,0.8027558593342526,tfidf
4,16,0.8027558593342524,tfidf
4,16,0.8027558593342526,tfidf
4,16,0.8027558593342526,tfidf
4,8,0.755982616156555,tfidf
4,16,0.8027558593342526,tfidf
4,16,0.8027558593342526,tfidf
4,16,0.8027558593342526,tfidf
4,16,0.8027558593342526,tfidf
4,16,0.8027558593342526,tfidf
4,16,0.8027558593342526,tfidf
4,16,0.8027558593342524,tfidf
4,16,0.8027558593342526,tfidf
4,4,0.6517462831441847,tfidf
4,16,0.8027558593342526,tfidf
4,16,0.8027558593342526,tfidf
4,16,0.8027558593342526,tfidf
4,16,0.8027558593342526,tfidf
4,16,0.8027558593342526,tfidf
4,16,0.8027558593342526,tfidf
4,16,0.8027558593342526,tfidf
4,16,0.8027558593342526,tfidf
4,16,0.8027558593342526,tfidf
4,16,0.8027558593342524,tfidf
4,16,0.8027558593342526,tfidf
4,16,0.8027558593342526,tfidf
4,2,0.6774004905683865,tfidf
4,16,0.8027558593342526,tfidf
4,16,0.8027558593342526,tfidf
4,16,0.8027558593342526,tfidf
4,16,0.8027558593342526,tfidf
4,16,0.8027558593342524,tfidf
4,16,0.8027558593342526,tfidf
4,16,0.8027558593342526,tfidf
4,16,0.8027558593342524,tfidf
4,16,0.8027558593342524,tfidf
4,8,0.755982616156555,tfidf
4,16,0.8027558593342524,tfidf
4,16,0.8027558593342526,tfidf
2,8,0.4034535175889425,fasttext
3,2,0.6889242130084178,fasttext
3,4,0.694010119153744,fasttext
5,16,0.8364647389178232,fasttext
3,4,0.694010119153744,fasttext
6,2,0.8051038511663677,fasttext
3,16,0.6920688543213533,fasttext
4,2,0.8165745210959826,fasttext
2,8,0.4034535175889425,fasttext
6,2,0.8051038511663676,fasttext
5,16,0.8364647389178232,fasttext
5,16,0.8364647389178231,fasttext
5,16,0.8364647389178231,fasttext
5,16,0.8364647389178232,fasttext
4,16,0.7192960750460233,fasttext
5,16,0.8364647389178232,fasttext
6,16,0.7951666418227642,fasttext
4,16,0.7192960750460233,fasttext
5,8,0.8380995970210257,fasttext
4,8,0.7211900616124174,fasttext
6,8,0.7965567161983085,fasttext
5,8,0.8380995970210257,fasttext
5,8,0.8380995970210259,fasttext
5,8,0.8380995970210257,fasttext
4,8,0.7211900616124174,fasttext
6,8,0.7965567161983085,fasttext
5,8,0.8380995970210257,fasttext
4,8,0.7211900616124174,fasttext
5,8,0.8380995970210257,fasttext
6,8,0.7965567161983085,fasttext
5,4,0.8380995970210259,fasttext
5,4,0.8380995970210257,fasttext
5,4,0.8380995970210257,fasttext
4,4,0.7211900616124174,fasttext
5,4,0.8380995970210257,fasttext
6,8,0.7965567161983085,fasttext
5,4,0.8380995970210259,fasttext
4,4,0.7211900616124174,fasttext
2,4,0.4034535175889425,fasttext
3,4,0.6940101191537438,fasttext
6,2,0.8051038511663676,fasttext
5,4,0.8380995970210259,fasttext
5,4,0.8380995970210259,fasttext
5,4,0.8380995970210259,fasttext
5,4,0.8380995970210257,fasttext
4,4,0.7211900616124174,fasttext
5,4,0.8380995970210259,fasttext
6,4,0.7964751134031449,fasttext
5,4,0.8380995970210257,fasttext
5,2,0.8469043710267505,fasttext
6,2,0.8051038511663677,fasttext
5,2,0.8469043710267505,fasttext
5,2,0.8469043710267505,fasttext
5,2,0.8469043710267504,fasttext
5,2,0.8469043710267505,fasttext
4,2,0.8165745210959826,fasttext
5,2,0.8469043710267505,fasttext
5,2,0.8469043710267505,fasttext
4,2,0.8165745210959826,fasttext
6,2,0.8051038511663677,fasttext
5,2,0.8469043710267505,fasttext
5,2,0.8469043710267505,fasttext
5,2,0.8469043710267505,fasttext
5,2,0.8469043710267505,fasttext
5,2,0.8469043710267505,fasttext
5,2,0.8469043710267505,fasttext
4,2,0.8165745210959826,fasttext
5,2,0.8469043710267505,fasttext
5,2,0.8469043710267505,fasttext
6,2,0.8051038511663677,fasttext
5,2,0.8469043710267505,fasttext
5,2,0.8469043710267505,fasttext
5,2,0.8469043710267505,fasttext
5,2,0.8469043710267505,fasttext
5,2,0.8469043710267505,fasttext
5,2,0.8469043710267505,fasttext
4,2,0.8165745210959826,fasttext
5,2,0.8469043710267505,fasttext
5,2,0.8469043710267505,fasttext
6,2,0.8051038511663677,fasttext
5,2,0.8469043710267505,fasttext
5,2,0.8469043710267505,fasttext
5,2,0.8469043710267505,fasttext
5,2,0.8469043710267505,fasttext
5,16,0.8364647389178231,fasttext
5,2,0.8469043710267505,fasttext
5,2,0.8469043710267505,fasttext
5,2,0.8469043710267505,fasttext
3,2,0.6889242130084178,fasttext
5,2,0.8469043710267504,fasttext
2,2,0.4821499076130389,fasttext
5,2,0.8469043710267505,fasttext
5,2,0.8469043710267505,fasttext
5,2,0.8469043710267504,fasttext
5,2,0.8469043710267505,fasttext
5,16,0.8364647389178232,fasttext
5,2,0.8469043710267504,fasttext
5,2,0.8469043710267505,fasttext
4,2,0.8165745210959827,fasttext
5,2,0.8469043710267505,fasttext
6,2,0.8051038511663677,fasttext
5,2,0.8469043710267505,fasttext
5,2,0.8469043710267505,fasttext
5,2,0.8469043710267505,fasttext
5,2,0.8469043710267505,fasttext
5,2,0.8469043710267505,fasttext
5,2,0.8469043710267505,fasttext
5,2,0.8469043710267505,fasttext
5,2,0.8469043710267505,fasttext
5,2,0.8469043710267505,fasttext
5,2,0.8469043710267502,fasttext
5,2,0.8469043710267505,fasttext
5,2,0.8469043710267505,fasttext
5,2,0.8469043710267504,fasttext
5,16,0.8364647389178232,fasttext
5,2,0.8469043710267505,fasttext
5,2,0.8469043710267502,fasttext
5,2,0.8469043710267505,fasttext
5,2,0.8469043710267505,fasttext
5,2,0.8469043710267505,fasttext
5,2,0.8469043710267505,fasttext
5,2,0.8469043710267505,fasttext
5,2,0.8469043710267505,fasttext
5,2,0.8469043710267504,fasttext
5,2,0.8469043710267505,fasttext
5,2,0.8469043710267505,fasttext
5,8,0.8380995970210259,fasttext
5,2,0.8469043710267505,fasttext
5,2,0.8469043710267505,fasttext
5,2,0.8469043710267505,fasttext
4,16,0.7192960750460233,fasttext
5,2,0.8469043710267505,fasttext
5,2,0.8469043710267505,fasttext
5,2,0.8469043710267505,fasttext
5,2,0.8469043710267504,fasttext
5,2,0.8469043710267505,fasttext
5,2,0.8469043710267505,fasttext
5,2,0.8469043710267504,fasttext
5,2,0.8469043710267505,fasttext
5,2,0.8469043710267505,fasttext
6,2,0.8051038511663677,fasttext
5,2,0.8469043710267505,fasttext
5,2,0.8469043710267505,fasttext
5,2,0.8469043710267505,fasttext
5,2,0.8469043710267505,fasttext
5,2,0.8469043710267505,fasttext
5,2,0.8469043710267505,fasttext
5,2,0.8469043710267504,fasttext
5,2,0.8469043710267505,fasttext
5,8,0.8380995970210259,fasttext
5,2,0.8469043710267505,fasttext
5,2,0.8469043710267505,fasttext
5,2,0.8469043710267505,fasttext
5,2,0.8469043710267505,fasttext
5,2,0.8469043710267505,fasttext
5,2,0.8469043710267505,fasttext
5,2,0.8469043710267505,fasttext
5,2,0.8469043710267505,fasttext
5,2,0.8469043710267505,fasttext
5,16,0.8364647389178231,fasttext
5,2,0.8469043710267505,fasttext
5,2,0.8469043710267504,fasttext
5,2,0.8469043710267505,fasttext
5,2,0.8469043710267505,fasttext
5,2,0.8469043710267505,fasttext
5,2,0.8469043710267505,fasttext
5,2,0.8469043710267505,fasttext
5,2,0.8469043710267505,fasttext
5,2,0.8469043710267505,fasttext
5,2,0.8469043710267505,fasttext
3,2,0.6889242130084178,fasttext
5,2,0.8469043710267505,fasttext
5,2,0.8469043710267505,fasttext
5,2,0.8469043710267505,fasttext
5,2,0.8469043710267505,fasttext
5,2,0.8469043710267505,fasttext
5,2,0.8469043710267505,fasttext
5,2,0.8469043710267505,fasttext
5,8,0.8380995970210257,fasttext
5,2,0.8469043710267505,fasttext
5,2,0.8469043710267505,fasttext
5,2,0.8469043710267502,fasttext
5,2,0.8469043710267504,fasttext
5,2,0.8469043710267505,fasttext
5,2,0.8469043710267502,fasttext
5,2,0.8469043710267505,fasttext
5,2,0.8469043710267505,fasttext
5,2,0.8469043710267505,fasttext
5,16,0.8364647389178231,fasttext
5,2,0.8469043710267504,fasttext
5,2,0.8469043710267505,fasttext
5,2,0.8469043710267505,fasttext
5,2,0.8469043710267505,fasttext
5,2,0.8469043710267505,fasttext
5,2,0.8469043710267505,fasttext
5,2,0.8469043710267505,fasttext
5,2,0.8469043710267505,fasttext
5,2,0.8469043710267504,fasttext
5,2,0.8469043710267505,fasttext
5,2,0.8469043710267505,fasttext
