min_samples,xi,umap_n_components,NMI,embedding
153,0.7791011383465546,2,0.0,BERT
29,0.5159221316956817,8,0.6457692590844362,BERT
113,0.22851999730455005,16,0.6446301214594793,BERT
16,0.4712977968525721,16,0.6046373752328128,BERT
150,0.7977441578979302,4,0.0,BERT
126,0.4454984800144935,16,0.5637299898970856,BERT
118,0.8479617467802509,16,0.0,BERT
91,0.5626591141227192,16,0.37384744625759603,BERT
28,0.8161735320599001,4,0.10308012653803969,BERT
22,0.49254077172516414,8,0.6288020242450791,BERT
51,0.015719072311588422,8,0.3553629402929858,BERT
195,0.24696258845906516,8,0.6304920688316505,BERT
73,0.25699973774792934,2,0.6058264291012173,BERT
64,0.31782635715671675,8,0.624612858035318,BERT
101,0.6486278326794317,16,0.37384744625759603,BERT
50,0.1388928930886968,8,0.6137376555950187,BERT
148,0.36879631531095985,4,0.5660278422069238,BERT
191,0.6043334597490652,2,0.0,BERT
89,0.3844753158323126,16,0.4197017079733927,BERT
112,0.19239666516379722,8,0.6228325398449627,BERT
38,0.09064926377469557,16,0.4656464039844502,BERT
170,0.2590903427462439,8,0.5610023556802728,BERT
192,0.23720616604495687,8,0.6330403689215212,BERT
131,0.33085827667736367,8,0.5610023556802728,BERT
168,0.17288655878941617,8,0.6531413171600052,BERT
9,0.1454467033166148,8,0.31691250554934786,BERT
80,0.010227568103050255,2,0.49764833368555617,BERT
172,0.4076695965162607,4,0.5660278422069238,BERT
135,0.08104894862595188,8,0.6700469094136288,BERT
137,0.7266767827380549,8,0.0,BERT
159,0.08268628250395771,8,0.6701112233923375,BERT
164,0.07648942512354773,8,0.6701112233923375,BERT
168,0.0747934773943454,8,0.6701112233923375,BERT
162,0.10107478640235336,8,0.6701112233923375,BERT
160,0.08122753815960027,8,0.6701112233923375,BERT
178,0.07969282099217552,8,0.6670644404044596,BERT
157,0.042275260656377066,8,0.6406679707754865,BERT
145,0.14591638192377632,8,0.6701112233923375,BERT
182,0.11706702423547308,2,0.5590875769851549,BERT
165,0.1989369310334796,8,0.6531413171600052,BERT
122,0.04481844675970563,4,0.6996393566696141,BERT
143,0.04505138940966141,4,0.6921185865983455,BERT
122,0.047588070073978375,4,0.6948747964344684,BERT
122,0.048146766798055005,4,0.6948747964344684,BERT
116,0.03676823142298965,4,0.6117164301355116,BERT
123,0.03839712397781102,4,0.6996393566696141,BERT
123,0.014043695965541513,4,0.5585094403419507,BERT
106,0.0411446639803646,4,0.597677006533404,BERT
141,0.1299297630870408,4,0.6869406614572499,BERT
128,0.1681886110723576,4,0.7033109683204891,BERT
125,0.17045397727636957,4,0.7033109683204891,BERT
124,0.16724327193608018,4,0.7033109683204891,BERT
129,0.1640328893114375,4,0.7033109683204891,BERT
110,0.17505987900193248,4,0.6271006901528537,BERT
98,0.2245411071643172,4,0.6288817873165266,BERT
130,0.16109692477697973,4,0.7033109683204891,BERT
129,0.27647744497033355,4,0.7033109683204891,BERT
129,0.25968878375465654,4,0.7033109683204891,BERT
150,0.28819184401283093,4,0.7033109683204891,BERT
100,0.16650936731681015,4,0.6288817873165266,BERT
134,0.20824204888655165,4,0.7033109683204891,BERT
132,0.27676891678363874,4,0.7033109683204891,BERT
129,0.2153781425126827,4,0.7033109683204891,BERT
115,0.2308685277214961,4,0.6271006901528537,BERT
92,0.16609547270079278,4,0.6288817873165266,BERT
109,0.19489619450368278,4,0.6271006901528537,BERT
129,0.2673209784130173,4,0.7033109683204891,BERT
140,0.299385932408349,16,0.5622877387321858,BERT
152,0.2423892218139175,4,0.7033109683204891,BERT
115,0.13768016365366065,2,0.6213125893797479,BERT
106,0.34168950108336615,4,0.6271006901528537,BERT
149,0.2916894997851243,4,0.7033109683204891,BERT
138,0.2489612335685902,4,0.7033109683204891,BERT
154,0.1852477246466992,4,0.7033109683204891,BERT
128,0.11801971051910122,4,0.6869406614572499,BERT
144,0.21997820425809128,4,0.7033109683204891,BERT
135,0.15338865825510942,4,0.7033109683204891,BERT
119,0.3123227933308318,4,0.6271006901528537,BERT
147,0.2633012474834401,16,0.6693990704113236,BERT
128,0.19448429637687592,4,0.7033109683204891,BERT
155,0.10802068639197257,2,0.6210455790902888,BERT
133,0.20887671898063934,4,0.7033109683204891,BERT
136,0.15932972702402784,4,0.7033109683204891,BERT
127,0.28301678466026614,4,0.7033109683204891,BERT
118,0.24707605716037864,4,0.6271006901528537,BERT
140,0.17886262955589285,4,0.7033109683204891,BERT
133,0.1387635138899075,4,0.7033109683204891,BERT
150,0.2051931174613683,4,0.7033109683204891,BERT
112,0.2276630014842847,4,0.6271006901528537,BERT
123,0.11235059965821714,16,0.6467757927538581,BERT
104,0.18452347755167575,4,0.6288817873165266,BERT
133,0.27004514635565724,4,0.7033109683204891,BERT
146,0.27729359792308705,4,0.7033109683204891,BERT
119,0.3103405066963831,4,0.6271006901528537,BERT
125,0.34200062926459196,4,0.7033109683204891,BERT
131,0.21138007443558393,4,0.7033109683204891,BERT
139,0.15584786460452352,4,0.7033109683204891,BERT
143,0.23790046928885422,2,0.5590875769851549,BERT
136,0.2540374531053924,4,0.7033109683204891,BERT
126,0.17000176162097097,4,0.7033109683204891,BERT
131,0.2797177491279987,4,0.7033109683204891,BERT
113,0.21570797647482412,4,0.6271006901528537,BERT
130,0.1983778582912621,4,0.7033109683204891,BERT
122,0.12807648485922443,4,0.6869406614572499,BERT
118,0.23687224723658723,4,0.6271006901528537,BERT
96,0.1489087153286345,4,0.6288817873165266,BERT
141,0.22388925299112278,4,0.7033109683204891,BERT
108,0.29728985614438314,4,0.6271006901528537,BERT
83,0.17742457304340942,4,0.6288817873165266,BERT
126,0.20000638244339308,16,0.6446301214594793,BERT
137,0.26453860807264146,4,0.7033109683204891,BERT
131,0.2568970727433738,4,0.7033109683204891,BERT
126,0.3288476135489868,4,0.7033109683204891,BERT
120,0.2788972753835555,4,0.6271006901528537,BERT
129,0.21378543407474956,4,0.7033109683204891,BERT
116,0.18262013591434467,4,0.6271006901528537,BERT
146,0.2388610571817063,2,0.5590875769851549,BERT
136,0.12787160439241732,4,0.6846749958025169,BERT
150,0.1510322903324387,4,0.7033109683204891,BERT
142,0.09810313051125821,4,0.6869406614572499,BERT
133,0.2951463375651922,4,0.7033109683204891,BERT
156,0.2280838689239723,4,0.7033109683204891,BERT
154,0.25704154337348084,4,0.7033109683204891,BERT
160,0.194872335441364,4,0.7033109683204891,BERT
151,0.2413253180905556,4,0.7033109683204891,BERT
57,0.16509758217763934,4,0.616196758798595,BERT
128,0.3130056658513429,4,0.7033109683204891,BERT
124,0.27056101361587137,4,0.7033109683204891,BERT
37,0.21749867383351923,4,0.6177528476105711,BERT
139,0.3728860645839801,16,0.6414822957200579,BERT
165,0.18443628415939656,4,0.7033109683204891,BERT
150,0.28534963559186366,4,0.7033109683204891,BERT
134,0.2926839709730243,4,0.7033109683204891,BERT
145,0.2461305594387672,4,0.7033109683204891,BERT
177,0.20458082217186835,4,0.7033109683204891,BERT
121,0.3176174150322905,4,0.7033109683204891,BERT
138,0.34503225808731786,4,0.7033109683204891,BERT
130,0.13903475358832607,4,0.7033109683204891,BERT
114,0.26297407921123905,2,0.6158607330840942,BERT
142,0.16520413183900057,4,0.7033109683204891,BERT
147,0.23268644215125528,4,0.7033109683204891,BERT
136,0.24963792886757633,4,0.7033109683204891,BERT
126,0.30285492111276197,4,0.7033109683204891,BERT
132,0.27694599490361943,4,0.7033109683204891,BERT
139,0.2114331048233575,4,0.7033109683204891,BERT
129,0.18594232599551025,4,0.7033109683204891,BERT
144,0.258371501948525,4,0.7033109683204891,BERT
123,0.22243638376575955,4,0.7033109683204891,BERT
135,0.29979062002877954,4,0.7033109683204891,BERT
159,0.2414738742435525,4,0.7033109683204891,BERT
117,0.3258043895232696,4,0.6271006901528537,BERT
152,0.19526041716072573,4,0.7033109683204891,BERT
153,0.1691511881155283,4,0.7033109683204891,BERT
156,0.14642766622099507,4,0.7033109683204891,BERT
147,0.1182173236965646,4,0.6846749958025169,BERT
128,0.18992473098775373,4,0.7033109683204891,BERT
163,0.2732995707397452,16,0.6753202715598817,BERT
141,0.21191145987390322,4,0.7033109683204891,BERT
133,0.17468096423198348,4,0.7033109683204891,BERT
125,0.4471157917404818,4,0.5660278422069238,BERT
138,0.25202806457753196,4,0.7033109683204891,BERT
144,0.23023068359521293,4,0.7033109683204891,BERT
148,0.22644197866067028,4,0.7033109683204891,BERT
131,0.15712190814754023,4,0.7033109683204891,BERT
153,0.20363243264237005,4,0.7033109683204891,BERT
120,0.28718026582557077,4,0.6271006901528537,BERT
135,0.1333033285101146,2,0.6210455790902888,BERT
143,0.17937591406215175,4,0.7033109683204891,BERT
127,0.26365639413181075,4,0.7033109683204891,BERT
157,0.24356356422578895,4,0.7033109683204891,BERT
149,0.21708391897202872,4,0.7033109683204891,BERT
138,0.15258111828631848,4,0.7033109683204891,BERT
133,0.15921550908828702,4,0.7033109683204891,BERT
130,0.19359347952869482,4,0.7033109683204891,BERT
123,0.10749763651877588,4,0.6869406614572499,BERT
136,0.14001826238176163,4,0.7033109683204891,BERT
169,0.17771178248397174,4,0.7033109683204891,BERT
140,0.4098804300619001,8,0.5610023556802728,BERT
128,0.28112649195704537,4,0.7033109683204891,BERT
145,0.21313950128113182,4,0.7033109683204891,BERT
133,0.5271206454097652,4,0.45748787628893894,BERT
125,0.19078420263570972,4,0.7033109683204891,BERT
120,0.23698595791976498,4,0.6271006901528537,BERT
129,0.2047945607173306,4,0.7033109683204891,BERT
136,0.1720863142626362,4,0.7033109683204891,BERT
126,0.25552713921881376,4,0.7033109683204891,BERT
132,0.12105905920707932,4,0.6869406614572499,BERT
141,0.1597407596402319,16,0.6759861633216065,BERT
122,0.2272036671424681,4,0.7033109683204891,BERT
151,0.3040281033896633,4,0.7033109683204891,BERT
129,0.19267256961383644,4,0.7033109683204891,BERT
134,0.20694315086928472,4,0.7033109683204891,BERT
139,0.26859795032818495,4,0.7033109683204891,BERT
132,0.14752805432136193,4,0.7033109683204891,BERT
126,0.22493558243718975,4,0.7033109683204891,BERT
136,0.1841408430904883,4,0.7033109683204891,BERT
144,0.24263481898733052,4,0.7033109683204891,BERT
130,0.2058444222694351,4,0.7033109683204891,BERT
117,0.28826803348591706,4,0.6271006901528537,BERT
123,0.1675824618313758,2,0.5610768594652139,BERT
170,0.6809836260545273,8,0.39535870735458595,word2vec
194,0.6975929450481313,4,0.4034535175889425,word2vec
188,0.5560112122004354,16,0.37453313810958555,word2vec
63,0.503574364338572,16,0.6571906325749568,word2vec
195,0.027448297952067713,2,0.7403209259929027,word2vec
96,0.01134204340615467,8,0.6059857003782783,word2vec
112,0.681021163335319,4,0.4034535175889425,word2vec
56,0.6272168885964499,16,0.37453313810958555,word2vec
161,0.20321968526153786,4,0.6771818296845896,word2vec
23,0.741831444050613,16,0.417770789957383,word2vec
132,0.3410645684852578,2,0.6764221584046389,word2vec
151,0.0319053950080408,2,0.7089072821825362,word2vec
143,0.027301554691166144,2,0.6556996530265925,word2vec
160,0.16012340675902045,2,0.7297163896359121,word2vec
181,0.22394439002979039,2,0.6704401816778722,word2vec
126,0.16111347097828876,2,0.7359310173881615,word2vec
113,0.38284341496379537,2,0.42167870693924586,word2vec
86,0.8920166709120202,2,0.0,word2vec
15,0.11845277034068075,2,0.35191520812289373,word2vec
127,0.2842345263284314,8,0.7258622075833777,word2vec
70,0.10176337039978395,2,0.636807430058324,word2vec
168,0.1614040018140476,2,0.7216995882722618,word2vec
151,0.23937675724409557,2,0.6744855101419885,word2vec
180,0.11125283610712264,2,0.7297163896359121,word2vec
133,0.299424878807829,2,0.6744855101419885,word2vec
195,0.3977606195772314,2,0.4191398744197547,word2vec
161,0.1742402050560422,2,0.6684655785476139,word2vec
174,0.08725313722572377,8,0.7288458595028582,word2vec
119,0.1716657344799377,4,0.725718871402405,word2vec
146,0.24551258571999515,8,0.7258622075833777,word2vec
165,0.06864624559207057,2,0.7188484834408096,word2vec
179,0.15064526718516696,2,0.7297163896359121,word2vec
182,0.09008678468024257,2,0.7310620809568191,word2vec
191,0.06120150293952817,2,0.73497435848653,word2vec
191,0.06233868688791307,2,0.73497435848653,word2vec
195,0.02505989427804306,16,0.712872584342069,word2vec
39,0.010654637762349133,4,0.36539687580895264,word2vec
187,0.06808020575861268,2,0.7258116292394495,word2vec
86,0.1274211549904229,16,0.7099820968132571,word2vec
103,0.20387383524858987,8,0.7370452219343313,word2vec
100,0.19639637546195365,8,0.7370452219343313,word2vec
100,0.20317797395257545,8,0.7370452219343313,word2vec
104,0.1987188687699191,8,0.7370452219343313,word2vec
103,0.21946639700920006,8,0.7370452219343313,word2vec
90,0.27238888858572796,8,0.742370397720193,word2vec
89,0.27344857869403366,8,0.742370397720193,word2vec
69,0.2877181826426747,8,0.7258622075833777,word2vec
88,0.3347180304982504,8,0.7420921494764979,word2vec
86,0.3304234519981881,8,0.7420921494764979,word2vec
84,0.4339113784382621,8,0.6746545829302384,word2vec
57,0.33470819915771366,8,0.7206225722243622,word2vec
81,0.34463815262561526,8,0.7420921494764979,word2vec
76,0.48116656131487734,8,0.672328561700996,word2vec
93,0.3501440430964501,8,0.6746545829302384,word2vec
44,0.3103884610413305,8,0.7387290009467217,word2vec
78,0.2572404689274938,8,0.742370397720193,word2vec
75,0.2635028362105598,8,0.742370397720193,word2vec
92,0.3769543982694253,8,0.6746545829302384,word2vec
64,0.25756793311513015,8,0.7228666004402207,word2vec
75,0.2631982766575257,8,0.742370397720193,word2vec
47,0.26676448708632333,8,0.7343302093202054,word2vec
76,0.31085446817945495,8,0.742370397720193,word2vec
77,0.2659472879109549,8,0.742370397720193,word2vec
77,0.2731835222853298,8,0.742370397720193,word2vec
71,0.2417397106296864,8,0.7228666004402207,word2vec
56,0.29813084604570994,8,0.7258622075833777,word2vec
63,0.2715680350424941,4,0.7455310836218282,word2vec
64,0.22525156689270565,4,0.7455310836218282,word2vec
32,0.2317932815457948,4,0.5852717947180458,word2vec
57,0.24889807822140866,4,0.7455310836218282,word2vec
61,0.22608630237680835,4,0.7455310836218282,word2vec
61,0.1418235126901881,4,0.7455310836218282,word2vec
50,0.1402616219930238,4,0.7399866474606236,word2vec
61,0.1721705680727113,4,0.7455310836218282,word2vec
64,0.1708685616835225,4,0.7455310836218282,word2vec
65,0.18098703060153348,4,0.7455310836218282,word2vec
61,0.16552133834609714,4,0.7455310836218282,word2vec
33,0.1274352717795259,4,0.2599067954398613,word2vec
51,0.14440821541915816,4,0.7222582069973899,word2vec
64,0.2222630116935414,4,0.7455310836218282,word2vec
40,0.18175739615706915,4,0.6831748281506529,word2vec
59,0.17037038192762705,4,0.7455310836218282,word2vec
61,0.10921656611720092,4,0.6735640365905444,word2vec
67,0.18978546365226967,4,0.7455310836218282,word2vec
52,0.1543819724452253,4,0.7222582069973899,word2vec
54,0.21271801134769935,4,0.7222582069973899,word2vec
43,0.18411979562462913,4,0.7399866474606236,word2vec
20,0.232025183847791,4,0.2141419741454123,word2vec
33,0.16817221088800807,4,0.4408155752151491,word2vec
67,0.1316710853938629,4,0.7455310836218282,word2vec
62,0.21119777058642847,4,0.7455310836218282,word2vec
63,0.22750755312076296,4,0.7455310836218282,word2vec
8,0.15003578878061696,4,0.3430453887137024,word2vec
58,0.09805900721307263,4,0.6499003041743001,word2vec
70,0.1928073320202747,4,0.7455310836218282,word2vec
48,0.21726768421539555,4,0.7399866474606236,word2vec
65,0.12415630775910208,4,0.7455310836218282,word2vec
55,0.17115236783091406,16,0.7095155928565363,word2vec
71,0.24248767830331314,4,0.725718871402405,word2vec
81,0.20123051191133517,4,0.725718871402405,word2vec
60,0.1603059322840458,4,0.7455310836218282,word2vec
60,0.17882601237189635,4,0.7455310836218282,word2vec
47,0.21675800503686227,4,0.7399866474606236,word2vec
66,0.1640090067542982,4,0.7455310836218282,word2vec
72,0.24702636788016935,4,0.725718871402405,word2vec
37,0.11486305398729482,4,0.2498138767778554,word2vec
57,0.142983131867503,4,0.7455310836218282,word2vec
53,0.18674362431124675,4,0.7222582069973899,word2vec
44,0.087431942465764,4,0.4894657761463177,word2vec
63,0.22377540086207398,16,0.7099820968132571,word2vec
82,0.2860021224537619,4,0.725718871402405,word2vec
67,0.20539900035595116,4,0.7455310836218282,word2vec
59,0.1889868301081878,4,0.7455310836218282,word2vec
67,0.24412853456322287,4,0.7455310836218282,word2vec
72,0.17424295542009766,4,0.7455310836218282,word2vec
51,0.1438672027063538,4,0.7222582069973899,word2vec
55,0.19912373423190488,4,0.7455310836218282,word2vec
63,0.12237949077552118,4,0.6735640365905444,word2vec
73,0.1592968146003454,4,0.7455310836218282,word2vec
68,0.2339655428507204,4,0.725718871402405,word2vec
59,0.10531761613607213,4,0.6735640365905444,word2vec
66,0.17508506036310376,4,0.7455310836218282,word2vec
55,0.12995992093218803,4,0.7455310836218282,word2vec
80,0.13888040581082595,4,0.7207371640865192,word2vec
48,0.18716493313784358,4,0.7399866474606236,word2vec
68,0.07608228850118212,4,0.5286818621786705,word2vec
60,0.2150705970052771,4,0.7455310836218282,word2vec
65,0.16101978332274003,4,0.7455310836218282,word2vec
74,0.051406565204666355,16,0.6209858927535626,word2vec
44,0.2025849748449321,4,0.7399866474606236,word2vec
51,0.2506658308801412,4,0.7222582069973899,word2vec
62,0.20759513710317037,4,0.7455310836218282,word2vec
62,0.22737277585619664,4,0.7455310836218282,word2vec
57,0.13431730526566943,4,0.7455310836218282,word2vec
69,0.1838649654723571,4,0.7455310836218282,word2vec
64,0.15689467749530828,4,0.7455310836218282,word2vec
56,0.10841839426709174,4,0.6499322244265776,word2vec
70,0.21986941296795004,4,0.725718871402405,word2vec
52,0.281615671280594,4,0.7222582069973899,word2vec
60,0.2509502775973287,4,0.7455310836218282,word2vec
79,0.17497808941599993,4,0.7207371640865192,word2vec
64,0.1959211023485368,4,0.7455310836218282,word2vec
61,0.23567869913043316,4,0.7455310836218282,word2vec
73,0.2275317369341181,4,0.725718871402405,word2vec
66,0.2661004737448561,4,0.7455310836218282,word2vec
54,0.21264083279532742,4,0.7222582069973899,word2vec
48,0.14561194180029738,4,0.7399866474606236,word2vec
57,0.19063863100173836,4,0.7455310836218282,word2vec
110,0.30780243002959917,16,0.669831974944473,word2vec
63,0.16870023732515776,4,0.7455310836218282,word2vec
70,0.28833892368894604,4,0.725718871402405,word2vec
68,0.19277076145284686,4,0.7455310836218282,word2vec
75,0.2320985218466834,4,0.725718871402405,word2vec
59,0.20538096331722205,4,0.7455310836218282,word2vec
71,0.1250909114965456,4,0.7455310836218282,word2vec
64,0.15772517494443233,4,0.7455310836218282,word2vec
53,0.25539903698646427,4,0.7222582069973899,word2vec
67,0.1768830151439078,4,0.7455310836218282,word2vec
58,0.21419581163588503,4,0.7455310836218282,word2vec
77,0.09554080415378982,4,0.7455310836218282,word2vec
84,0.1406695046024923,4,0.721193764332105,word2vec
63,0.12317625102262268,4,0.6735640365905444,word2vec
66,0.1879909234000901,4,0.7455310836218282,word2vec
61,0.16769215656858785,4,0.7455310836218282,word2vec
70,0.1103728487805944,4,0.7455310836218282,word2vec
56,0.15464607978200479,4,0.7455310836218282,word2vec
65,0.232234252834125,4,0.7455310836218282,word2vec
73,0.20085033822833084,4,0.71983966693106,word2vec
50,0.1307111439988797,4,0.7318122435292668,word2vec
61,0.24986410031858577,4,0.7455310836218282,word2vec
68,0.2197217786938776,4,0.7455310836218282,word2vec
59,0.151524059197095,4,0.7455310836218282,word2vec
54,0.17380619795803062,4,0.7222582069973899,word2vec
62,0.1874918826507124,4,0.7455310836218282,word2vec
57,0.15672808833228358,4,0.7455310836218282,word2vec
65,0.08275926963150027,2,0.6188081444171947,word2vec
70,0.20195747527052324,16,0.7099820968132571,word2vec
59,0.1364828333315854,4,0.7455310836218282,word2vec
46,0.11740872192987813,4,0.5793748534350416,word2vec
63,0.16811523856147054,4,0.7455310836218282,word2vec
52,0.2693821985934013,4,0.7222582069973899,word2vec
59,0.18630322721561943,4,0.7455310836218282,word2vec
66,0.22028828158158428,4,0.7455310836218282,word2vec
62,0.17297502381787117,4,0.7455310836218282,word2vec
73,0.15129140707653993,4,0.7455310836218282,word2vec
55,0.23570109036751824,4,0.7455310836218282,word2vec
68,0.2107917392823453,4,0.7455310836218282,word2vec
60,0.18663953230180166,4,0.7455310836218282,word2vec
65,0.13409736356737978,4,0.7455310836218282,word2vec
55,0.09901516382740645,4,0.5845035096057477,word2vec
77,0.24241109829129412,4,0.725718871402405,word2vec
68,0.16958629388180133,4,0.7455310836218282,word2vec
61,0.2007080156329636,4,0.7455310836218282,word2vec
65,0.1586744108850279,4,0.7455310836218282,word2vec
58,0.18770946540198383,4,0.7455310836218282,word2vec
71,0.15015699613314115,4,0.7455310836218282,word2vec
51,0.2182534735060625,4,0.7222582069973899,word2vec
62,0.16811330869257804,4,0.7455310836218282,word2vec
67,0.12002512771533723,4,0.7455310836218282,word2vec
57,0.42497304249905987,4,0.6783481601312642,word2vec
111,0.42475047635134855,16,0.4405541802617297,tfidf
146,0.023330433022450695,16,0.6575451708984024,tfidf
159,0.02231552989822774,4,0.5670725616696511,tfidf
89,0.2042455028451211,8,0.627543646345477,tfidf
70,0.7745377760160376,4,0.0,tfidf
32,0.18360694442821388,2,0.3542940463696983,tfidf
95,0.6870208974481047,2,0.0,tfidf
26,0.5117841577561206,4,0.46274438638016574,tfidf
73,0.7308373645954948,4,0.0,tfidf
168,0.4567822222682677,4,0.0,tfidf
194,0.017364132214054976,16,0.7199277377168211,tfidf
193,0.01995060565517437,16,0.7199277377168211,tfidf
189,0.20598258646197956,16,0.6386436331626377,tfidf
195,0.017160290086545443,16,0.7184975094669896,tfidf
131,0.12204714658940208,16,0.6532248037075821,tfidf
176,0.26177925607775687,8,0.4405541802617297,tfidf
131,0.32557372805134366,16,0.4405541802617297,tfidf
149,0.11399878646894837,16,0.6910030052623558,tfidf
179,0.34372125502113726,16,0.4405541802617297,tfidf
120,0.11382183575516458,2,0.40677817980990716,tfidf
43,0.10206933095332835,8,0.452008265122789,tfidf
195,0.05277720763279806,16,0.7556640797719593,tfidf
193,0.017955362411942698,16,0.7199277377168211,tfidf
163,0.0858468798116808,16,0.7190042534957432,tfidf
5,0.17386205990137718,16,0.3259324185636664,tfidf
179,0.07680812427857718,16,0.7222790954806749,tfidf
177,0.28954706719968476,16,0.6386436331626377,tfidf
147,0.25458863105773955,16,0.6386436331626377,tfidf
178,0.08095234550348124,2,0.6888055310250869,tfidf
108,0.38515380485529926,16,0.4405541802617297,tfidf
158,0.15648167042288036,8,0.6732060400687153,tfidf
186,0.06722780053859943,16,0.7204955492573043,tfidf
179,0.06136140363943786,16,0.7222790954806749,tfidf
136,0.06642289541068588,16,0.7203248742005359,tfidf
167,0.14884969728281777,16,0.7197678604841317,tfidf
156,0.0629350870973559,16,0.630752492093503,tfidf
178,0.061920312270007494,16,0.7222790954806749,tfidf
170,0.22922329844953584,8,0.6397119273896287,tfidf
142,0.18520489498833365,2,0.5308027815322531,tfidf
118,0.14732048729175273,4,0.6383065074675485,tfidf
182,0.06455788239546473,16,0.7222790954806749,tfidf
183,0.0666419784789082,16,0.7310179782334907,tfidf
170,0.21055534725111463,16,0.7197678604841317,tfidf
154,0.1350676879126278,16,0.7205906082734893,tfidf
82,0.04541485274594617,16,0.43100319578619983,tfidf
182,0.11180649660887511,4,0.6423646123330912,tfidf
186,0.014699432665164866,16,0.6395206317460431,tfidf
165,0.18501006269777245,16,0.7197678604841317,tfidf
56,0.040527276081705234,2,0.4662615589559666,tfidf
173,0.10068297911453727,16,0.7197678604841317,tfidf
184,0.15412627253396008,4,0.6423646123330912,tfidf
189,0.06064306007662813,16,0.7556640797719593,tfidf
195,0.05692958673925855,16,0.7556640797719593,tfidf
195,0.014850441488713603,16,0.7184975094669896,tfidf
189,0.09636881646774557,16,0.7549696377802969,tfidf
195,0.1222945643303577,16,0.7190558126396785,tfidf
189,0.09836359472515493,16,0.7302774254672799,tfidf
190,0.09496351266295483,8,0.7198487638104473,tfidf
188,0.1362730505494418,16,0.7190558126396785,tfidf
160,0.20557390142804677,16,0.7197678604841317,tfidf
171,0.02791475482917239,16,0.652479749590479,tfidf
188,0.09862176121986557,16,0.7302774254672799,tfidf
188,0.09680483050773048,16,0.7549696377802969,tfidf
189,0.03891276820060369,16,0.7556640797719593,tfidf
174,0.04635192309518638,16,0.6264765283866139,tfidf
195,0.0377151411660282,16,0.7556640797719593,tfidf
195,0.03434515123840274,2,0.6540803322667383,tfidf
189,0.013480455130216621,16,0.6395206317460431,tfidf
152,0.11928118957573114,16,0.7205906082734893,tfidf
164,0.1771397452178096,4,0.6280270766970136,tfidf
174,0.08790334050919756,8,0.7198487638104473,tfidf
183,0.049433468126120074,16,0.7310179782334907,tfidf
185,0.07627919753819773,16,0.7556640797719593,tfidf
191,0.040379656581434505,16,0.7556640797719593,tfidf
195,0.038558084014595144,16,0.7556640797719593,tfidf
193,0.04042148103186509,16,0.7556640797719593,tfidf
178,0.07357782909581415,16,0.7222790954806749,tfidf
182,0.037414091084501624,16,0.6264765283866139,tfidf
195,0.13298017407983412,16,0.7190558126396785,tfidf
102,0.012365279492892761,16,0.46639631778291984,tfidf
175,0.1611840016424452,16,0.7197678604841317,tfidf
193,0.04051554344788203,16,0.7556640797719593,tfidf
185,0.06820448493946141,16,0.7556640797719593,tfidf
192,0.05058913258639032,16,0.7556640797719593,tfidf
182,0.010967097921250876,16,0.6264765283866139,tfidf
168,0.07906991261592913,2,0.6306971555003226,tfidf
191,0.035008268896448605,16,0.7556640797719593,tfidf
178,0.12046750108335849,16,0.7197678604841317,tfidf
185,0.05751999176296462,8,0.7198487638104473,tfidf
18,0.08149131892560693,16,0.39674996478855523,tfidf
162,0.037262502372103455,4,0.5681464290531242,tfidf
195,0.03493341629778699,16,0.7556640797719593,tfidf
191,0.06079764469247079,16,0.7556640797719593,tfidf
181,0.08463444816690777,16,0.7556640797719593,tfidf
191,0.1114174274995895,16,0.7190558126396785,tfidf
186,0.0463826115935072,16,0.7204955492573043,tfidf
178,0.027706956353306448,16,0.6264765283866139,tfidf
192,0.14675826837240669,16,0.7190558126396785,tfidf
172,0.07556163234006336,16,0.7222790954806749,tfidf
186,0.05326195532140235,16,0.7204955492573043,tfidf
48,0.10862469738220408,16,0.4635912574647416,tfidf
185,0.0734696316398604,16,0.7556640797719593,tfidf
192,0.031066130177373332,16,0.7199277377168211,tfidf
195,0.059458689347905054,16,0.7556640797719593,tfidf
187,0.13165316668696156,16,0.7190558126396785,tfidf
181,0.08507571080876655,16,0.7556640797719593,tfidf
68,0.012172105529261144,2,0.487391846952682,tfidf
175,0.028329461808378607,16,0.6264765283866139,tfidf
185,0.05584509836841028,16,0.7310179782334907,tfidf
169,0.10283798859407679,16,0.7197678604841317,tfidf
190,0.07734019105513779,8,0.7198487638104473,tfidf
192,0.045880080764698725,16,0.7556640797719593,tfidf
195,0.06109008787389966,16,0.7556640797719593,tfidf
181,0.02781347320640458,16,0.6264765283866139,tfidf
188,0.05092648472569451,16,0.7556640797719593,tfidf
192,0.09357431558042992,4,0.708838728111894,tfidf
185,0.11968941472100603,16,0.7190558126396785,tfidf
91,0.07007583501851544,16,0.5612358586864233,tfidf
189,0.025059709141359868,16,0.7199277377168211,tfidf
177,0.04560629464816958,16,0.7222790954806749,tfidf
182,0.012263732398912847,16,0.6264765283866139,tfidf
191,0.04165696359829114,16,0.7556640797719593,tfidf
195,0.08774660298162994,16,0.7549696377802969,tfidf
187,0.010665997215938257,16,0.6527396999219114,tfidf
190,0.03331628266815416,16,0.7199277377168211,tfidf
179,0.07200309368813122,16,0.7222790954806749,tfidf
184,0.10742854515948397,16,0.7190558126396785,tfidf
191,0.057772765439150414,2,0.7084274572474347,tfidf
195,0.13098917715852448,16,0.7190558126396785,tfidf
123,0.03355429758276443,16,0.4580010592415309,tfidf
174,0.08818145106416189,16,0.7222790954806749,tfidf
193,0.04081710692092383,16,0.7556640797719593,tfidf
195,0.06562662597215885,16,0.7556640797719593,tfidf
188,0.02523341340890145,16,0.6395206317460431,tfidf
185,0.048049077447174744,16,0.7310179782334907,tfidf
181,0.10437146034546477,16,0.7197678604841317,tfidf
190,0.07024949462478274,8,0.7198487638104473,tfidf
195,0.033434787831655426,16,0.7556640797719593,tfidf
187,0.08751819683924987,4,0.7080228401302672,tfidf
184,0.05283274617889093,16,0.7310179782334907,tfidf
179,0.15808766692174198,16,0.7197678604841317,tfidf
191,0.07220554839522175,16,0.7556640797719593,tfidf
191,0.056253044134717683,16,0.7556640797719593,tfidf
192,0.025098973392584017,16,0.7199277377168211,tfidf
187,0.04076856629737317,16,0.7556640797719593,tfidf
195,0.013331026513712853,16,0.7184975094669896,tfidf
182,0.5161351093174836,16,0.0,tfidf
189,0.11737729632285429,16,0.7190558126396785,tfidf
176,0.059826845483260525,16,0.7222790954806749,tfidf
184,0.08717159151247093,16,0.7556640797719593,tfidf
192,0.011407698904603733,16,0.6398727830753246,tfidf
181,0.07346118830380982,16,0.7222790954806749,tfidf
187,0.041078882386456045,16,0.7556640797719593,tfidf
195,0.08965573580115625,16,0.7549696377802969,tfidf
190,0.0589101374437504,16,0.7556640797719593,tfidf
184,0.032897268059709224,16,0.6395206317460431,tfidf
140,0.10134302262924297,16,0.6397159576361092,tfidf
180,0.08032083219065268,2,0.6888055310250869,tfidf
188,0.13770605517835474,16,0.7190558126396785,tfidf
195,0.05092135988179027,16,0.7556640797719593,tfidf
172,0.026522137115190622,8,0.6157503548476615,tfidf
185,0.06510878541714321,16,0.7310179782334907,tfidf
191,0.08035325568637086,16,0.7556640797719593,tfidf
187,0.10799962679916375,16,0.7190558126396785,tfidf
191,0.04644990492825161,16,0.7556640797719593,tfidf
183,0.06960360686274816,16,0.7310179782334907,tfidf
178,0.0286944401661705,16,0.6264765283866139,tfidf
192,0.12079048016369295,4,0.6270306327082792,tfidf
187,0.010003337673411872,16,0.6527396999219114,tfidf
195,0.05444506421035411,16,0.7556640797719593,tfidf
183,0.09411887718950014,16,0.7549696377802969,tfidf
195,0.06034096924505071,16,0.7556640797719593,tfidf
190,0.04102501232317277,16,0.7556640797719593,tfidf
187,0.07381507453772564,16,0.7556640797719593,tfidf
192,0.0300118563453758,16,0.7199277377168211,tfidf
189,0.0629148955253693,16,0.7556640797719593,tfidf
185,0.08602729396012074,16,0.7556640797719593,tfidf
195,0.2232475578166217,16,0.6386436331626377,tfidf
180,0.04485157513460924,16,0.7222790954806749,tfidf
192,0.17027930591707124,16,0.6386436331626377,tfidf
188,0.07222929261103314,16,0.7556640797719593,tfidf
181,0.09510521311523026,16,0.7556640797719593,tfidf
195,0.04969181936228596,16,0.7556640797719593,tfidf
176,0.026804313522949295,16,0.6264765283866139,tfidf
184,0.08182181887772472,16,0.7556640797719593,tfidf
191,0.10967553998078593,16,0.7190558126396785,tfidf
187,0.34659172760439205,16,0.4405541802617297,tfidf
191,0.05191354325035666,16,0.7556640797719593,tfidf
181,0.0671542303546941,2,0.658261325942023,tfidf
80,0.010554624146965917,16,0.5125590639339304,tfidf
195,0.14616392171927323,16,0.7190558126396785,tfidf
191,0.039152748850796365,16,0.7556640797719593,tfidf
186,0.04985920573025514,16,0.7204955492573043,tfidf
192,0.029403950943332837,16,0.7199277377168211,tfidf
188,0.07534600157086802,16,0.7556640797719593,tfidf
195,0.18640259372768148,16,0.6386436331626377,tfidf
183,0.06007485282565573,16,0.7310179782334907,tfidf
189,0.09228568826490145,8,0.7198487638104473,tfidf
192,0.03561331106925446,16,0.7556640797719593,tfidf
185,0.04752786759690185,4,0.7080228401302672,tfidf
156,0.5441146124898807,16,0.6774161534715042,fasttext
126,0.5866042650825098,4,0.4034535175889425,fasttext
91,0.17393737656696268,8,0.8134780503742779,fasttext
129,0.7762127254448565,16,0.0,fasttext
146,0.21409973583404357,2,0.7810627354741817,fasttext
8,0.2025121664308389,16,0.34036489914484447,fasttext
92,0.02253379259543086,8,0.5337371246479352,fasttext
162,0.7277239482075538,2,0.0,fasttext
195,0.8238359770089354,16,0.0,fasttext
33,0.4884650371138034,2,0.6408008764704203,fasttext
75,0.3006343245088784,8,0.7795828587310151,fasttext
66,0.2738854410918971,2,0.7810627354741817,fasttext
120,0.13571096474946012,8,0.8134780503742779,fasttext
105,0.03941129116950076,8,0.7361705367003205,fasttext
56,0.3880331048601492,8,0.7795828587310151,fasttext
102,0.09034661740114086,8,0.8141092228615602,fasttext
89,0.13455237066172834,4,0.8133457882060711,fasttext
34,0.3613786904500911,8,0.6544673248603161,fasttext
106,0.09930244183985254,8,0.8134780503742779,fasttext
46,0.014730850529837358,8,0.4109427553241785,fasttext
75,0.2066687989445324,4,0.8133457882060711,fasttext
123,0.12762238673378656,8,0.8134780503742779,fasttext
112,0.10345262266738225,8,0.8134780503742779,fasttext
141,0.2035601373420741,8,0.7795828587310151,fasttext
180,0.2875450315204671,8,0.6794129850077443,fasttext
78,0.09988143124679477,8,0.8134780503742779,fasttext
116,0.15945979994083234,8,0.8134780503742779,fasttext
93,0.06799387880652431,8,0.8141092228615602,fasttext
86,0.07508723161110212,4,0.7553942972184939,fasttext
56,0.04400067349809152,16,0.4017418006795289,fasttext
98,0.05779033951921446,8,0.8141092228615602,fasttext
97,0.013967854211567439,8,0.5545016028057573,fasttext
102,0.07459043768314305,8,0.8141092228615602,fasttext
101,0.07970697398889523,8,0.8141092228615602,fasttext
135,0.07744729457003019,8,0.7760155724580453,fasttext
156,0.15863288313857316,4,0.7791401484920459,fasttext
81,0.23972383548891812,8,0.7795828587310151,fasttext
131,0.15320663270883134,16,0.7688732446260748,fasttext
64,0.05801566829864101,2,0.48233480323568745,fasttext
109,0.17449269818837554,8,0.8134780503742779,fasttext
96,0.05432275561791309,8,0.8141092228615602,fasttext
99,0.08602724988992153,8,0.8141092228615602,fasttext
116,0.017974283917194973,8,0.7385870479633553,fasttext
90,0.12183562877213983,8,0.8134780503742779,fasttext
103,0.1894448307446196,16,0.7688732446260748,fasttext
67,0.24734183943484517,2,0.7620106917963871,fasttext
127,0.06749077989109678,8,0.7767241257244367,fasttext
83,0.14103012997144906,8,0.8134780503742779,fasttext
148,0.10941547386947105,8,0.7700179652407244,fasttext
94,0.050142703529694764,2,0.6583664812430331,fasttext
109,0.22756988120157845,8,0.7795828587310151,fasttext
98,0.010276323656735115,8,0.5326730896922897,fasttext
92,0.05403869930918635,8,0.7388595394919402,fasttext
121,0.08320600308405209,8,0.8141092228615602,fasttext
71,0.16663799541485785,8,0.8134780503742779,fasttext
102,0.0559034439018054,4,0.7405805689111802,fasttext
85,0.1255841897921961,8,0.8134780503742779,fasttext
115,0.19114653342146537,8,0.7795828587310151,fasttext
59,0.09826950682688433,16,0.46001036567617243,fasttext
106,0.036446255579373116,8,0.7361705367003205,fasttext
8,0.11641938048425185,8,0.3669207153805251,fasttext
98,0.07949452729969532,8,0.8141092228615602,fasttext
76,0.0916293211664493,8,0.7525781231288402,fasttext
90,0.03981474314897299,8,0.6128294439710071,fasttext
99,0.14259034855473418,8,0.8134780503742779,fasttext
114,0.07285437686753841,8,0.8141092228615602,fasttext
83,0.17894806526125454,8,0.8134780503742779,fasttext
19,0.014556053497372212,4,0.38993819112478256,fasttext
121,0.11124587900852578,8,0.8134780503742779,fasttext
105,0.04160379535995866,8,0.7361705367003205,fasttext
134,0.21188596067943244,2,0.7810627354741817,fasttext
122,0.08430487701945041,8,0.8141092228615602,fasttext
93,0.14541146903279212,8,0.8134780503742779,fasttext
112,0.0845783059360691,8,0.8141092228615602,fasttext
118,0.06538889957333528,8,0.8141092228615602,fasttext
109,0.034700872714787716,8,0.7361705367003205,fasttext
99,0.11051420947608395,16,0.7744363171120684,fasttext
126,0.1317852238778978,8,0.7704403651277665,fasttext
87,0.16466779576801954,8,0.8134780503742779,fasttext
95,0.09234082517851916,8,0.8141092228615602,fasttext
79,0.01070003087230341,4,0.5324080936593931,fasttext
101,0.06965729953101839,8,0.8141092228615602,fasttext
96,0.08023702613038566,8,0.8141092228615602,fasttext
107,0.039474653251713676,8,0.7361705367003205,fasttext
72,0.10771954753940513,8,0.6037478280573317,fasttext
88,0.05919053071574103,8,0.7388595394919402,fasttext
103,0.12474830366833883,2,0.7616960512262982,fasttext
130,0.15081799586404843,8,0.7704403651277665,fasttext
139,0.031481424071795217,8,0.7760155724580453,fasttext
112,0.06208063945809737,8,0.8141092228615602,fasttext
93,0.18078692859511675,16,0.7688732446260748,fasttext
114,0.07226007060064346,8,0.8141092228615602,fasttext
119,0.09784411347263447,8,0.8134780503742779,fasttext
101,0.08215735748864608,8,0.8141092228615602,fasttext
109,0.03067808267106698,8,0.6220858581541779,fasttext
126,0.12699847106422524,8,0.7704403651277665,fasttext
85,0.05067617561365277,8,0.6345903809907162,fasttext
97,0.09478181576691458,8,0.8141092228615602,fasttext
105,0.1579461851518364,8,0.8134780503742779,fasttext
175,0.028203227987003462,8,0.7760155724580453,fasttext
114,0.06900515514939559,4,0.8133457882060711,fasttext
120,0.08530639761458729,8,0.8141092228615602,fasttext
122,0.13921508351043743,8,0.8134780503742779,fasttext
111,0.10306480728155926,8,0.8134780503742779,fasttext
91,0.05507529779426562,8,0.7388595394919402,fasttext
124,0.12159610582387528,8,0.7704403651277665,fasttext
100,0.0855255865646669,2,0.7616960512262982,fasttext
81,0.02277183521415068,8,0.5161002108783362,fasttext
149,0.07707536172581879,8,0.7700179652407244,fasttext
117,0.04716017473192901,8,0.7360058584290444,fasttext
133,0.11306649918596794,16,0.7688732446260748,fasttext
105,0.09067423403488183,8,0.8141092228615602,fasttext
113,0.06690421818757027,8,0.8141092228615602,fasttext
96,0.04841394049027254,8,0.6122748873565643,fasttext
107,0.13998164538256885,8,0.8134780503742779,fasttext
103,0.10582555803433413,8,0.8134780503742779,fasttext
90,0.02511327277534177,8,0.6299593819663485,fasttext
109,0.08328631299318737,8,0.8141092228615602,fasttext
99,0.012494576495429177,8,0.6313052123209566,fasttext
137,0.1631646738907392,8,0.7795828587310151,fasttext
143,0.06303616705193871,8,0.7760155724580453,fasttext
118,0.07173979760613745,8,0.8141092228615602,fasttext
129,0.12354113864077002,8,0.7704403651277665,fasttext
116,0.05620192200045492,8,0.8141092228615602,fasttext
124,0.03960640588413397,8,0.8141092228615602,fasttext
110,0.10808580164185219,4,0.8133457882060711,fasttext
95,0.09036070183254838,8,0.8141092228615602,fasttext
86,0.07521246697131598,8,0.7389392876794669,fasttext
104,0.13249747670490758,8,0.8134780503742779,fasttext
113,0.04073657250188238,2,0.7445091727360362,fasttext
101,0.19319667745539326,8,0.7795828587310151,fasttext
94,0.08451691002048325,8,0.8141092228615602,fasttext
97,0.09724950989877072,8,0.8134780503742779,fasttext
89,0.05940310321276274,8,0.7388595394919402,fasttext
107,0.11760156756408913,8,0.8134780503742779,fasttext
95,0.14553123476581636,8,0.8134780503742779,fasttext
121,0.09819591819418896,8,0.8134780503742779,fasttext
101,0.02811086190962529,16,0.6170821075456533,fasttext
112,0.3522504767776201,8,0.6989304267670973,fasttext
93,0.07385322780553713,8,0.8141092228615602,fasttext
117,0.05061680303302546,8,0.8141092228615602,fasttext
100,0.06536432690146923,8,0.8141092228615602,fasttext
104,0.08784088773093243,8,0.8141092228615602,fasttext
82,0.10881722423407313,8,0.8134780503742779,fasttext
107,0.010789681968173731,8,0.5329891687073821,fasttext
90,0.04262656535956999,8,0.6122256459957532,fasttext
98,0.06964228657116178,8,0.8141092228615602,fasttext
110,0.1304485644065513,8,0.8134780503742779,fasttext
102,0.0892847394842916,4,0.8133457882060711,fasttext
119,0.02977376829586041,8,0.6159480064471621,fasttext
86,0.05611693599717471,8,0.7389392876794669,fasttext
96,0.07831855973415548,8,0.8141092228615602,fasttext
91,0.10470884905209803,8,0.8134780503742779,fasttext
98,0.07455385681396309,8,0.8141092228615602,fasttext
106,0.5212290932187766,8,0.6794129850077443,fasttext
94,0.11528582494359504,8,0.8134780503742779,fasttext
126,0.05498816178553338,8,0.7767241257244367,fasttext
114,0.157089717793157,2,0.7616960512262982,fasttext
102,0.08937212078136712,8,0.8141092228615602,fasttext
44,0.035456468004995585,8,0.398920045122612,fasttext
110,0.06732519757708821,8,0.8141092228615602,fasttext
122,0.059959123909415414,8,0.8141092228615602,fasttext
116,0.0875195600386468,8,0.8141092228615602,fasttext
112,0.12705228240663255,8,0.8134780503742779,fasttext
98,0.04253788008262706,8,0.6208040859324427,fasttext
105,0.10405082898837634,8,0.8134780503742779,fasttext
92,0.07438437276518262,16,0.7744363171120684,fasttext
131,0.601426367374964,8,0.6794129850077443,fasttext
102,0.055607873639668,8,0.8141092228615602,fasttext
106,0.025569798558814298,8,0.6305300809884788,fasttext
88,0.09974645401045167,8,0.8134780503742779,fasttext
112,0.07967983038180895,8,0.8141092228615602,fasttext
115,0.06570066274951714,8,0.8141092228615602,fasttext
120,0.043002823550299926,8,0.7360050319004149,fasttext
97,0.11510042219672084,8,0.8134780503742779,fasttext
124,0.08719562633426486,8,0.7767241257244367,fasttext
108,0.2724170323630827,8,0.7795828587310151,fasttext
101,0.14001990115107243,8,0.8134780503742779,fasttext
118,0.010308580609461764,8,0.7427855248600447,fasttext
94,0.06814429972600046,8,0.8141092228615602,fasttext
108,0.09416250256440697,4,0.8133457882060711,fasttext
101,0.07971433364323945,8,0.8141092228615602,fasttext
194,0.05408353354213061,8,0.7760155724580453,fasttext
98,0.11627909233743468,8,0.8134780503742779,fasttext
111,0.0739314541254332,8,0.8141092228615602,fasttext
103,0.03663327691836378,8,0.7361705367003205,fasttext
94,0.22022412084946064,8,0.7795828587310151,fasttext
89,0.10339465636374195,2,0.6941333680890656,fasttext
115,0.17314598450920898,8,0.8134780503742779,fasttext
105,0.0551760758479633,8,0.8141092228615602,fasttext
97,0.09169615863182809,8,0.8141092228615602,fasttext
100,0.07399075209098567,8,0.8141092228615602,fasttext
95,0.09812619214244914,8,0.8134780503742779,fasttext
84,0.08312798611984745,8,0.7809661913715557,fasttext
128,0.12729907286108394,8,0.7704403651277665,fasttext
92,0.05029847832277046,8,0.7388595394919402,fasttext
103,0.027604772679094947,8,0.6305300809884788,fasttext
99,0.06525833639661004,8,0.8141092228615602,fasttext
108,0.11184055435239847,16,0.7744363171120684,fasttext
121,0.09303077819614083,8,0.8141092228615602,fasttext
