n_clusters,epsilon,umap_n_components,NMI,embedding
4,0.45030574040897076,2,0.0,BERT
4,0.44251848711668135,16,0.0,BERT
4,0.6371114458343411,16,0.0,BERT
4,0.7592592133659523,2,0.0,BERT
4,0.46578291677026756,16,0.0,BERT
4,0.5079315266021764,16,0.0,BERT
4,0.5122571326351477,16,0.0,BERT
4,0.8320326529088705,2,0.0,BERT
4,0.4820953929411743,2,0.0,BERT
4,0.4514690040018068,4,0.0,BERT
4,0.21700162874686585,8,0.0,BERT
4,0.2288928759552371,4,0.0,BERT
4,0.028500336533599735,8,0.0,BERT
4,0.9343461752869353,2,0.0,BERT
4,0.3259660112493268,16,0.0,BERT
4,0.665879835165681,2,0.0,BERT
4,0.3373432051005701,8,0.0,BERT
4,0.6423249268290573,4,0.0,BERT
4,0.5789801156457322,16,0.0,BERT
4,0.3725236425527379,2,0.0,BERT
4,0.7273397844365895,16,0.0,BERT
4,0.6180470002245845,16,0.0,BERT
4,0.5637655016939986,16,0.0,BERT
4,0.7140314014462914,16,0.0,BERT
4,0.5805362385506333,16,0.0,BERT
4,0.4185778512489182,2,0.0,BERT
4,0.6749980733339106,8,0.0,BERT
4,0.5419283326383422,4,0.0,BERT
4,0.41068916217207957,16,0.0,BERT
4,0.7933059890562152,2,0.0,BERT
4,0.5842480939939493,2,0.0,BERT
4,0.7709934435457297,2,0.0,BERT
4,0.5062989591398053,2,0.0,BERT
4,0.8576677937003971,16,0.0,BERT
4,0.7076930932566647,2,0.0,BERT
4,0.4904277018695203,16,0.0,BERT
4,0.638264620324404,2,0.0,BERT
4,0.4663728861832941,16,0.0,BERT
4,0.9972296256525214,2,0.0,BERT
4,0.5277847925182481,4,0.0,BERT
4,0.6092274916058831,16,0.0,BERT
4,0.449585292364835,16,0.0,BERT
4,0.5035914116625969,16,0.0,BERT
4,0.5347449002968998,8,0.0,BERT
4,0.4351066018903327,16,0.0,BERT
4,0.3791260662107888,2,0.0,BERT
4,0.29101437397540403,4,0.0,BERT
4,0.45017805051490484,8,0.0,BERT
4,0.5065091533665204,16,0.0,BERT
4,0.6029673330345776,2,0.0,BERT
4,0.6609784050415168,16,0.0,BERT
4,0.5533069656775261,16,0.0,BERT
4,0.474044682831756,16,0.0,BERT
4,0.3738562448404371,16,0.0,BERT
4,0.4076089143981763,16,0.0,BERT
4,0.5544598570177812,16,0.0,BERT
4,0.47307495578654496,2,0.0,BERT
4,0.3231057179486295,8,0.0,BERT
4,0.6408168244061277,4,0.0,BERT
4,0.6936072295263427,16,0.0,BERT
4,0.5653887129853192,2,0.0,BERT
4,0.5166494630551923,16,0.0,BERT
4,0.43017058104532924,16,0.0,BERT
4,0.5972893537936095,16,0.0,BERT
4,0.4841505742684222,16,0.0,BERT
4,0.4057298349385856,16,0.0,BERT
4,0.7404504846683269,2,0.0,BERT
4,0.5388148188099946,16,0.0,BERT
4,0.6223413231023525,2,0.0,BERT
4,0.4638410820416999,16,0.0,BERT
4,0.5687039762681221,4,0.0,BERT
4,0.8326320910495346,2,0.0,BERT
4,0.7568219036354209,2,0.0,BERT
4,0.7952030300071482,2,0.0,BERT
4,0.686100384344932,2,0.0,BERT
4,0.5104775591568256,8,0.0,BERT
4,0.7232326279305341,2,0.0,BERT
4,0.6609148942869915,16,0.0,BERT
4,0.43571490191443846,16,0.0,BERT
4,0.5864375546755556,2,0.0,BERT
4,0.492621690893193,16,0.0,BERT
4,0.5311672289544442,2,0.0,BERT
4,0.39461632310251565,2,0.0,BERT
4,0.45426301000323444,2,0.0,BERT
4,0.4892197101553304,2,0.0,BERT
4,0.4298705059371583,16,0.0,BERT
4,0.34657871648484073,4,0.0,BERT
4,0.5440266030406355,8,0.0,BERT
4,0.4595604551457907,2,0.0,BERT
4,0.5054205508255075,16,0.0,BERT
4,0.5709769493336552,2,0.0,BERT
4,0.41305702781159964,4,0.0,BERT
4,0.47875707550740393,4,0.0,BERT
4,0.5217945569080795,4,0.0,BERT
4,0.4403636750224597,4,0.0,BERT
4,0.6247429720656753,16,0.0,BERT
4,0.38754909104607244,16,0.0,BERT
4,0.4188156705493643,16,0.0,BERT
4,0.48843276937501834,2,0.0,BERT
4,0.4470226882572087,16,0.0,BERT
4,0.5951228273188903,4,0.0,BERT
4,0.17161214360449417,8,0.0,BERT
4,0.3568136857507338,8,0.0,BERT
4,0.559332983960521,8,0.0,BERT
4,0.47045096948224485,8,0.0,BERT
4,0.5218936216647088,2,0.0,BERT
4,0.3918641454969462,16,0.0,BERT
4,0.6615796781237553,8,0.0,BERT
4,0.7078209670710462,2,0.0,BERT
4,0.5458219744013766,16,0.0,BERT
4,0.5741477576286128,16,0.0,BERT
4,0.2301701428157245,4,0.0,BERT
4,0.5028903999551538,4,0.0,BERT
4,0.45594554971445045,4,0.0,BERT
4,0.42197599266449776,4,0.0,BERT
4,0.3661617845590991,2,0.0,BERT
4,0.4806990764557503,16,0.0,BERT
4,0.6016687132678807,2,0.0,BERT
4,0.32592036461798335,4,0.0,BERT
4,0.8999482642868513,16,0.0,BERT
4,0.6214813300722897,2,0.0,BERT
4,0.05224747655281782,8,0.0,BERT
4,0.398743985424234,8,0.0,BERT
4,0.4451759382717616,8,0.0,BERT
4,0.30210646053979084,8,0.0,BERT
4,0.36445087481393657,16,0.0,BERT
4,0.5258791575993335,8,0.0,BERT
4,0.5025525065625274,2,0.0,BERT
4,0.3766408152268681,16,0.0,BERT
4,0.42427966203380413,4,0.0,BERT
4,0.4671253358589821,2,0.0,BERT
4,0.6819924816661935,2,0.0,BERT
4,0.6437604932389847,2,0.0,BERT
4,0.7426228655039084,2,0.0,BERT
4,0.07475713704934843,2,0.0,BERT
4,0.27297324855693256,16,0.0,BERT
4,0.11761733190662509,2,0.0,BERT
4,0.1607936762587584,16,0.0,BERT
4,0.7980215734784752,8,0.0,BERT
4,0.022023205365418047,16,0.0,BERT
4,0.2388683585901456,4,0.0,BERT
4,0.35297026624599914,16,0.0,BERT
4,0.406597851764831,16,0.0,BERT
4,0.48848926761538,16,0.0,BERT
4,0.4515867827255094,16,0.0,BERT
4,0.3269854886569037,2,0.0,BERT
4,0.4332520836482046,16,0.0,BERT
4,0.9109760850412087,2,0.0,BERT
4,0.532564915884351,8,0.0,BERT
4,0.4668782247564831,16,0.0,BERT
4,0.3432683051288595,4,0.0,BERT
4,0.7718469503461421,2,0.0,BERT
4,0.7198080025439965,2,0.0,BERT
4,0.6914224585650598,2,0.0,BERT
4,0.5145700806272204,2,0.0,BERT
4,0.5458058260144211,2,0.0,BERT
4,0.37980240200563065,16,0.0,BERT
4,0.5746751850022445,2,0.0,BERT
4,0.7078726736444033,8,0.0,BERT
4,0.41476142707057984,16,0.0,BERT
4,0.2933773251497903,4,0.0,BERT
4,0.22815543329515112,8,0.0,BERT
4,0.27155031965606474,8,0.0,BERT
4,0.3973949146442288,8,0.0,BERT
4,0.4907499332609783,8,0.0,BERT
4,0.314812711045625,2,0.0,BERT
4,0.3398503994390985,16,0.0,BERT
4,0.4370113029761326,8,0.0,BERT
4,0.6662444114935875,2,0.0,BERT
4,0.20065256573141804,16,0.0,BERT
4,0.4625166550371787,4,0.0,BERT
4,0.6429252486353407,4,0.0,BERT
4,0.6063545505292647,4,0.0,BERT
4,0.27693382401990774,4,0.0,BERT
4,0.6229679705116434,4,0.0,BERT
4,0.30736964534953815,2,0.0,BERT
4,0.5044025451472893,16,0.0,BERT
4,0.2521935101715383,8,0.0,BERT
4,0.5875732010538356,16,0.0,BERT
4,0.6749704764656783,2,0.0,BERT
4,0.3663973847524968,4,0.0,BERT
4,0.20470541183579746,16,0.0,BERT
4,0.6429990691642866,16,0.0,BERT
4,0.2862815286859821,16,0.0,BERT
4,0.156017028795655,16,0.0,BERT
4,0.5570922645880821,16,0.0,BERT
4,0.10012853536357744,2,0.0,BERT
4,0.44284570659455824,16,0.0,BERT
4,0.4870822447315713,2,0.0,BERT
4,0.012440522730612368,8,0.0,BERT
4,0.12846576279826905,4,0.0,BERT
4,0.34133664366486816,2,0.0,BERT
4,0.319520102311344,2,0.0,BERT
4,0.8476457854047257,2,0.0,BERT
4,0.7311256299528351,2,0.0,BERT
4,0.38622954701601325,16,0.0,BERT
4,0.47272663674798976,2,0.0,BERT
4,0.4159610250899235,16,0.0,BERT
4,0.5209809277937183,8,0.0,BERT
4,0.29850945670936546,2,0.0,BERT
4,0.2807865087121286,4,0.0,word2vec
4,0.7560489578221816,2,0.0,word2vec
4,0.79722538150518,2,0.0,word2vec
4,0.4277388518415399,4,0.0,word2vec
4,0.09097010420263926,8,0.0,word2vec
4,0.5219607791011466,16,0.0,word2vec
4,0.2827819863538748,8,0.0,word2vec
4,0.6616855370627324,2,0.0,word2vec
4,0.9936855136471535,8,0.0,word2vec
4,0.7130962484355857,8,0.0,word2vec
4,0.04701982029510099,4,0.0,word2vec
4,0.29628340329854475,4,0.0,word2vec
4,0.5595020295200774,2,0.0,word2vec
4,0.8585626980515507,16,0.0,word2vec
4,0.36544144013050245,4,0.0,word2vec
4,0.2085282261280379,2,0.0,word2vec
4,0.47126681928180714,4,0.0,word2vec
4,0.5616886069396838,2,0.0,word2vec
4,0.1636050099892307,16,0.0,word2vec
4,0.3828797341178954,2,0.0,word2vec
4,0.6212246755412186,4,0.0,word2vec
4,0.7782432684110185,2,0.0,word2vec
4,0.8213214936663272,2,0.0,word2vec
4,0.6980876630189664,2,0.0,word2vec
4,0.9110872422305477,2,0.0,word2vec
4,0.7505979515085675,2,0.0,word2vec
4,0.6315252495874724,4,0.0,word2vec
4,0.7926421923210961,16,0.0,word2vec
4,0.8706526440663918,2,0.0,word2vec
4,0.44896942121686534,4,0.0,word2vec
4,0.7342515406270402,4,0.0,word2vec
4,0.42204713562866947,4,0.0,word2vec
4,0.500868587824497,4,0.0,word2vec
4,0.5459714955468169,8,0.0,word2vec
4,0.3204344369334189,4,0.0,word2vec
4,0.25617532956135636,16,0.0,word2vec
4,0.6502012307351919,8,0.0,word2vec
4,0.9843581501266204,2,0.0,word2vec
4,0.12832180398942145,4,0.0,word2vec
4,0.41576539399409296,8,0.0,word2vec
4,0.5932588768562496,2,0.0,word2vec
4,0.10434166450405036,8,0.0,word2vec
4,0.02174300218975289,8,0.0,word2vec
4,0.2430739613333409,8,0.0,word2vec
4,0.3227110258159134,8,0.0,word2vec
4,0.4854687541072019,4,0.0,word2vec
4,0.20201120125559624,2,0.0,word2vec
4,0.3715764732612169,16,0.0,word2vec
4,0.07710431395742012,4,0.0,word2vec
4,0.6915921498940113,8,0.0,word2vec
4,0.061514507362848775,2,0.0,word2vec
4,0.5241879606568758,16,0.0,word2vec
4,0.59403360555787,16,0.0,word2vec
4,0.29692215518747084,16,0.0,word2vec
4,0.6702742736751851,16,0.0,word2vec
4,0.46086818702648613,2,0.0,word2vec
4,0.18143151033826566,4,0.0,word2vec
4,0.13525862690746507,2,0.0,word2vec
4,0.33969656091621314,4,0.0,word2vec
4,0.2539106629752552,16,0.0,word2vec
4,0.7346963211130312,2,0.0,word2vec
4,0.40271741177310477,8,0.0,word2vec
4,0.3686924748612118,8,0.0,word2vec
4,0.44205068921435187,8,0.0,word2vec
4,0.5001996507699545,4,0.0,word2vec
4,0.21909188131648494,8,0.0,word2vec
4,0.282441063899944,2,0.0,word2vec
4,0.3909118802781981,4,0.0,word2vec
4,0.3503873028109613,8,0.0,word2vec
4,0.16174655332036864,2,0.0,word2vec
4,0.5353739354104797,16,0.0,word2vec
4,0.7788126495599245,2,0.0,word2vec
4,0.756749272225604,2,0.0,word2vec
4,0.7148058492231499,2,0.0,word2vec
4,0.47293584882283535,4,0.0,word2vec
4,0.8197979191289438,2,0.0,word2vec
4,0.43461999500743664,8,0.0,word2vec
4,0.5717876234438592,4,0.0,word2vec
4,0.6291379584121098,2,0.0,word2vec
4,0.5206999843137458,8,0.0,word2vec
4,0.29391573089733747,2,0.0,word2vec
4,0.8540649338954517,8,0.0,word2vec
4,0.9543443330688023,8,0.0,word2vec
4,0.6503976569752502,8,0.0,word2vec
4,0.903578804371644,16,0.0,word2vec
4,0.7968222027002192,4,0.0,word2vec
4,0.711696939374143,8,0.0,word2vec
4,0.40574281387142586,2,0.0,word2vec
4,0.6012073411255593,4,0.0,word2vec
4,0.5570741957939287,8,0.0,word2vec
4,0.6860840052883451,16,0.0,word2vec
4,0.6559251127916078,8,0.0,word2vec
4,0.7421399235767792,8,0.0,word2vec
4,0.7658787643240588,8,0.0,word2vec
4,0.7150471802998231,8,0.0,word2vec
4,0.42867940727838155,2,0.0,word2vec
4,0.38214696661367975,4,0.0,word2vec
4,0.6800270546045506,8,0.0,word2vec
4,0.9962090116671752,16,0.0,word2vec
4,0.33572831038441725,2,0.0,word2vec
4,0.6128207201543002,8,0.0,word2vec
4,0.02251996277109733,4,0.0,word2vec
4,0.45836948872784733,4,0.0,word2vec
4,0.07919160384486384,4,0.0,word2vec
4,0.35686077124372617,4,0.0,word2vec
4,0.2325146706888855,4,0.0,word2vec
4,0.1956409095597188,2,0.0,word2vec
4,0.7306637227256543,4,0.0,word2vec
4,0.5017763788493425,8,0.0,word2vec
4,0.2620712662049701,16,0.0,word2vec
4,0.6670683955280994,2,0.0,word2vec
4,0.3000350153989647,4,0.0,word2vec
4,0.27277340989926896,4,0.0,word2vec
4,0.32810168250621935,4,0.0,word2vec
4,0.48205668347550146,4,0.0,word2vec
4,0.31544772525583153,8,0.0,word2vec
4,0.5761223808535612,2,0.0,word2vec
4,0.2308145851783026,4,0.0,word2vec
4,0.6291150810337074,8,0.0,word2vec
4,0.7963509609008035,16,0.0,word2vec
4,0.3690535273741694,2,0.0,word2vec
4,0.5570608131002887,2,0.0,word2vec
4,0.14677943904873572,2,0.0,word2vec
4,0.5307093287338993,2,0.0,word2vec
4,0.1090766711489373,2,0.0,word2vec
4,0.17143795218211938,4,0.0,word2vec
4,0.6427307597424923,8,0.0,word2vec
4,0.6985936332744797,2,0.0,word2vec
4,0.45018100756961704,8,0.0,word2vec
4,0.7598483869942152,4,0.0,word2vec
4,0.24600548906923317,16,0.0,word2vec
4,0.82522442865128,16,0.0,word2vec
4,0.21065866051811494,16,0.0,word2vec
4,0.9465935607868581,16,0.0,word2vec
4,0.3952996873668263,16,0.0,word2vec
4,0.4143166500764519,2,0.0,word2vec
4,0.8716942552352005,8,0.0,word2vec
4,0.1904047624523802,4,0.0,word2vec
4,0.5133463779242142,2,0.0,word2vec
4,0.2809682977725326,8,0.0,word2vec
4,0.7728022875349624,4,0.0,word2vec
4,0.3005212341772714,4,0.0,word2vec
4,0.3499696321457848,4,0.0,word2vec
4,0.473631686656174,4,0.0,word2vec
4,0.7494550020628976,4,0.0,word2vec
4,0.03786254980295494,16,0.0,word2vec
4,0.42845925458852974,8,0.0,word2vec
4,0.4934246849505423,2,0.0,word2vec
4,0.3174584532237913,4,0.0,word2vec
4,0.2678354040797999,8,0.0,word2vec
4,0.7312007121992441,2,0.0,word2vec
4,0.2394052002281163,2,0.0,word2vec
4,0.7939954075318995,2,0.0,word2vec
4,0.21462215183867378,2,0.0,word2vec
4,0.2594495167840472,2,0.0,word2vec
4,0.010164292744583213,4,0.0,word2vec
4,0.06779262526006119,16,0.0,word2vec
4,0.8146552122869917,8,0.0,word2vec
4,0.12105294150384277,2,0.0,word2vec
4,0.15233660689523784,4,0.0,word2vec
4,0.34141516862653115,2,0.0,word2vec
4,0.09267523568478289,4,0.0,word2vec
4,0.9743023038656239,4,0.0,word2vec
4,0.37868106800867857,4,0.0,word2vec
4,0.5369028400232992,4,0.0,word2vec
4,0.049049478876257525,8,0.0,word2vec
4,0.7045070187895686,4,0.0,word2vec
4,0.9118366663732803,16,0.0,word2vec
4,0.4442424975702707,2,0.0,word2vec
4,0.7760865796012651,8,0.0,word2vec
4,0.6770364382750567,4,0.0,word2vec
4,0.5965689999624374,2,0.0,word2vec
4,0.5156397748510383,2,0.0,word2vec
4,0.5471887012739091,2,0.0,word2vec
4,0.46221215426149453,2,0.0,word2vec
4,0.5680170971970405,2,0.0,word2vec
4,0.6162243849877823,4,0.0,word2vec
4,0.7433282669457943,8,0.0,word2vec
4,0.30041428651716506,16,0.0,word2vec
4,0.1816609980235837,2,0.0,word2vec
4,0.2786971842477865,4,0.0,word2vec
4,0.14091445284312287,16,0.0,word2vec
4,0.49247594140106565,16,0.0,word2vec
4,0.1150656976324502,16,0.0,word2vec
4,0.581110553243123,16,0.0,word2vec
4,0.8487954049338868,8,0.0,word2vec
4,0.1964293799606675,2,0.0,word2vec
4,0.16015258694661252,4,0.0,word2vec
4,0.09020310658471568,16,0.0,word2vec
4,0.7586723802033835,8,0.0,word2vec
4,0.4125869118852645,2,0.0,word2vec
4,0.7273119869299233,2,0.0,word2vec
4,0.35670489232711,2,0.0,word2vec
4,0.32677949418940644,2,0.0,word2vec
4,0.38216597567601335,2,0.0,word2vec
4,0.22688081596623716,4,0.0,word2vec
4,0.7022804158775793,8,0.0,word2vec
4,0.3958592349244665,2,0.0,word2vec
4,0.061027634484715626,4,0.0,word2vec
4,0.24996533972908022,16,0.0,word2vec
4,0.52116795019877,8,0.0,tfidf
4,0.9308205838826258,16,0.0,tfidf
4,0.29607876828346497,8,0.0,tfidf
4,0.7096671563507566,16,0.0,tfidf
4,0.7033219799398818,16,0.0,tfidf
4,0.15232716876802926,8,0.0,tfidf
4,0.5111737197602232,2,0.0,tfidf
4,0.6246503353071386,2,0.0,tfidf
4,0.9713791570504446,2,0.0,tfidf
4,0.06562354471959181,16,0.0,tfidf
4,0.30488979616422796,4,0.0,tfidf
4,0.9887122786330644,8,0.0,tfidf
4,0.8378236609474935,4,0.0,tfidf
4,0.5359245241465103,16,0.0,tfidf
4,0.8531632207618185,8,0.0,tfidf
4,0.3598631708804285,16,0.0,tfidf
4,0.41046816730283453,8,0.0,tfidf
4,0.6222331158099765,4,0.0,tfidf
4,0.8154056775957459,16,0.0,tfidf
4,0.4428557940086497,8,0.0,tfidf
4,0.22436170811062833,16,0.0,tfidf
4,0.2674031807344842,8,0.0,tfidf
4,0.3685965425696207,8,0.0,tfidf
4,0.48867131896049704,8,0.0,tfidf
4,0.14355650753666904,8,0.0,tfidf
4,0.326777457666962,8,0.0,tfidf
4,0.24038169793695846,2,0.0,tfidf
4,0.43882965675426083,4,0.0,tfidf
4,0.5890521450359253,8,0.0,tfidf
4,0.7049656524009786,16,0.0,tfidf
4,0.5684394907518796,16,0.0,tfidf
4,0.697558954860511,16,0.0,tfidf
4,0.7214134546807744,16,0.0,tfidf
4,0.9018142510881834,16,0.0,tfidf
4,0.7595123833838157,16,0.0,tfidf
4,0.9167780962076152,2,0.0,tfidf
4,0.652590341885396,8,0.0,tfidf
4,0.5028091904415579,2,0.0,tfidf
4,0.636592994004044,16,0.0,tfidf
4,0.7633089686130186,8,0.0,tfidf
4,0.9830106268535477,4,0.0,tfidf
4,0.5620201079253666,16,0.0,tfidf
4,0.7947790555380011,16,0.0,tfidf
4,0.8755252310290343,16,0.0,tfidf
4,0.9362162912713153,16,0.0,tfidf
4,0.8521233691222384,2,0.0,tfidf
4,0.666625141549165,8,0.0,tfidf
4,0.8247413954090909,16,0.0,tfidf
4,0.5253664556492348,4,0.0,tfidf
4,0.5897232955918281,16,0.0,tfidf
4,0.7799059806528674,8,0.0,tfidf
4,0.06348160216711018,8,0.0,tfidf
4,0.9987835051803955,8,0.0,tfidf
4,0.010655656317781592,8,0.0,tfidf
4,0.1854226074993564,8,0.0,tfidf
4,0.6104278080559838,8,0.0,tfidf
4,0.4730892513444479,16,0.0,tfidf
4,0.3698096538804456,8,0.0,tfidf
4,0.3095952589897558,4,0.0,tfidf
4,0.738724397498096,16,0.0,tfidf
4,0.6611091560842972,8,0.0,tfidf
4,0.536897762018595,2,0.0,tfidf
4,0.27733033604237955,2,0.0,tfidf
4,0.41902873655120765,2,0.0,tfidf
4,0.4579627644571155,2,0.0,tfidf
4,0.49386299559740493,16,0.0,tfidf
4,0.8071989448364372,2,0.0,tfidf
4,0.6808481949183829,8,0.0,tfidf
4,0.6219904065144084,16,0.0,tfidf
4,0.3846968672401825,8,0.0,tfidf
4,0.7281158452673222,4,0.0,tfidf
4,0.54865513242664,2,0.0,tfidf
4,0.7020301154778779,2,0.0,tfidf
4,0.645378699149825,2,0.0,tfidf
4,0.5192157102290599,2,0.0,tfidf
4,0.5977413794828491,16,0.0,tfidf
4,0.5668593304808736,16,0.0,tfidf
4,0.6280491217594019,8,0.0,tfidf
4,0.9506219486379034,2,0.0,tfidf
4,0.4782898552136947,16,0.0,tfidf
4,0.5159669131776027,8,0.0,tfidf
4,0.8768683388026329,2,0.0,tfidf
4,0.684123251307104,2,0.0,tfidf
4,0.8216922317752573,2,0.0,tfidf
4,0.9676960548014856,2,0.0,tfidf
4,0.756322096448676,16,0.0,tfidf
4,0.5826338931148547,8,0.0,tfidf
4,0.9291622646522805,4,0.0,tfidf
4,0.9773873928548409,16,0.0,tfidf
4,0.544408365593372,8,0.0,tfidf
4,0.7130882587003775,2,0.0,tfidf
4,0.9044254785851408,16,0.0,tfidf
4,0.11223919390590058,16,0.0,tfidf
4,0.4519622786346208,16,0.0,tfidf
4,0.33828332574216113,16,0.0,tfidf
4,0.5020020102020172,8,0.0,tfidf
4,0.7817444409445574,16,0.0,tfidf
4,0.61237476758021,16,0.0,tfidf
4,0.8359836676091644,8,0.0,tfidf
4,0.2069990573596993,2,0.0,tfidf
4,0.6642795004083898,16,0.0,tfidf
4,0.2789836983164529,4,0.0,tfidf
4,0.40128752662387235,8,0.0,tfidf
4,0.13783777723689464,4,0.0,tfidf
4,0.4294661079914293,4,0.0,tfidf
4,0.2415881946686081,4,0.0,tfidf
4,0.47340098842993694,4,0.0,tfidf
4,0.6364822694439505,2,0.0,tfidf
4,0.7340258599646752,16,0.0,tfidf
4,0.4047546544716056,8,0.0,tfidf
4,0.44174851500254275,2,0.0,tfidf
4,0.9940071941014034,8,0.0,tfidf
4,0.9546965846832701,8,0.0,tfidf
4,0.9634843169639824,8,0.0,tfidf
4,0.9999291324285887,8,0.0,tfidf
4,0.9304961627367556,16,0.0,tfidf
4,0.8909980298400983,8,0.0,tfidf
4,0.8586772484514034,2,0.0,tfidf
4,0.5579640499660206,16,0.0,tfidf
4,0.5364636777108458,8,0.0,tfidf
4,0.9472434416999316,4,0.0,tfidf
4,0.9230258974216159,4,0.0,tfidf
4,0.9092929305284976,4,0.0,tfidf
4,0.68717913616788,4,0.0,tfidf
4,0.06750082066861157,2,0.0,tfidf
4,0.5812187838221706,16,0.0,tfidf
4,0.7078250364891766,4,0.0,tfidf
4,0.6020305569971548,8,0.0,tfidf
4,0.9696222568672576,2,0.0,tfidf
4,0.8065419535878552,16,0.0,tfidf
4,0.18170034561742893,8,0.0,tfidf
4,0.5078935079159768,16,0.0,tfidf
4,0.4954363830445311,16,0.0,tfidf
4,0.5324148958409066,16,0.0,tfidf
4,0.3461569467078095,16,0.0,tfidf
4,0.573397508442594,16,0.0,tfidf
4,0.618409624477301,2,0.0,tfidf
4,0.663034260008728,4,0.0,tfidf
4,0.30448913362359387,8,0.0,tfidf
4,0.6463922750129786,16,0.0,tfidf
4,0.45859990012530455,2,0.0,tfidf
4,0.7964593190573206,8,0.0,tfidf
4,0.879997157650165,8,0.0,tfidf
4,0.7485925138948855,8,0.0,tfidf
4,0.7670786948202579,8,0.0,tfidf
4,0.8384139038297073,8,0.0,tfidf
4,0.9346644871181868,16,0.0,tfidf
4,0.9790289787062276,8,0.0,tfidf
4,0.8662416353428548,4,0.0,tfidf
4,0.5555034844068072,2,0.0,tfidf
4,0.9055656163425092,16,0.0,tfidf
4,0.24249163457461456,16,0.0,tfidf
4,0.5193434519437826,16,0.0,tfidf
4,0.29893329717854705,16,0.0,tfidf
4,0.7312624309698982,16,0.0,tfidf
4,0.3765829603247953,8,0.0,tfidf
4,0.3547166347236744,16,0.0,tfidf
4,0.48337505384204066,2,0.0,tfidf
4,0.9463988807334187,4,0.0,tfidf
4,0.8486776144984394,8,0.0,tfidf
4,0.3260634588635235,16,0.0,tfidf
4,0.779259254262724,8,0.0,tfidf
4,0.4019617467123183,8,0.0,tfidf
4,0.367772550892873,8,0.0,tfidf
4,0.2779656592090595,8,0.0,tfidf
4,0.32489597997291964,2,0.0,tfidf
4,0.4165586171285546,8,0.0,tfidf
4,0.8903397205729433,16,0.0,tfidf
4,0.5888085430393831,4,0.0,tfidf
4,0.7208433889204416,16,0.0,tfidf
4,0.25790601845853417,8,0.0,tfidf
4,0.622928209721434,4,0.0,tfidf
4,0.6808949248869932,4,0.0,tfidf
4,0.8251976141258512,4,0.0,tfidf
4,0.7029856112975522,4,0.0,tfidf
4,0.6445520601051213,2,0.0,tfidf
4,0.5633764737940696,16,0.0,tfidf
4,0.5416536320682538,8,0.0,tfidf
4,0.978838702157265,4,0.0,tfidf
4,0.44216239230217075,2,0.0,tfidf
4,0.6011610441852787,16,0.0,tfidf
4,0.8042774741863834,16,0.0,tfidf
4,0.8597421055558362,16,0.0,tfidf
4,0.7547623830886189,16,0.0,tfidf
4,0.8244175640348665,16,0.0,tfidf
4,0.5194009516193214,8,0.0,tfidf
4,0.4883489600600348,16,0.0,tfidf
4,0.09438804090714475,8,0.0,tfidf
4,0.21247515790505955,2,0.0,tfidf
4,0.9198625965790851,4,0.0,tfidf
4,0.2934731485104967,16,0.0,tfidf
4,0.4236993950435555,8,0.0,tfidf
4,0.38844502893519145,8,0.0,tfidf
4,0.45918213819551346,8,0.0,tfidf
4,0.5049314414075304,8,0.0,tfidf
4,0.03662512611477926,8,0.0,tfidf
4,0.1559894919379941,16,0.0,tfidf
4,0.9538483222785915,8,0.0,tfidf
4,0.35666711444473204,2,0.0,tfidf
4,0.7898371154800687,4,0.0,tfidf
4,0.7613031172300625,4,0.0,fasttext
4,0.07100429120859575,2,0.0,fasttext
4,0.2525718030528322,4,0.0,fasttext
4,0.398822860792883,8,0.0,fasttext
4,0.2870456800863877,16,0.0,fasttext
4,0.19414123320296375,8,0.0,fasttext
4,0.3327256443463791,8,0.0,fasttext
4,0.7226611904537067,2,0.0,fasttext
4,0.41273550865269093,8,0.0,fasttext
4,0.0495543005338102,4,0.0,fasttext
4,0.9727721847307415,4,0.0,fasttext
4,0.6373301805796552,2,0.0,fasttext
4,0.04960746578565223,2,0.0,fasttext
4,0.5813816633112417,16,0.0,fasttext
4,0.7957694324929951,4,0.0,fasttext
4,0.5131245654515554,2,0.0,fasttext
4,0.4727271592279559,2,0.0,fasttext
4,0.17755404604275787,4,0.0,fasttext
4,0.7942533027472061,16,0.0,fasttext
4,0.11682876170785428,4,0.0,fasttext
4,0.03316017542743488,2,0.0,fasttext
4,0.2578414259543752,4,0.0,fasttext
4,0.1847096848187952,4,0.0,fasttext
4,0.13073435304022044,4,0.0,fasttext
4,0.2621802695899916,4,0.0,fasttext
4,0.35450799751235584,4,0.0,fasttext
4,0.015771818638866092,2,0.0,fasttext
4,0.22971456494402734,16,0.0,fasttext
4,0.1096102417649159,4,0.0,fasttext
4,0.3552901737897795,8,0.0,fasttext
4,0.4296687429445915,2,0.0,fasttext
4,0.2934780579160962,8,0.0,fasttext
4,0.3045060300019131,8,0.0,fasttext
4,0.20680328149685462,8,0.0,fasttext
4,0.39196054773500455,8,0.0,fasttext
4,0.3266311970225537,16,0.0,fasttext
4,0.2527420467656226,8,0.0,fasttext
4,0.44101470261624737,4,0.0,fasttext
4,0.510606549763824,8,0.0,fasttext
4,0.38286693395949273,2,0.0,fasttext
4,0.3063114480386546,4,0.0,fasttext
4,0.15584944564494402,16,0.0,fasttext
4,0.09225461709365884,16,0.0,fasttext
4,0.20722312509297708,16,0.0,fasttext
4,0.5460309152675089,16,0.0,fasttext
4,0.44935985044932497,2,0.0,fasttext
4,0.6136578709853749,4,0.0,fasttext
4,0.3672287955086698,2,0.0,fasttext
4,0.07014559301313439,16,0.0,fasttext
4,0.15261399699850442,8,0.0,fasttext
4,0.4033032095140347,4,0.0,fasttext
4,0.1736205082211017,8,0.0,fasttext
4,0.060386899382683934,8,0.0,fasttext
4,0.2681570746741832,8,0.0,fasttext
4,0.9541347159527416,2,0.0,fasttext
4,0.12557091210347288,4,0.0,fasttext
4,0.23261003023390814,8,0.0,fasttext
4,0.6887375858236341,4,0.0,fasttext
4,0.3443890728940029,2,0.0,fasttext
4,0.4870928509838044,16,0.0,fasttext
4,0.2015806012648748,4,0.0,fasttext
4,0.27663569855509273,8,0.0,fasttext
4,0.3417273614108276,8,0.0,fasttext
4,0.3002068561702733,8,0.0,fasttext
4,0.40442152117822805,8,0.0,fasttext
4,0.2513231370012472,8,0.0,fasttext
4,0.015585550037511567,4,0.0,fasttext
4,0.2252171919763982,2,0.0,fasttext
4,0.32714589812661143,8,0.0,fasttext
4,0.3810868004540767,4,0.0,fasttext
4,0.08908452946908654,16,0.0,fasttext
4,0.1735439628677853,2,0.0,fasttext
4,0.2852305289893394,2,0.0,fasttext
4,0.31954920411677523,2,0.0,fasttext
4,0.13561993655747442,2,0.0,fasttext
4,0.36228874656987103,2,0.0,fasttext
4,0.43712968242717465,8,0.0,fasttext
4,0.2440030988121505,4,0.0,fasttext
4,0.2013008487281282,16,0.0,fasttext
4,0.03825050596268548,8,0.0,fasttext
4,0.2852814834331944,4,0.0,fasttext
4,0.40528515888662664,8,0.0,fasttext
4,0.3149712851034514,8,0.0,fasttext
4,0.4894057316360264,8,0.0,fasttext
4,0.42254122382230097,8,0.0,fasttext
4,0.4619147584127586,2,0.0,fasttext
4,0.3448823885530737,16,0.0,fasttext
4,0.37604011442093344,8,0.0,fasttext
4,0.25707130355454816,4,0.0,fasttext
4,0.22252583495576697,2,0.0,fasttext
4,0.7478710965524579,8,0.0,fasttext
4,0.08430816466949063,4,0.0,fasttext
4,0.10492918703119641,4,0.0,fasttext
4,0.05774816629991705,4,0.0,fasttext
4,0.040263502944925034,4,0.0,fasttext
4,0.11374791331539802,16,0.0,fasttext
4,0.015390596948855445,4,0.0,fasttext
4,0.14022867746754142,8,0.0,fasttext
4,0.17624929371274142,2,0.0,fasttext
4,0.30260536245395203,4,0.0,fasttext
4,0.27216962273430206,8,0.0,fasttext
4,0.8691705567254512,4,0.0,fasttext
4,0.9856169452923856,4,0.0,fasttext
4,0.533825117455869,4,0.0,fasttext
4,0.6588483045484252,4,0.0,fasttext
4,0.8713395107640431,16,0.0,fasttext
4,0.569474608062891,2,0.0,fasttext
4,0.46784069794563843,8,0.0,fasttext
4,0.3310368067662196,4,0.0,fasttext
4,0.3526896996797984,8,0.0,fasttext
4,0.3867497587629041,4,0.0,fasttext
4,0.6100945914574719,2,0.0,fasttext
4,0.734879415196584,2,0.0,fasttext
4,0.07821524308127245,2,0.0,fasttext
4,0.06245749150976021,2,0.0,fasttext
4,0.2991947813244882,16,0.0,fasttext
4,0.6751960205401202,2,0.0,fasttext
4,0.4237206255963092,8,0.0,fasttext
4,0.36373909491781575,2,0.0,fasttext
4,0.10242710079401254,8,0.0,fasttext
4,0.1562959493423849,4,0.0,fasttext
4,0.03980688545731391,2,0.0,fasttext
4,0.115118798078508,2,0.0,fasttext
4,0.26500125553194387,2,0.0,fasttext
4,0.7913061806354474,2,0.0,fasttext
4,0.22884024694768973,16,0.0,fasttext
4,0.056312899834376526,8,0.0,fasttext
4,0.0888426569949379,4,0.0,fasttext
4,0.45040925892538974,2,0.0,fasttext
4,0.010455658235550176,8,0.0,fasttext
4,0.20032937677578905,4,0.0,fasttext
4,0.2802268825854838,16,0.0,fasttext
4,0.644179055909921,16,0.0,fasttext
4,0.6044854666653857,16,0.0,fasttext
4,0.49612854847984905,16,0.0,fasttext
4,0.5255983833762278,8,0.0,fasttext
4,0.567908873978132,2,0.0,fasttext
4,0.32493029774555315,4,0.0,fasttext
4,0.7193910220266281,16,0.0,fasttext
4,0.24452727592588244,8,0.0,fasttext
4,0.033819950446729086,4,0.0,fasttext
4,0.7742539086780512,4,0.0,fasttext
4,0.8304712968909128,4,0.0,fasttext
4,0.7486769963758034,4,0.0,fasttext
4,0.7202083903313647,4,0.0,fasttext
4,0.7095790814834658,2,0.0,fasttext
4,0.9339983549340491,8,0.0,fasttext
4,0.7018819955423881,4,0.0,fasttext
4,0.6415037429353616,16,0.0,fasttext
4,0.6772932588069425,2,0.0,fasttext
4,0.2937462711471722,8,0.0,fasttext
4,0.5169555744111342,2,0.0,fasttext
4,0.4834063090909246,2,0.0,fasttext
4,0.4015922115488691,2,0.0,fasttext
4,0.5887784430358673,2,0.0,fasttext
4,0.1298919311025501,4,0.0,fasttext
4,0.7599750558078462,2,0.0,fasttext
4,0.8007419797324375,8,0.0,fasttext
4,0.07040398390552181,4,0.0,fasttext
4,0.5528748542121998,2,0.0,fasttext
4,0.6271509323289219,16,0.0,fasttext
4,0.4578965817977858,2,0.0,fasttext
4,0.4306023214593194,2,0.0,fasttext
4,0.3701167768264868,2,0.0,fasttext
4,0.41208097953990686,2,0.0,fasttext
4,0.6667965907663798,8,0.0,fasttext
4,0.5390164651120903,4,0.0,fasttext
4,0.5055318117836243,2,0.0,fasttext
4,0.6999187553381869,4,0.0,fasttext
4,0.6885005583943662,8,0.0,fasttext
4,0.7329375105170489,16,0.0,fasttext
4,0.21412864505603144,4,0.0,fasttext
4,0.17348529772285068,4,0.0,fasttext
4,0.4772833907775835,4,0.0,fasttext
4,0.24606627012699311,4,0.0,fasttext
4,0.5827750232673637,2,0.0,fasttext
4,0.1522078776422225,4,0.0,fasttext
4,0.4501956965472037,8,0.0,fasttext
4,0.10068759120952991,2,0.0,fasttext
4,0.5086662117433864,4,0.0,fasttext
4,0.05072189280384085,16,0.0,fasttext
4,0.8319402871108985,16,0.0,fasttext
4,0.7681178221949864,16,0.0,fasttext
4,0.18999712080908962,16,0.0,fasttext
4,0.3425936891305627,16,0.0,fasttext
4,0.2624477671886732,8,0.0,fasttext
4,0.7932832473400889,2,0.0,fasttext
4,0.31370960077856314,4,0.0,fasttext
4,0.029464772025702107,8,0.0,fasttext
4,0.38259210494164864,2,0.0,fasttext
4,0.0756711210967295,4,0.0,fasttext
4,0.7399348292775898,4,0.0,fasttext
4,0.6036660930741723,4,0.0,fasttext
4,0.6488210646896626,4,0.0,fasttext
4,0.5509181900182418,4,0.0,fasttext
4,0.628878141566483,16,0.0,fasttext
4,0.43160824755907223,2,0.0,fasttext
4,0.7621379079592822,4,0.0,fasttext
4,0.11713884363195395,8,0.0,fasttext
4,0.5213849492669188,2,0.0,fasttext
